site_id,rinex_id,name_en,name_jp,site_class,lat_deg,lon_deg,height_m,x_m,y_m,z_m,coordinate_frame,ellipsoid,soft_name,ephemeris,solution_id,version,history_id,epoch_start,epoch_end,epoch_count,first_date,n_data_rows,source_file
000841,0841,HIEKAWATOUGE-A,冷川峠Ａ,GSI,34.9497569,139.0699046,411.1464,-3954305.4546,3428964.0565,3633535.1065,ITRF2020,GRS80,Bernese,IGS,F5.1(GPS),00,2020-01,2020/01/01 12:00:00,2020/12/31 12:00:00,366,2020-01-01,366,000841.20.pos.gz
000842,0842,OKABE-A,岡部Ａ,GSI,34.9543466,138.2499011,105.0150,-3904422.8200,3484842.7056,3633777.0787,ITRF2020,GRS80,Bernese,IGS,F5.1(GPS),00,2020-01,2020/01/01 12:00:00,2020/12/31 12:00:00,366,2020-01-01,366,000842.20.pos.gz
000843,0843,OKAYAMAKAMO-A,岡山加茂Ａ,GSI,35.1748865,134.0495487,270.0134,-3629011.1947,3751453.2902,3653898.8704,ITRF2020,GRS80,Bernese,IGS,F5.1(GPS),00,2020-01,2020/01/01 12:00:00,2020/12/31 12:00:00,366,2020-01-01,366,000843.20.pos.gz
00R015,R015,R-OOMACHI3,Ｒ大町３,OTHER_R,36.5591243,137.7208241,1481.1381,-3795914.5165,3451495.3779,3779088.8457,ITRF2020,GRS80,Bernese,IGS,F5.1(GPS),00,2020-01,2020/01/01 12:00:00,2020/12/31 12:00:00,366,2020-01-01,358,00R015.20.pos.gz
00R019,R019,R-MATSUMOTO,Ｒ松本,OTHER_R,36.2008200,138.0591792,1027.6228,-3833504.3617,3444539.8849,3746803.0719,ITRF2020,GRS80,Bernese,IGS,F5.1(GPS),00,2020-01,2020/01/01 12:00:00,2020/12/31 12:00:00,366,2020-01-01,366,00R019.20.pos.gz
010844,0844,AOMORI-A,青森Ａ,GSI,40.8343995,140.8105463,47.7857,-3745614.8652,3053701.0659,4148557.6771,ITRF2020,GRS80,Bernese,IGS,F5.1(GPS),00,2020-01,2020/01/01 12:00:00,2020/12/31 12:00:00,366,2020-01-01,366,010844.20.pos.gz
010845,0845,KOHRIYAMA1-A,福島郡山１Ａ,GSI,37.3618212,140.3244175,293.9958,-3906822.5167,3240694.9966,3849564.4909,ITRF2020,GRS80,Bernese,IGS,F5.1(GPS),00,2020-01,2020/01/01 12:00:00,2020/12/31 12:00:00,366,2020-01-01,366,010845.20.pos.gz
010846,0846,KOUCHIOOKAWA-A,高知大川Ａ,GSI,33.8183574,133.4618040,938.8064,-3649346.3787,3850746.6506,3530247.8432,ITRF2020,GRS80,Bernese,IGS,F5.1(GPS),00,2020-01,2020/01/01 12:00:00,2020/12/31 12:00:00,366,2020-01-01,366,010846.20.pos.gz
020847,0847,MISAKUBO-A,水窪A,GSI,35.1604509,137.8687647,335.5632,-3871554.5217,3502053.6402,3652627.3601,ITRF2020,GRS80,Bernese,IGS,F5.1(GPS),00,2020-01,2020/01/01 12:00:00,2020/12/31 12:00:00,366,2020-01-01,366,020847.20.pos.gz
020848,0848,WAKKANAI3,稚内３,GSI,45.5141127,141.9552514,35.8309,-3525796.6744,2759091.5253,4527594.0121,ITRF2020,GRS80,Bernese,IGS,F5.1(GPS),00,2020-01,2020/01/01 12:00:00,2020/12/31 12:00:00,366,2020-01-01,366,020848.20.pos.gz
020849,0849,WAKKANAI4,稚内４,GSI,45.2301047,141.8817877,65.6241,-3539945.9040,2777489.6211,4505441.0983,ITRF2020,GRS80,Bernese,IGS,F5.1(GPS),00,2020-01,2020/01/01 12:00:00,2020/12/31 12:00:00,366,2020-01-01,365,020849.20.pos.gz
020850,0850,NAKATONBETSU,中頓別,GSI,44.9905033,142.2922593,51.2719,-3574669.9926,2763590.4419,4486638.3281,ITRF2020,GRS80,Bernese,IGS,F5.1(GPS),00,2020-01,2020/01/01 12:00:00,2020/12/31 12:00:00,366,2020-01-01,365,020850.20.pos.gz
020851,0851,HORONOBE,幌延,GSI,44.9160645,142.0217824,47.6682,-3566189.2012,2784029.6663,4480781.4595,ITRF2020,GRS80,Bernese,IGS,F5.1(GPS),00,2020-01,2020/01/01 12:00:00,2020/12/31 12:00:00,366,2020-01-01,366,020851.20.pos.gz
020852,0852,NAKAGAWA,中川,GSI,44.7432409,142.0387163,62.4530,-3577695.5096,2791310.9004,4467171.0363,ITRF2020,GRS80,Bernese,IGS,F5.1(GPS),00,2020-01,2020/01/01 12:00:00,2020/12/27 12:00:00,362,2020-01-01,361,020852.20.pos.gz
020853,0853,BIFUKA,美深,GSI,44.5464990,142.5711685,312.2687,-3615822.0579,2767388.8994,4451791.1936,ITRF2020,GRS80,Bernese,IGS,F5.1(GPS),00,2020-01,2020/01/01 12:00:00,2020/12/29 12:00:00,364,2020-01-01,362,020853.20.pos.gz
020854,0854,NISHIOKOPPE,西興部,GSI,44.3322934,142.9358445,157.5796,-3646573.3908,2754297.3141,4434687.3464,ITRF2020,GRS80,Bernese,IGS,F5.1(GPS),00,2020-01,2020/01/01 12:00:00,2020/12/26 12:00:00,361,2020-01-01,358,020854.20.pos.gz
020855,0855,HABORO2,羽幌２,GSI,44.3176624,141.8721728,87.5487,-3595669.8121,2822186.3369,4433475.3359,ITRF2020,GRS80,Bernese,IGS,F5.1(GPS),00,2020-01,2020/01/01 12:00:00,2020/12/31 12:00:00,366,2020-01-01,364,020855.20.pos.gz
020856,0856,MONBETU,紋別,GSI,44.2608535,143.3645869,63.2024,-3671475.9595,2730201.1575,4428939.6492,ITRF2020,GRS80,Bernese,IGS,F5.1(GPS),00,2020-01,2020/01/01 12:00:00,2020/12/31 12:00:00,366,2020-01-01,366,020856.20.pos.gz
020857,0857,SHIBETU,士別,GSI,44.1654733,142.4009005,163.5279,-3630950.7704,2796117.6096,4421413.1371,ITRF2020,GRS80,Bernese,IGS,F5.1(GPS),00,2020-01,2020/01/01 12:00:00,2020/12/31 12:00:00,366,2020-01-01,359,020857.20.pos.gz
020858,0858,HOKKAIDOUASAHI,北海道朝日,GSI,44.1144480,142.6012477,247.0992,-3643890.2826,2785838.7515,4417402.4162,ITRF2020,GRS80,Bernese,IGS,F5.1(GPS),00,2020-01,2020/01/01 12:00:00,2020/12/29 12:00:00,364,2020-01-01,361,020858.20.pos.gz
020859,0859,SHARI2,斜里２,GSI,44.0650329,144.9935033,96.3169,-3760037.7356,2633442.1958,4413353.6944,ITRF2020,GRS80,Bernese,IGS,F5.1(GPS),00,2020-01,2020/01/01 12:00:00,2020/12/31 12:00:00,366,2020-01-01,359,020859.20.pos.gz
020860,0860,OBIRA2,小平２,GSI,44.0521050,141.8607516,68.9998,-3611272.3940,2835596.0820,4412302.3986,ITRF2020,GRS80,Bernese,IGS,F5.1(GPS),00,2020-01,2020/01/01 12:00:00,2020/12/31 12:00:00,366,2020-01-01,366,020860.20.pos.gz
020861,0861,IKUTAHARA,生田原,GSI,43.9099262,143.5341566,224.9223,-3701450.9755,2735516.3370,4401042.8282,ITRF2020,GRS80,Bernese,IGS,F5.1(GPS),00,2020-01,2020/01/01 12:00:00,2020/12/31 12:00:00,366,2020-01-01,365,020861.20.pos.gz
020862,0862,ASAHIKAWA2,旭川２,GSI,43.8892900,142.2365422,177.6903,-3639784.0583,2819589.6402,4399357.8664,ITRF2020,GRS80,Bernese,IGS,F5.1(GPS),00,2020-01,2020/01/01 12:00:00,2020/12/28 12:00:00,363,2020-01-01,344,020862.20.pos.gz
020863,0863,SHIRATAKI,白滝,GSI,43.8787212,143.1766952,416.5491,-3686347.4328,2760079.4691,4398677.0359,ITRF2020,GRS80,Bernese,IGS,F5.1(GPS),00,2020-01,2020/01/01 12:00:00,2020/12/31 12:00:00,366,2020-01-01,366,020863.20.pos.gz
020864,0864,SHIBETSU2,標津２,GSI,43.7940283,145.0568608,43.9553,-3780041.1999,2641226.6299,4391630.9991,ITRF2020,GRS80,Bernese,IGS,F5.1(GPS),00,2020-01,2020/01/01 12:00:00,2020/12/31 12:00:00,366,2020-01-01,366,020864.20.pos.gz
020865,0865,FUKAGAWA,深川,GSI,43.7256571,142.1323113,101.0633,-3644540.7111,2833898.1136,4386183.8543,ITRF2020,GRS80,Bernese,IGS,F5.1(GPS),00,2020-01,2020/01/01 12:00:00,2020/12/30 12:00:00,365,2020-01-01,359,020865.20.pos.gz
020866,0866,RUBESHIBE,留辺蘂,GSI,43.7103231,143.3810839,431.5933,-3706572.4005,2754642.7261,4385180.8811,ITRF2020,GRS80,Bernese,IGS,F5.1(GPS),00,2020-01,2020/01/01 12:00:00,2020/12/31 12:00:00,366,2020-01-01,366,020866.20.pos.gz
020867,0867,HIGASHIKAWA,東川,GSI,43.6469061,142.7944112,1100.2663,-3682434.0992,2795685.8011,4380546.2094,ITRF2020,GRS80,Bernese,IGS,F5.1(GPS),00,2020-01,2020/01/01 12:00:00,2020/12/31 12:00:00,366,2020-01-01,357,020867.20.pos.gz
020868,0868,TSUBETSU,津別,GSI,43.6445614,143.9917330,167.1673,-3739647.1180,2717837.1637,4379713.6603,ITRF2020,GRS80,Bernese,IGS,F5.1(GPS),00,2020-01,2020/01/01 12:00:00,2020/12/31 12:00:00,366,2020-01-01,365,020868.20.pos.gz
020869,0869,BEKKAI3,別海３,GSI,43.5559950,145.2203652,47.9433,-3802566.1585,2640848.3536,4372505.4161,ITRF2020,GRS80,Bernese,IGS,F5.1(GPS),00,2020-01,2020/01/01 12:00:00,2020/12/31 12:00:00,366,2020-01-01,366,020869.20.pos.gz
020870,0870,NAKASHIBETSU2,中標津２,GSI,43.5459277,144.7190423,226.5795,-3780048.9792,2674538.1956,4371817.8274,ITRF2020,GRS80,Bernese,IGS,F5.1(GPS),00,2020-01,2020/01/01 12:00:00,2020/12/31 12:00:00,366,2020-01-01,365,020870.20.pos.gz
020871,0871,ASHIBETSU,芦別,GSI,43.5215760,142.1876128,127.2642,-3659648.1700,2839981.5757,4369787.9267,ITRF2020,GRS80,Bernese,IGS,F5.1(GPS),00,2020-01,2020/01/01 12:00:00,2020/12/31 12:00:00,366,2020-01-01,366,020871.20.pos.gz
020872,0872,TOUBETSU,当別,GSI,43.5042143,141.6167697,237.0686,-3632275.5353,2877175.5436,4368464.5842,ITRF2020,GRS80,Bernese,IGS,F5.1(GPS),00,2020-01,2020/01/01 12:00:00,2020/12/31 12:00:00,366,2020-01-01,366,020872.20.pos.gz
020873,0873,RIKUBETSU,陸別,GSI,43.4735809,143.7538543,249.0430,-3738936.6217,2741115.0361,4366003.5112,ITRF2020,GRS80,Bernese,IGS,F5.1(GPS),00,2020-01,2020/01/01 12:00:00,2020/12/31 12:00:00,366,2020-01-01,366,020873.20.pos.gz
020874,0874,KAMISHIHORO2,上士幌２,GSI,43.3664705,143.1870492,593.4624,-3718386.4255,2783019.5283,4357596.2494,ITRF2020,GRS80,Bernese,IGS,F5.1(GPS),00,2020-01,2020/01/01 12:00:00,2020/12/31 12:00:00,366,2020-01-01,366,020874.20.pos.gz
020875,0875,SHAKOTAN2,積丹２,GSI,43.3207024,140.3782784,56.4435,-3579931.5697,2963863.7140,4353529.5358,ITRF2020,GRS80,Bernese,IGS,F5.1(GPS),00,2020-01,2020/01/01 12:00:00,2020/12/31 12:00:00,366,2020-01-01,366,020875.20.pos.gz
020876,0876,ISHIKARI,石狩,GSI,43.2405272,141.3459601,40.6035,-3634235.8797,2906788.7074,4347034.0528,ITRF2020,GRS80,Bernese,IGS,F5.1(GPS),00,2020-01,2020/01/01 12:00:00,2020/12/31 12:00:00,366,2020-01-01,366,020876.20.pos.gz
020877,0877,SHINSHINOTSU,新篠津,GSI,43.2208928,141.6520286,45.3821,-3650886.2146,2888262.7307,4345447.9964,ITRF2020,GRS80,Bernese,IGS,F5.1(GPS),00,2020-01,2020/01/01 12:00:00,2020/12/31 12:00:00,366,2020-01-01,366,020877.20.pos.gz
020878,0878,HAMANAKA2,浜中２,GSI,43.2181903,144.9707261,84.9653,-3812156.5819,2672204.4971,4345256.3015,ITRF2020,GRS80,Bernese,IGS,F5.1(GPS),00,2020-01,2020/01/01 12:00:00,2020/12/31 12:00:00,366,2020-01-01,366,020878.20.pos.gz
020879,0879,SHIKAOI,鹿追,GSI,43.1713301,143.0277621,365.6145,-3722375.2580,2802184.1589,4341652.9259,ITRF2020,GRS80,Bernese,IGS,F5.1(GPS),00,2020-01,2020/01/01 12:00:00,2020/12/31 12:00:00,366,2020-01-01,366,020879.20.pos.gz
020880,0880,MINAMIFURANO,南富良野,GSI,43.1650466,142.5670343,387.7938,-3700114.2810,2832325.8065,4341158.9323,ITRF2020,GRS80,Bernese,IGS,F5.1(GPS),00,2020-01,2020/01/01 12:00:00,2020/12/31 12:00:00,366,2020-01-01,366,020880.20.pos.gz
020882,0882,SAPPORO2,札幌２,GSI,43.1403938,141.2032943,42.4413,-3632921.8902,2920600.2978,4338924.6030,ITRF2020,GRS80,Bernese,IGS,F5.1(GPS),00,2020-01,2020/01/01 12:00:00,2020/12/31 12:00:00,366,2020-01-01,366,020882.20.pos.gz
020883,0883,HONBETSU,本別,GSI,43.1238956,143.5977013,93.1435,-3752805.6095,2767039.3234,4337621.6632,ITRF2020,GRS80,Bernese,IGS,F5.1(GPS),00,2020-01,2020/01/01 12:00:00,2020/12/31 12:00:00,366,2020-01-01,366,020883.20.pos.gz
020884,0884,AKAIGAWA,赤井川,GSI,43.0825936,140.8111207,183.7498,-3616327.6093,2948236.2248,4334333.3801,ITRF2020,GRS80,Bernese,IGS,F5.1(GPS),00,2020-01,2020/01/01 12:00:00,2020/12/31 12:00:00,366,2020-01-01,366,020884.20.pos.gz
020885,0885,HOKKAIDOUHIDAKA,北海道日高,GSI,42.8906327,142.5322565,373.9817,-3714897.7732,2847219.9223,4318862.5868,ITRF2020,GRS80,Bernese,IGS,F5.1(GPS),00,2020-01,2020/01/01 12:00:00,2020/12/31 12:00:00,366,2020-01-01,365,020885.20.pos.gz
020886,0886,URAHORO,浦幌,GSI,42.8003431,143.6555374,46.0700,-3775300.3789,2777746.9716,4311285.2783,ITRF2020,GRS80,Bernese,IGS,F5.1(GPS),00,2020-01,2020/01/01 12:00:00,2020/12/31 12:00:00,366,2020-01-01,366,020886.20.pos.gz
020887,0887,MEMURO,芽室,GSI,42.8033396,142.9536854,254.4905,-3740933.1425,2823739.2954,4311671.1356,ITRF2020,GRS80,Bernese,IGS,F5.1(GPS),00,2020-01,2020/01/01 12:00:00,2020/12/31 12:00:00,366,2020-01-01,366,020887.20.pos.gz
020888,0888,SHIMAMAKI,島牧,GSI,42.6853337,140.0117794,41.9998,-3597776.6636,3017632.8383,4301899.5681,ITRF2020,GRS80,Bernese,IGS,F5.1(GPS),00,2020-01,2020/01/01 12:00:00,2020/12/31 12:00:00,366,2020-01-01,366,020888.20.pos.gz
020889,0889,MAKUBETSU,幕別,GSI,42.6739629,143.3127947,200.9541,-3766348.0861,2806041.2117,4301078.7014,ITRF2020,GRS80,Bernese,IGS,F5.1(GPS),00,2020-01,2020/01/01 12:00:00,2020/12/31 12:00:00,366,2020-01-01,366,020889.20.pos.gz
020890,0890,MONBETSU2,門別２,GSI,42.5542606,142.3959243,156.7786,-3728071.3444,2871423.9281,4291262.7361,ITRF2020,GRS80,Bernese,IGS,F5.1(GPS),00,2020-01,2020/01/01 12:00:00,2020/12/31 12:00:00,366,2020-01-01,366,020890.20.pos.gz
020891,0891,URAKAWA,浦河,GSI,42.2772334,142.7679457,83.5712,-3763119.9945,2859683.1933,4268494.4978,ITRF2020,GRS80,Bernese,IGS,F5.1(GPS),00,2020-01,2020/01/01 12:00:00,2020/12/31 12:00:00,366,2020-01-01,366,020891.20.pos.gz
020892,0892,TOI,戸井,GSI,41.7405882,140.9293362,62.0163,-3700390.2943,3004080.9673,4224189.2731,ITRF2020,GRS80,Bernese,IGS,F5.1(GPS),00,2020-01,2020/01/01 12:00:00,2020/12/31 12:00:00,366,2020-01-01,366,020892.20.pos.gz
020893,0893,KIKONAI,木古内,GSI,41.7113211,140.5350305,56.1286,-3681295.8418,3030847.8306,4221759.2609,ITRF2020,GRS80,Bernese,IGS,F5.1(GPS),00,2020-01,2020/01/01 12:00:00,2020/12/31 12:00:00,366,2020-01-01,366,020893.20.pos.gz
020894,0894,KAZAMAURA,風間浦,GSI,41.4661555,141.0944710,91.2291,-3724799.0159,3006127.4269,4201416.7016,ITRF2020,GRS80,Bernese,IGS,F5.1(GPS),00,2020-01,2020/01/01 12:00:00,2020/12/31 12:00:00,366,2020-01-01,133,020894.20.pos.gz
020895,0895,AOMORIKAWAUCHI,青森川内,GSI,41.1996583,140.9838189,43.1201,-3734146.0000,3025598.3161,4179160.5655,ITRF2020,GRS80,Bernese,IGS,F5.1(GPS),00,2020-01,2020/01/01 12:00:00,2020/12/31 12:00:00,366,2020-01-01,366,020895.20.pos.gz
020896,0896,HIGASHIDOORI2,東通２,GSI,41.1609287,141.3856976,51.1363,-3757493.4334,3001103.5957,4175928.5501,ITRF2020,GRS80,Bernese,IGS,F5.1(GPS),00,2020-01,2020/01/01 12:00:00,2020/12/31 12:00:00,366,2020-01-01,366,020896.20.pos.gz
020897,0897,KODOMARI,小泊,GSI,41.1217177,140.2935357,89.0063,-3701833.8571,3074027.2720,4172673.9962,ITRF2020,GRS80,Bernese,IGS,F5.1(GPS),00,2020-01,2020/01/01 12:00:00,2020/12/31 12:00:00,366,2020-01-01,366,020897.20.pos.gz
020898,0898,FUKAURA,深浦,GSI,40.7306272,140.0110042,103.4908,-3708437.7938,3110535.2635,4139868.1413,ITRF2020,GRS80,Bernese,IGS,F5.1(GPS),00,2020-01,2020/01/01 12:00:00,2020/12/31 12:00:00,366,2020-01-01,366,020898.20.pos.gz
020899,0899,TOWADAKO1,十和田湖１,GSI,40.5799720,141.1060328,202.1393,-3775746.7302,3045987.1933,4127240.1367,ITRF2020,GRS80,Bernese,IGS,F5.1(GPS),00,2020-01,2020/01/01 12:00:00,2020/12/31 12:00:00,366,2020-01-01,366,020899.20.pos.gz
020901,0901,GONOHE,五戸,GSI,40.5087495,141.3320049,173.5313,-3791727.7707,3034270.8534,4121211.3599,ITRF2020,GRS80,Bernese,IGS,F5.1(GPS),00,2020-01,2020/01/01 12:00:00,2020/12/31 12:00:00,366,2020-01-01,366,020901.20.pos.gz
020902,0902,TOWADAKO2,十和田湖２,GSI,40.4476230,140.9416029,475.8559,-3774565.2513,3062957.8061,4116244.2515,ITRF2020,GRS80,Bernese,IGS,F5.1(GPS),00,2020-01,2020/01/01 12:00:00,2020/12/31 12:00:00,366,2020-01-01,351,020902.20.pos.gz
020903,0903,KARUMAI,軽米,GSI,40.2710315,141.4848784,283.5986,-3813259.6663,3034847.2158,4101176.8446,ITRF2020,GRS80,Bernese,IGS,F5.1(GPS),00,2020-01,2020/01/01 12:00:00,2020/12/31 12:00:00,366,2020-01-01,366,020903.20.pos.gz
020904,0904,ASHIRO,安代,GSI,40.1067339,141.0464732,348.0808,-3799120.5735,3071368.3186,4087281.3067,ITRF2020,GRS80,Bernese,IGS,F5.1(GPS),00,2020-01,2020/01/01 12:00:00,2020/12/31 12:00:00,366,2020-01-01,366,020904.20.pos.gz
020905,0905,IWAIZUMI3,岩泉３,GSI,39.9709422,141.6622029,429.1279,-3839564.2199,3036419.9367,4075789.1371,ITRF2020,GRS80,Bernese,IGS,F5.1(GPS),00,2020-01,2020/01/01 12:00:00,2020/12/31 12:00:00,366,2020-01-01,212,020905.20.pos.gz
020907,0907,KAWAI2,川井２,GSI,39.6393525,141.4261614,684.1857,-3845603.8746,3067031.3959,4047666.4445,ITRF2020,GRS80,Bernese,IGS,F5.1(GPS),00,2020-01,2020/01/01 12:00:00,2020/12/31 12:00:00,366,2020-01-01,366,020907.20.pos.gz
020908,0908,SAWAUCHI,沢内,GSI,39.5544418,140.8363481,471.1419,-3818360.1601,3110147.0249,4040265.7501,ITRF2020,GRS80,Bernese,IGS,F5.1(GPS),00,2020-01,2020/01/01 12:00:00,2020/12/31 12:00:00,366,2020-01-01,366,020908.20.pos.gz
020909,0909,OOHASAMA,大迫,GSI,39.4646759,141.2930383,244.6843,-3847840.6675,3083469.3542,4032432.0744,ITRF2020,GRS80,Bernese,IGS,F5.1(GPS),00,2020-01,2020/01/01 12:00:00,2020/12/31 12:00:00,366,2020-01-01,366,020909.20.pos.gz
020910,0910,ESASHI,江刺,GSI,39.2353563,141.3117177,222.4399,-3861433.1400,3092294.9216,4012729.7192,ITRF2020,GRS80,Bernese,IGS,F5.1(GPS),00,2020-01,2020/01/01 12:00:00,2020/12/31 12:00:00,366,2020-01-01,366,020910.20.pos.gz
020911,0911,IWATEDAITOU,岩手大東,GSI,39.0120878,141.4009079,212.2688,-3878459.8018,3096033.1595,3993493.4341,ITRF2020,GRS80,Bernese,IGS,F5.1(GPS),00,2020-01,2020/01/01 12:00:00,2020/12/31 12:00:00,366,2020-01-01,366,020911.20.pos.gz
020912,0912,HIRAIZUMI,平泉,GSI,38.9954462,141.1485712,131.7721,-3865643.8012,3113774.4049,3992007.0500,ITRF2020,GRS80,Bernese,IGS,F5.1(GPS),00,2020-01,2020/01/01 12:00:00,2020/12/31 12:00:00,366,2020-01-01,366,020912.20.pos.gz
020913,0913,KURIKOMA2,栗駒２,GSI,38.9340130,140.8332301,691.5345,-3852110.6640,3137986.3529,3987055.9380,ITRF2020,GRS80,Bernese,IGS,F5.1(GPS),00,2020-01,2020/01/01 12:00:00,2020/12/31 12:00:00,366,2020-01-01,366,020913.20.pos.gz
020914,0914,MIYAGITOUWA,宮城東和,GSI,38.7432013,141.3179234,58.2952,-3888503.8073,3113282.3309,3970158.4922,ITRF2020,GRS80,Bernese,IGS,F5.1(GPS),00,2020-01,2020/01/01 12:00:00,2020/12/31 12:00:00,366,2020-01-01,366,020914.20.pos.gz
020915,0915,TAKASHIMIZU,高清水,GSI,38.6861197,141.0043856,105.4333,-3874517.7530,3137031.5970,3965243.6338,ITRF2020,GRS80,Bernese,IGS,F5.1(GPS),00,2020-01,2020/01/01 12:00:00,2020/12/31 12:00:00,366,2020-01-01,366,020915.20.pos.gz
020916,0916,MINAMIKATA,南方,GSI,38.6606129,141.1607766,51.0641,-3884411.0618,3127527.3000,3962999.0275,ITRF2020,GRS80,Bernese,IGS,F5.1(GPS),00,2020-01,2020/01/01 12:00:00,2020/12/31 12:00:00,366,2020-01-01,366,020916.20.pos.gz
020917,0917,ONODA,小野田,GSI,38.5717999,140.7277662,224.3287,-3865532.4331,3160774.6348,3955403.7449,ITRF2020,GRS80,Bernese,IGS,F5.1(GPS),00,2020-01,2020/01/01 12:00:00,2020/12/31 12:00:00,366,2020-01-01,366,020917.20.pos.gz
020918,0918,MIYAGIKAHOKU,河北,GSI,38.5098257,141.3044607,90.8918,-3900414.0927,3124322.3864,3949939.5311,ITRF2020,GRS80,Bernese,IGS,F5.1(GPS),00,2020-01,2020/01/01 12:00:00,2020/12/31 12:00:00,366,2020-01-01,366,020918.20.pos.gz
020920,0920,MARUMORI,丸森,GSI,37.8245938,140.7277057,344.6523,-3905308.8158,3193305.9296,3890295.0808,ITRF2020,GRS80,Bernese,IGS,F5.1(GPS),00,2020-01,2020/01/01 12:00:00,2020/12/31 12:00:00,366,2020-01-01,366,020920.20.pos.gz
020921,0921,HACHIMORI,八森,GSI,40.3393887,140.0275793,47.8235,-3730943.6454,3127574.3242,4106813.0095,ITRF2020,GRS80,Bernese,IGS,F5.1(GPS),00,2020-01,2020/01/01 12:00:00,2020/12/31 12:00:00,366,2020-01-01,366,020921.20.pos.gz
020922,0922,TAKANOSU,鷹巣,GSI,40.1833074,140.4081685,99.5709,-3760298.0656,3109886.2132,4093620.7754,ITRF2020,GRS80,Bernese,IGS,F5.1(GPS),00,2020-01,2020/01/02 12:00:00,2020/12/13 12:00:00,347,2020-01-02,45,020922.20.pos.gz
020923,0923,HACHIRYUU,八竜,GSI,40.0996917,140.0055117,46.0991,-3742904.3363,3140056.1325,4086488.6633,ITRF2020,GRS80,Bernese,IGS,F5.1(GPS),00,2020-01,2020/01/01 12:00:00,2020/12/31 12:00:00,366,2020-01-01,366,020923.20.pos.gz
020924,0924,ANI2,阿仁２,GSI,39.9213806,140.5358767,332.4173,-3781806.6614,3113505.6957,4071507.9264,ITRF2020,GRS80,Bernese,IGS,F5.1(GPS),00,2020-01,2020/01/01 12:00:00,2020/12/31 12:00:00,366,2020-01-01,366,020924.20.pos.gz
020925,0925,AKITAIWAKI,岩城,GSI,39.5275554,140.0539503,77.9105,-3776759.6344,3163022.2615,4037713.3068,ITRF2020,GRS80,Bernese,IGS,F5.1(GPS),00,2020-01,2020/01/01 12:00:00,2020/12/31 12:00:00,366,2020-01-01,366,020925.20.pos.gz
020926,0926,OOTA,太田,GSI,39.5081251,140.5961166,113.7242,-3807602.5189,3128032.1854,4036071.9029,ITRF2020,GRS80,Bernese,IGS,F5.1(GPS),00,2020-01,2020/01/01 12:00:00,2020/12/31 12:00:00,366,2020-01-01,366,020926.20.pos.gz
020928,0928,HIGASHINARUSE,東成瀬,GSI,39.1461877,140.7150864,321.7693,-3833925.3265,3136346.0931,4005119.6458,ITRF2020,GRS80,Bernese,IGS,F5.1(GPS),00,2020-01,2020/01/01 12:00:00,2020/12/31 12:00:00,366,2020-01-01,366,020928.20.pos.gz
020929,0929,OGACHI,雄勝,GSI,39.0543690,140.4473674,199.7176,-3824112.7518,3158259.7403,3997131.7703,ITRF2020,GRS80,Bernese,IGS,F5.1(GPS),00,2020-01,2020/01/01 12:00:00,2020/12/31 12:00:00,366,2020-01-01,366,020929.20.pos.gz
020930,0930,MAMUROGAWA,真室川,GSI,38.9380933,140.1835048,173.8757,-3815751.5222,3181025.8718,3987082.9751,ITRF2020,GRS80,Bernese,IGS,F5.1(GPS),00,2020-01,2020/01/01 12:00:00,2020/12/31 12:00:00,366,2020-01-01,366,020930.20.pos.gz
020931,0931,MOGAMI,最上,GSI,38.7521459,140.4972989,235.9373,-3843143.5651,3168347.3783,3971044.1066,ITRF2020,GRS80,Bernese,IGS,F5.1(GPS),00,2020-01,2020/01/01 12:00:00,2020/12/31 12:00:00,366,2020-01-01,366,020931.20.pos.gz
020932,0932,TSURUOKA,鶴岡,GSI,38.7011606,139.6745514,60.0834,-3799847.4931,3225407.7017,3966518.4874,ITRF2020,GRS80,Bernese,IGS,F5.1(GPS),00,2020-01,2020/01/01 12:00:00,2020/12/31 12:00:00,366,2020-01-01,366,020932.20.pos.gz
020933,0933,OOKURA,大蔵,GSI,38.6284062,140.2205399,272.8340,-3834415.9260,3192386.8068,3960345.0644,ITRF2020,GRS80,Bernese,IGS,F5.1(GPS),00,2020-01,2020/01/01 12:00:00,2020/12/31 12:00:00,366,2020-01-01,366,020933.20.pos.gz
020934,0934,YAMAGATA,山形,GSI,38.1704332,140.3939191,930.3757,-3868786.0973,3201229.8756,3920908.9974,ITRF2020,GRS80,Bernese,IGS,F5.1(GPS),00,2020-01,2020/01/01 12:00:00,2020/12/31 12:00:00,366,2020-01-01,366,020934.20.pos.gz
020935,0935,IIDE,飯豊,GSI,37.9205814,139.8794337,423.4634,-3852650.9425,3246597.5695,3898754.0453,ITRF2020,GRS80,Bernese,IGS,F5.1(GPS),00,2020-01,2020/01/01 12:00:00,2020/12/31 12:00:00,366,2020-01-01,365,020935.20.pos.gz
020936,0936,FUKUSHIMA2,福島２,GSI,37.8334916,140.4468297,159.9304,-3889028.1639,3211933.5014,3890961.8670,ITRF2020,GRS80,Bernese,IGS,F5.1(GPS),00,2020-01,2020/01/01 12:00:00,2020/12/31 12:00:00,366,2020-01-01,366,020936.20.pos.gz
020937,0937,KITASHIOBARA,北塩原,GSI,37.6692858,139.9726895,443.2517,-3871031.8553,3251326.9719,3876724.2064,ITRF2020,GRS80,Bernese,IGS,F5.1(GPS),00,2020-01,2020/01/01 12:00:00,2020/12/31 12:00:00,366,2020-01-01,366,020937.20.pos.gz
020938,0938,FUKUSHIMATOUWA,福島東和,GSI,37.5910867,140.5716828,444.0022,-3908904.3657,3214046.9266,3869850.4770,ITRF2020,GRS80,Bernese,IGS,F5.1(GPS),00,2020-01,2020/01/01 12:00:00,2020/12/31 12:00:00,366,2020-01-01,366,020938.20.pos.gz
020939,0939,AIZUTAKADA,会津高田,GSI,37.4612874,139.8355467,277.2753,-3873894.0497,3269576.7035,3858323.1521,ITRF2020,GRS80,Bernese,IGS,F5.1(GPS),00,2020-01,2020/01/01 12:00:00,2020/12/31 12:00:00,366,2020-01-01,366,020939.20.pos.gz
020940,0940,FUKUSIMAKOORIYA3,福島郡山３,GSI,37.4448688,140.4640613,363.5631,-3910433.8451,3227634.6080,3856928.9695,ITRF2020,GRS80,Bernese,IGS,F5.1(GPS),00,2020-01,2020/01/01 12:00:00,2020/12/31 12:00:00,366,2020-01-01,366,020940.20.pos.gz
020941,0941,FUKUSHIMASHOUWA,昭和,GSI,37.3262090,139.6863664,815.6936,-3872636.8914,3285819.4890,3846738.4992,ITRF2020,GRS80,Bernese,IGS,F5.1(GPS),00,2020-01,2020/01/01 12:00:00,2020/12/31 12:00:00,366,2020-01-01,366,020941.20.pos.gz
020942,0942,FUKUSIMANAGANUMA,福島長沼,GSI,37.2930395,140.2127711,373.4535,-3904105.9268,3251304.4065,3843542.2059,ITRF2020,GRS80,Bernese,IGS,F5.1(GPS),00,2020-01,2020/01/01 12:00:00,2020/12/31 12:00:00,366,2020-01-01,366,020942.20.pos.gz
020943,0943,TAMAKAWA,玉川,GSI,37.2105596,140.4509976,411.7929,-3921886.8679,3238591.5161,3836278.6824,ITRF2020,GRS80,Bernese,IGS,F5.1(GPS),00,2020-01,2020/01/01 12:00:00,2020/12/31 12:00:00,366,2020-01-01,365,020943.20.pos.gz
020944,0944,IWAKI3,いわき３,GSI,37.1830875,140.7160272,528.6118,-3938324.2310,3221641.7660,3833920.4907,ITRF2020,GRS80,Bernese,IGS,F5.1(GPS),00,2020-01,2020/01/01 12:00:00,2020/12/31 12:00:00,366,2020-01-01,366,020944.20.pos.gz
020945,0945,TANAGURA,棚倉,GSI,37.0235783,140.3762930,342.7164,-3927264.2800,3251653.5547,3819688.9696,ITRF2020,GRS80,Bernese,IGS,F5.1(GPS),00,2020-01,2020/01/01 12:00:00,2020/12/31 12:00:00,366,2020-01-01,366,020945.20.pos.gz
020946,0946,IWAKI4,いわき４,GSI,36.9326179,140.6901756,230.9763,-3949647.9571,3233880.4918,3811557.2135,ITRF2020,GRS80,Bernese,IGS,F5.1(GPS),00,2020-01,2020/01/01 12:00:00,2020/12/31 12:00:00,366,2020-01-01,366,020946.20.pos.gz
020947,0947,JOUHOKU,常北,GSI,36.4758475,140.3857080,91.2348,-3955660.3435,3274069.1675,3770833.9860,ITRF2020,GRS80,Bernese,IGS,F5.1(GPS),00,2020-01,2020/01/01 12:00:00,2020/12/31 12:00:00,366,2020-01-01,365,020947.20.pos.gz
020948,0948,NASU2,那須２,GSI,37.1246985,140.0354305,799.4169,-3902943.8584,3270848.0706,3828918.8044,ITRF2020,GRS80,Bernese,IGS,F5.1(GPS),00,2020-01,2020/01/01 12:00:00,2020/12/31 12:00:00,366,2020-01-01,366,020948.20.pos.gz
020949,0949,KURIYAMA,栗山,GSI,36.8722469,139.5053296,1087.8029,-3885513.9508,3317917.3936,3806713.6532,ITRF2020,GRS80,Bernese,IGS,F5.1(GPS),00,2020-01,2020/01/01 12:00:00,2020/12/31 12:00:00,366,2020-01-01,366,020949.20.pos.gz
020950,0950,KANUMA,鹿沼,GSI,36.5376321,139.7528035,170.9576,-3916189.1200,3314969.8756,3776392.4041,ITRF2020,GRS80,Bernese,IGS,F5.1(GPS),00,2020-01,2020/01/01 12:00:00,2020/12/31 12:00:00,366,2020-01-01,366,020950.20.pos.gz
020951,0951,KAMINOKAWA,上三川,GSI,36.4565793,139.9025209,118.5601,-3928898.0402,3308143.9279,3769130.6821,ITRF2020,GRS80,Bernese,IGS,F5.1(GPS),00,2020-01,2020/01/01 12:00:00,2020/12/31 12:00:00,366,2020-01-01,366,020951.20.pos.gz
020952,0952,MINAKAMI2,水上２,GSI,36.8373546,139.0608651,799.3049,-3861239.2889,3349329.4186,3803441.8057,ITRF2020,GRS80,Bernese,IGS,F5.1(GPS),00,2020-01,2020/01/01 12:00:00,2020/12/31 12:00:00,366,2020-01-01,366,020952.20.pos.gz
020954,0954,NAKANOJOU,中之条,GSI,36.5913769,138.8479016,419.1909,-3860822.6144,3374197.3267,3781330.7384,ITRF2020,GRS80,Bernese,IGS,F5.1(GPS),00,2020-01,2020/01/01 12:00:00,2020/12/31 12:00:00,366,2020-01-01,366,020954.20.pos.gz
020955,0955,GUNMA,群馬,GSI,36.3953465,139.0167202,178.3015,-3880368.3086,3371165.1375,3763698.7549,ITRF2020,GRS80,Bernese,IGS,F5.1(GPS),00,2020-01,2020/01/01 12:00:00,2020/12/31 12:00:00,366,2020-01-01,366,020955.20.pos.gz
020956,0956,GUNMASAKAI,境,GSI,36.2676912,139.2546489,86.1026,-3900636.0740,3360451.6339,3752232.2994,ITRF2020,GRS80,Bernese,IGS,F5.1(GPS),00,2020-01,2020/01/01 12:00:00,2020/12/31 12:00:00,366,2020-01-01,366,020956.20.pos.gz
020957,0957,NANMOKU,南牧,GSI,36.2002663,138.7029916,660.2049,-3871771.1279,3401075.8841,3746536.4819,ITRF2020,GRS80,Bernese,IGS,F5.1(GPS),00,2020-01,2020/01/01 12:00:00,2020/12/31 12:00:00,366,2020-01-01,366,020957.20.pos.gz
020958,0958,SAITAMAOOTAKI,埼玉大滝,GSI,35.9299280,138.9260594,1176.0804,-3898611.9540,3397854.6427,3722588.8376,ITRF2020,GRS80,Bernese,IGS,F5.1(GPS),00,2020-01,2020/01/01 12:00:00,2020/12/31 12:00:00,366,2020-01-01,362,020958.20.pos.gz
020959,0959,KAMOGAWA2,鴨川２,GSI,35.1438030,139.9684725,110.5431,-3997938.8626,3358419.5767,3650987.6121,ITRF2020,GRS80,Bernese,IGS,F5.1(GPS),00,2020-01,2020/01/01 12:00:00,2020/12/31 12:00:00,366,2020-01-01,365,020959.20.pos.gz
020961,0961,NIIGATASHITADA,新潟下田,GSI,37.5403402,139.1114654,140.0622,-3828145.8478,3314703.3338,3865200.5275,ITRF2020,GRS80,Bernese,IGS,F5.1(GPS),00,2020-01,2020/01/01 12:00:00,2020/12/31 12:00:00,366,2020-01-01,365,020961.20.pos.gz
020962,0962,TAKAYANAGI,高柳,GSI,37.2121126,138.6346122,135.8058,-3817020.7505,3361060.5621,3836249.0439,ITRF2020,GRS80,Bernese,IGS,F5.1(GPS),00,2020-01,2020/01/01 12:00:00,2020/12/31 12:00:00,366,2020-01-01,366,020962.20.pos.gz
020963,0963,YUNOTANI,湯之谷,GSI,37.1576147,139.2471242,752.6261,-3855874.4751,3322771.2480,3831802.9402,ITRF2020,GRS80,Bernese,IGS,F5.1(GPS),00,2020-01,2020/01/01 12:00:00,2020/12/31 12:00:00,366,2020-01-01,364,020963.20.pos.gz
020964,0964,YASUZUKA,安塚,GSI,37.1070839,138.4573720,172.1226,-3811896.8375,3377540.6994,3826981.3221,ITRF2020,GRS80,Bernese,IGS,F5.1(GPS),00,2020-01,2020/01/01 12:00:00,2020/12/31 12:00:00,366,2020-01-01,366,020964.20.pos.gz
020965,0965,DAIGO,大子,GSI,36.7789536,140.2965070,188.3761,-3935178.8556,3267453.7105,3797886.3875,ITRF2020,GRS80,Bernese,IGS,F5.1(GPS),00,2020-01,2020/01/01 12:00:00,2020/12/31 12:00:00,366,2020-01-01,366,020965.20.pos.gz
020966,0966,HIMI,氷見,GSI,36.9195073,137.0264406,48.2943,-3735461.5115,3480152.7681,3810284.3187,ITRF2020,GRS80,Bernese,IGS,F5.1(GPS),00,2020-01,2020/01/01 12:00:00,2020/12/31 12:00:00,366,2020-01-01,366,020966.20.pos.gz
020967,0967,UNAZUKI,宇奈月,GSI,36.8643437,137.5513353,171.1853,-3769970.7487,3448332.8394,3805461.9729,ITRF2020,GRS80,Bernese,IGS,F5.1(GPS),00,2020-01,2020/01/01 12:00:00,2020/12/31 12:00:00,366,2020-01-01,366,020967.20.pos.gz
020968,0968,SHINMINATO,新湊,GSI,36.7579500,137.1544816,44.3079,-3751108.5108,3479104.0745,3795932.9713,ITRF2020,GRS80,Bernese,IGS,F5.1(GPS),00,2020-01,2020/01/01 12:00:00,2020/12/31 12:00:00,366,2020-01-01,366,020968.20.pos.gz
020969,0969,FUKUMITSU,福光,GSI,36.5920901,136.8064097,134.6358,-3737971.3934,3509401.9450,3781224.6593,ITRF2020,GRS80,Bernese,IGS,F5.1(GPS),00,2020-01,2020/01/01 12:00:00,2020/12/31 12:00:00,366,2020-01-01,362,020969.20.pos.gz
020970,0970,HOSOIRI,細入,GSI,36.4727993,137.2392309,255.3492,-3770231.9259,3486480.9385,3770659.5443,ITRF2020,GRS80,Bernese,IGS,F5.1(GPS),00,2020-01,2020/01/01 12:00:00,2020/12/31 12:00:00,366,2020-01-01,366,020970.20.pos.gz
020971,0971,WAJIMA2,輪島２,GSI,37.4322573,137.0339501,68.0132,-3710766.7958,3456237.4832,3855637.8893,ITRF2020,GRS80,Bernese,IGS,F5.1(GPS),00,2020-01,2020/01/01 12:00:00,2020/12/31 12:00:00,366,2020-01-01,366,020971.20.pos.gz
020972,0972,ANAMIZU,穴水,GSI,37.2264355,136.9087809,44.3104,-3713309.2546,3473786.0718,3837459.5443,ITRF2020,GRS80,Bernese,IGS,F5.1(GPS),00,2020-01,2020/01/01 12:00:00,2020/12/31 12:00:00,366,2020-01-01,363,020972.20.pos.gz
020973,0973,MATTOU,松任,GSI,36.5372652,136.5406810,50.3723,-3724236.9048,3529146.7091,3776287.9019,ITRF2020,GRS80,Bernese,IGS,F5.1(GPS),00,2020-01,2020/01/01 12:00:00,2020/12/31 12:00:00,366,2020-01-01,366,020973.20.pos.gz
020975,0975,FUKUI,福井,GSI,36.1097328,136.0489529,47.7072,-3714041.7434,3580481.0250,3738063.4877,ITRF2020,GRS80,Bernese,IGS,F5.1(GPS),00,2020-01,2020/01/01 12:00:00,2020/12/31 12:00:00,366,2020-01-01,360,020975.20.pos.gz
020976,0976,FUKUIIZUMI,和泉,GSI,35.9014139,136.6577443,466.0435,-3762004.3781,3550375.5367,3719609.6527,ITRF2020,GRS80,Bernese,IGS,F5.1(GPS),00,2020-01,2020/01/01 12:00:00,2020/12/31 12:00:00,366,2020-01-01,366,020976.20.pos.gz
020977,0977,FUKUIIKEDA,福井池田,GSI,35.8882164,136.3395839,261.4527,-3742732.6799,3571689.2324,3718303.3737,ITRF2020,GRS80,Bernese,IGS,F5.1(GPS),00,2020-01,2020/01/01 12:00:00,2020/12/31 12:00:00,366,2020-01-01,366,020977.20.pos.gz
020978,0978,FUKUIOBAMA,福井小浜,GSI,35.4865720,135.7556479,46.2032,-3724636.2125,3627664.4560,3681981.8071,ITRF2020,GRS80,Bernese,IGS,F5.1(GPS),00,2020-01,2020/01/01 12:00:00,2020/12/31 12:00:00,366,2020-01-01,366,020978.20.pos.gz
020979,0979,YAMANASHITAKANE,山梨高根,GSI,35.9049327,138.4442201,1209.0245,-3871137.2039,3431617.3217,3720361.6500,ITRF2020,GRS80,Bernese,IGS,F5.1(GPS),00,2020-01,2020/01/01 12:00:00,2020/12/31 12:00:00,366,2020-01-01,366,020979.20.pos.gz
020981,0981,KAMIKUISHIKI,上九一色,GSI,35.4676919,138.6068719,973.8885,-3901954.0655,3439203.6057,3680814.2346,ITRF2020,GRS80,Bernese,IGS,F5.1(GPS),00,2020-01,2020/01/01 12:00:00,2020/12/31 12:00:00,366,2020-01-01,363,020981.20.pos.gz
020982,0982,NAGANOSAKAE,長野栄,GSI,36.8566869,138.6242617,740.0261,-3834603.8501,3377773.3175,3805123.2970,ITRF2020,GRS80,Bernese,IGS,F5.1(GPS),00,2020-01,2020/01/01 12:00:00,2020/12/31 12:00:00,366,2020-01-01,366,020982.20.pos.gz
020983,0983,TOGAKUSHI,戸隠,GSI,36.7066467,138.0967362,972.7855,-3810902.3961,3419719.0322,3791925.1069,ITRF2020,GRS80,Bernese,IGS,F5.1(GPS),00,2020-01,2020/01/01 12:00:00,2020/12/31 12:00:00,366,2020-01-01,366,020983.20.pos.gz
020984,0984,KOUSHOKU,更埴,GSI,36.5236040,138.1209537,408.1622,-3821031.3353,3425893.7925,3775282.6916,ITRF2020,GRS80,Bernese,IGS,F5.1(GPS),00,2020-01,2020/01/01 12:00:00,2020/12/31 12:00:00,366,2020-01-01,364,020984.20.pos.gz
020985,0985,MOCHIZUKI,望月,GSI,36.2609877,138.3660502,788.6353,-3848804.1511,3421208.6009,3752048.0614,ITRF2020,GRS80,Bernese,IGS,F5.1(GPS),00,2020-01,2020/01/01 12:00:00,2020/12/31 12:00:00,366,2020-01-01,366,020985.20.pos.gz
020986,0986,KISO,木祖,GSI,35.9446009,137.7854404,1033.4535,-3829407.5944,3474068.3522,3723823.5455,ITRF2020,GRS80,Bernese,IGS,F5.1(GPS),00,2020-01,2020/01/01 12:00:00,2020/12/31 12:00:00,366,2020-01-01,358,020986.20.pos.gz
020987,0987,TAKATOO,高遠,GSI,35.8784182,138.0957112,915.9947,-3851299.6610,3456093.9570,3717806.0965,ITRF2020,GRS80,Bernese,IGS,F5.1(GPS),00,2020-01,2020/01/01 12:00:00,2020/12/31 12:00:00,366,2020-01-01,366,020987.20.pos.gz
020988,0988,OUTAKI,王滝,GSI,35.8155527,137.4508836,1103.9312,-3815282.4849,3502083.8556,3712261.1764,ITRF2020,GRS80,Bernese,IGS,F5.1(GPS),00,2020-01,2020/01/01 12:00:00,2020/12/31 12:00:00,366,2020-01-01,366,020988.20.pos.gz
020989,0989,OOKUWA,大桑,GSI,35.6612281,137.6201603,546.4926,-3832667.0823,3497233.7459,3698035.2158,ITRF2020,GRS80,Bernese,IGS,F5.1(GPS),00,2020-01,2020/01/01 12:00:00,2020/12/31 12:00:00,366,2020-01-01,364,020989.20.pos.gz
020990,0990,KIYOMI,清見,GSI,36.1402631,137.0805329,896.6331,-3776940.4296,3512141.7903,3741300.5109,ITRF2020,GRS80,Bernese,IGS,F5.1(GPS),00,2020-01,2020/01/01 12:00:00,2020/12/31 12:00:00,366,2020-01-01,362,020990.20.pos.gz
020991,0991,ITADORI,板取,GSI,35.7234877,136.7846235,393.9029,-3778233.9132,3549906.4060,3703556.9444,ITRF2020,GRS80,Bernese,IGS,F5.1(GPS),00,2020-01,2020/01/01 12:00:00,2020/12/31 12:00:00,366,2020-01-01,365,020991.20.pos.gz
020992,0992,ENA,恵那,GSI,35.5231287,137.3090968,497.5954,-3820149.9956,3524010.1413,3685545.9244,ITRF2020,GRS80,Bernese,IGS,F5.1(GPS),00,2020-01,2020/01/01 12:00:00,2020/12/31 12:00:00,366,2020-01-01,366,020992.20.pos.gz
020993,0993,IBIGAWA,揖斐川,GSI,35.4800590,136.5452943,101.7736,-3774614.4654,3576308.5070,3681425.6381,ITRF2020,GRS80,Bernese,IGS,F5.1(GPS),00,2020-01,2020/01/01 12:00:00,2020/12/31 12:00:00,366,2020-01-01,366,020993.20.pos.gz
020994,0994,TOKI,土岐,GSI,35.3005507,137.2523198,398.8650,-3827105.6870,3537452.7568,3665361.0000,ITRF2020,GRS80,Bernese,IGS,F5.1(GPS),00,2020-01,2020/01/01 12:00:00,2020/12/31 12:00:00,366,2020-01-01,366,020994.20.pos.gz
020995,0995,SHITARA,設楽,GSI,35.1000227,137.5753339,527.2675,-3856532.2487,3524543.6306,3647254.3903,ITRF2020,GRS80,Bernese,IGS,F5.1(GPS),00,2020-01,2020/01/01 12:00:00,2020/12/31 12:00:00,366,2020-01-01,366,020995.20.pos.gz
020997,0997,TOYOHASHI2,豊橋２,GSI,34.7859147,137.3387707,45.9587,-3856335.0812,3553695.1036,3618412.5972,ITRF2020,GRS80,Bernese,IGS,F5.1(GPS),00,2020-01,2020/01/01 12:00:00,2020/12/31 12:00:00,366,2020-01-01,366,020997.20.pos.gz
020998,0998,MINAMICHITA,南知多,GSI,34.7400514,136.9384820,61.0808,-3833542.4416,3582539.1701,3614241.3796,ITRF2020,GRS80,Bernese,IGS,F5.1(GPS),00,2020-01,2020/01/01 12:00:00,2020/12/31 12:00:00,366,2020-01-01,366,020998.20.pos.gz
020999,0999,OODAI,大台,GSI,34.4203255,136.4744588,114.2879,-3819030.7525,3627361.7797,3585069.1505,ITRF2020,GRS80,Bernese,IGS,F5.1(GPS),00,2020-01,2020/01/01 12:00:00,2020/12/31 12:00:00,366,2020-01-01,366,020999.20.pos.gz
021000,1000,KIWA,紀和,GSI,33.8770019,135.9283041,114.5702,-3808588.1849,3687132.1706,3535191.5948,ITRF2020,GRS80,Bernese,IGS,F5.1(GPS),00,2020-01,2020/01/01 12:00:00,2020/12/31 12:00:00,366,2020-01-01,366,021000.20.pos.gz
021001,1001,FUKUCHIYAMA2,福知山２,GSI,35.4195245,135.0876498,264.5999,-3685271.6934,3674013.6166,3676048.7197,ITRF2020,GRS80,Bernese,IGS,F5.1(GPS),00,2020-01,2020/01/01 12:00:00,2020/12/31 12:00:00,366,2020-01-01,366,021001.20.pos.gz
021002,1002,AYABE,綾部,GSI,35.3334593,135.3407034,159.9967,-3705334.0788,3661527.2924,3668202.2056,ITRF2020,GRS80,Bernese,IGS,F5.1(GPS),00,2020-01,2020/01/01 12:00:00,2020/12/31 12:00:00,366,2020-01-01,366,021002.20.pos.gz
021003,1003,KEIHOKU,京北,GSI,35.1551818,135.6342143,287.1892,-3732276.5303,3650551.7303,3652121.5509,ITRF2020,GRS80,Bernese,IGS,F5.1(GPS),00,2020-01,2020/01/01 12:00:00,2020/12/31 12:00:00,366,2020-01-01,366,021003.20.pos.gz
021004,1004,HANNAN,阪南,GSI,34.3264619,135.2199455,120.4636,-3742875.5994,3714249.2509,3576478.4941,ITRF2020,GRS80,Bernese,IGS,F5.1(GPS),00,2020-01,2020/01/01 12:00:00,2020/12/31 12:00:00,366,2020-01-01,366,021004.20.pos.gz
021006,1006,AKOU,赤穂,GSI,34.7604236,134.3761153,42.1650,-3668633.7069,3749410.8118,3616087.5370,ITRF2020,GRS80,Bernese,IGS,F5.1(GPS),00,2020-01,2020/01/01 12:00:00,2020/12/31 12:00:00,366,2020-01-01,366,021006.20.pos.gz
021007,1007,TSUKIGASE,月ヶ瀬,GSI,34.7106450,136.0418970,277.9972,-3778480.5817,3643500.4407,3611683.6825,ITRF2020,GRS80,Bernese,IGS,F5.1(GPS),00,2020-01,2020/01/01 12:00:00,2020/12/31 12:00:00,366,2020-01-01,366,021007.20.pos.gz
021008,1008,MITSUE,御杖,GSI,34.4938714,136.1731509,545.0205,-3796828.3224,3644444.3999,3592040.2887,ITRF2020,GRS80,Bernese,IGS,F5.1(GPS),00,2020-01,2020/01/01 12:00:00,2020/12/31 12:00:00,366,2020-01-01,366,021008.20.pos.gz
021009,1009,NARAKAWAKAMI,奈良川上,GSI,34.2929271,136.0026461,403.5385,-3794940.6952,3664392.9397,3573565.2402,ITRF2020,GRS80,Bernese,IGS,F5.1(GPS),00,2020-01,2020/01/01 12:00:00,2020/12/31 12:00:00,366,2020-01-01,366,021009.20.pos.gz
021010,1010,TENKAWA,天川,GSI,34.2419653,135.8547947,653.1631,-3787904.3872,3676534.3049,3569033.6131,ITRF2020,GRS80,Bernese,IGS,F5.1(GPS),00,2020-01,2020/01/01 12:00:00,2020/12/31 12:00:00,366,2020-01-01,366,021010.20.pos.gz
021011,1011,RYUUJIN,龍神,GSI,33.9407951,135.5540085,456.4428,-3781804.4507,3709368.0059,3541255.1320,ITRF2020,GRS80,Bernese,IGS,F5.1(GPS),00,2020-01,2020/01/01 12:00:00,2020/12/31 12:00:00,366,2020-01-01,365,021011.20.pos.gz
021012,1012,NACHIKATSUURA2,那智勝浦２,GSI,33.6687584,135.8820883,590.2937,-3815115.3532,3699417.3892,3516254.8268,ITRF2020,GRS80,Bernese,IGS,F5.1(GPS),00,2020-01,2020/01/01 12:00:00,2020/12/31 12:00:00,366,2020-01-01,366,021012.20.pos.gz
021013,1013,HIKIGAWA,日置川,GSI,33.6583444,135.5338450,121.1336,-3792738.2857,3722712.1559,3515033.3330,ITRF2020,GRS80,Bernese,IGS,F5.1(GPS),00,2020-01,2020/01/01 12:00:00,2020/12/31 12:00:00,366,2020-01-01,341,021013.20.pos.gz
021014,1014,TOTTORI,鳥取,GSI,35.5298587,134.1952761,43.0567,-3622526.4700,3725740.2678,3685889.5206,ITRF2020,GRS80,Bernese,IGS,F5.1(GPS),00,2020-01,2020/01/01 12:00:00,2020/12/31 12:00:00,366,2020-01-01,366,021014.20.pos.gz
021015,1015,NAWA,名和,GSI,35.5069354,133.4951395,70.9284,-3577762.4046,3770815.5060,3683835.5936,ITRF2020,GRS80,Bernese,IGS,F5.1(GPS),00,2020-01,2020/01/01 12:00:00,2020/12/31 12:00:00,366,2020-01-01,366,021015.20.pos.gz
021016,1016,HAWAI,羽合,GSI,35.4932018,133.8697528,43.7092,-3602938.0930,3747964.7528,3682579.2800,ITRF2020,GRS80,Bernese,IGS,F5.1(GPS),00,2020-01,2020/01/01 12:00:00,2020/12/31 12:00:00,366,2020-01-01,366,021016.20.pos.gz
021017,1017,SAJI,佐治,GSI,35.3405916,134.1559520,168.2091,-3628520.8168,3737033.7176,3668852.4869,ITRF2020,GRS80,Bernese,IGS,F5.1(GPS),00,2020-01,2020/01/01 12:00:00,2020/12/31 12:00:00,366,2020-01-01,366,021017.20.pos.gz
021018,1018,MATSUE2,松江２,GSI,35.4919098,132.9219957,76.8505,-3540526.1834,3807127.9261,3682481.8021,ITRF2020,GRS80,Bernese,IGS,F5.1(GPS),00,2020-01,2020/01/01 12:00:00,2020/12/31 12:00:00,366,2020-01-01,366,021018.20.pos.gz
021019,1019,HIROSE,広瀬,GSI,35.3106922,133.1920917,180.6296,-3566463.7901,3798948.8294,3666153.1310,ITRF2020,GRS80,Bernese,IGS,F5.1(GPS),00,2020-01,2020/01/01 12:00:00,2020/12/31 12:00:00,366,2020-01-01,363,021019.20.pos.gz
021020,1020,KISUKI,木次,GSI,35.3097248,132.9026972,81.8941,-3547217.6972,3816900.5256,3666008.4772,ITRF2020,GRS80,Bernese,IGS,F5.1(GPS),00,2020-01,2020/01/01 12:00:00,2020/12/31 12:00:00,366,2020-01-01,365,021020.20.pos.gz
021021,1021,SADA,佐田,GSI,35.2330781,132.6690126,151.6332,-3534987.4977,3834988.7634,3659106.0542,ITRF2020,GRS80,Bernese,IGS,F5.1(GPS),00,2020-01,2020/01/01 12:00:00,2020/12/31 12:00:00,366,2020-01-01,366,021021.20.pos.gz
021022,1022,YUNOTSU,温泉津,GSI,35.0319006,132.3855691,306.5687,-3524716.6396,3862010.2795,3640941.3702,ITRF2020,GRS80,Bernese,IGS,F5.1(GPS),00,2020-01,2020/01/01 12:00:00,2020/12/31 12:00:00,366,2020-01-01,366,021022.20.pos.gz
021023,1023,HASUMI,羽須美,GSI,34.8567454,132.6851625,335.0247,-3552424.4299,3851726.3562,3625028.5794,ITRF2020,GRS80,Bernese,IGS,F5.1(GPS),00,2020-01,2020/01/01 12:00:00,2020/12/31 12:00:00,366,2020-01-01,366,021023.20.pos.gz
021024,1024,YASAKA,弥栄,GSI,34.7779478,132.1094671,411.3068,-3516933.4324,3890974.7209,3617895.0779,ITRF2020,GRS80,Bernese,IGS,F5.1(GPS),00,2020-01,2020/01/01 12:00:00,2020/12/31 12:00:00,366,2020-01-01,366,021024.20.pos.gz
021025,1025,MASUDA,益田,GSI,34.6243453,131.8103172,58.0534,-3502844.0227,3916298.3510,3603684.3878,ITRF2020,GRS80,Bernese,IGS,F5.1(GPS),00,2020-01,2020/01/01 12:00:00,2020/12/31 12:00:00,366,2020-01-01,366,021025.20.pos.gz
021026,1026,YATSUKA,八束,GSI,35.2829567,133.6807639,511.6089,-3600149.2817,3769874.1616,3663832.7675,ITRF2020,GRS80,Bernese,IGS,F5.1(GPS),00,2020-01,2020/01/01 12:00:00,2020/12/31 12:00:00,366,2020-01-01,366,021026.20.pos.gz
021027,1027,KAGAMINO,鏡野,GSI,35.1050247,133.9126920,242.5543,-3623118.7286,3763308.5622,3647544.6981,ITRF2020,GRS80,Bernese,IGS,F5.1(GPS),00,2020-01,2020/01/01 12:00:00,2020/12/31 12:00:00,366,2020-01-01,366,021027.20.pos.gz
021028,1028,OKAYAMA1,岡山１,GSI,34.7380777,133.8004433,67.4479,-3631769.8178,3787115.8953,3614065.0784,ITRF2020,GRS80,Bernese,IGS,F5.1(GPS),00,2020-01,2020/01/01 12:00:00,2020/12/31 12:00:00,366,2020-01-01,366,021028.20.pos.gz
021029,1029,OKAYAMA2,岡山２,GSI,34.5902847,133.9726045,43.6788,-3649593.8854,3782883.1450,3600566.2884,ITRF2020,GRS80,Bernese,IGS,F5.1(GPS),00,2020-01,2020/01/01 12:00:00,2020/12/31 12:00:00,366,2020-01-01,366,021029.20.pos.gz
021030,1030,HIROSHIMATAKANO,広島高野,GSI,35.0352116,132.9020972,600.2020,-3559409.5250,3830099.6883,3641410.7292,ITRF2020,GRS80,Bernese,IGS,F5.1(GPS),00,2020-01,2020/01/01 12:00:00,2020/12/31 12:00:00,366,2020-01-01,366,021030.20.pos.gz
021031,1031,SERANISHI,世羅西,GSI,34.6336714,132.9081141,439.7390,-3577046.9697,3848267.9437,3604752.6200,ITRF2020,GRS80,Bernese,IGS,F5.1(GPS),00,2020-01,2020/01/01 12:00:00,2020/12/31 12:00:00,366,2020-01-01,366,021031.20.pos.gz
021032,1032,HIROSIMAFUKUYAM2,広島福山２,GSI,34.6122011,133.3412930,428.9892,-3606961.6921,3822092.1470,3602786.3983,ITRF2020,GRS80,Bernese,IGS,F5.1(GPS),00,2020-01,2020/01/01 12:00:00,2020/12/31 12:00:00,366,2020-01-01,366,021032.20.pos.gz
021033,1033,MITSUGI,御調,GSI,34.5156220,133.1401886,171.6775,-3597535.7001,3839009.5232,3593817.2723,ITRF2020,GRS80,Bernese,IGS,F5.1(GPS),00,2020-01,2020/01/01 12:00:00,2020/09/30 12:00:00,274,2020-01-01,81,021033.20.pos.gz
021035,1035,KAMAGARI,蒲刈,GSI,34.1846357,132.6919634,40.6661,-3581367.4261,3882183.1512,3563430.0710,ITRF2020,GRS80,Bernese,IGS,F5.1(GPS),00,2020-01,2020/01/01 12:00:00,2020/12/31 12:00:00,366,2020-01-01,365,021035.20.pos.gz
021036,1036,KURAHASHI,倉橋,GSI,34.0692312,132.5316320,40.7045,-3575344.8212,3897482.1045,3552833.2213,ITRF2020,GRS80,Bernese,IGS,F5.1(GPS),00,2020-01,2020/01/01 12:00:00,2020/12/31 12:00:00,366,2020-01-01,366,021036.20.pos.gz
021037,1037,TOKUJI,徳地,GSI,34.1952722,131.7353296,326.9831,-3515769.0291,3941117.2070,3564566.9474,ITRF2020,GRS80,Bernese,IGS,F5.1(GPS),00,2020-01,2020/01/01 12:00:00,2020/12/31 12:00:00,366,2020-01-01,361,021037.20.pos.gz
021038,1038,SHUUTOU,周東,GSI,34.0900603,132.0527352,81.3914,-3541799.2752,3926293.2115,3554769.6915,ITRF2020,GRS80,Bernese,IGS,F5.1(GPS),00,2020-01,2020/01/01 12:00:00,2020/12/31 12:00:00,366,2020-01-01,366,021038.20.pos.gz
021039,1039,SANYOU,山陽,GSI,34.0205228,131.1130423,47.7343,-3479753.6367,3987084.0057,3548360.3027,ITRF2020,GRS80,Bernese,IGS,F5.1(GPS),00,2020-01,2020/01/01 12:00:00,2020/12/31 12:00:00,366,2020-01-01,366,021039.20.pos.gz
021040,1040,KAMINOSEKI,上関,GSI,33.8459169,132.1199599,98.3964,-3556561.1644,3933368.7557,3532319.4082,ITRF2020,GRS80,Bernese,IGS,F5.1(GPS),00,2020-01,2020/01/01 12:00:00,2020/12/31 12:00:00,366,2020-01-01,366,021040.20.pos.gz
021042,1042,KOYADAIRA,木屋平,GSI,33.9345641,134.2111634,379.3116,-3694061.5457,3797206.3059,3540638.6157,ITRF2020,GRS80,Bernese,IGS,F5.1(GPS),00,2020-01,2020/01/01 12:00:00,2020/12/31 12:00:00,366,2020-01-01,365,021042.20.pos.gz
021044,1044,TONOSHOU,土庄,GSI,34.4785335,134.1759775,87.6836,-3667921.0186,3774971.3804,3590378.8316,ITRF2020,GRS80,Bernese,IGS,F5.1(GPS),00,2020-01,2020/01/01 12:00:00,2020/12/31 12:00:00,366,2020-01-01,365,021044.20.pos.gz
021045,1045,SAKAIDE,坂出,GSI,34.3259181,133.8993890,44.2771,-3656262.8163,3799500.3240,3576385.7096,ITRF2020,GRS80,Bernese,IGS,F5.1(GPS),00,2020-01,2020/01/01 12:00:00,2020/12/31 12:00:00,366,2020-01-01,364,021045.20.pos.gz
021046,1046,NIIHAMA,新居浜,GSI,33.9741698,133.3507002,41.2919,-3634744.0949,3850264.9341,3544093.9659,ITRF2020,GRS80,Bernese,IGS,F5.1(GPS),00,2020-01,2020/01/01 12:00:00,2020/12/31 12:00:00,366,2020-01-01,366,021046.20.pos.gz
021047,1047,TANBARA,丹原,GSI,33.8840884,133.0474016,78.8049,-3618139.9259,3873550.1489,3535824.2428,ITRF2020,GRS80,Bernese,IGS,F5.1(GPS),00,2020-01,2020/01/01 12:00:00,2020/12/31 12:00:00,366,2020-01-01,363,021047.20.pos.gz
021048,1048,HIROTA,広田,GSI,33.6427319,132.7985285,338.6305,-3611536.1995,3900305.2427,3513712.2971,ITRF2020,GRS80,Bernese,IGS,F5.1(GPS),00,2020-01,2020/01/01 12:00:00,2020/12/31 12:00:00,366,2020-01-01,366,021048.20.pos.gz
021049,1049,HIROMI,広見,GSI,33.3050558,132.7436877,198.5949,-3621743.1497,3918845.7281,3482393.1346,ITRF2020,GRS80,Bernese,IGS,F5.1(GPS),00,2020-01,2020/01/01 12:00:00,2020/12/31 12:00:00,366,2020-01-01,366,021049.20.pos.gz
021050,1050,TSUSHIMA,津島,GSI,33.0960874,132.6336413,281.0993,-3622852.2249,3935182.3304,3463044.6431,ITRF2020,GRS80,Bernese,IGS,F5.1(GPS),00,2020-01,2020/01/01 12:00:00,2020/12/31 12:00:00,366,2020-01-01,359,021050.20.pos.gz
021051,1051,TOSAYAMA,土佐山,GSI,33.6258033,133.5310284,297.3405,-3661795.9521,3854545.0765,3512126.0376,ITRF2020,GRS80,Bernese,IGS,F5.1(GPS),00,2020-01,2020/01/01 12:00:00,2020/12/31 12:00:00,366,2020-01-01,366,021051.20.pos.gz
021052,1052,IKEGAWA,池川,GSI,33.6070223,133.1544908,317.9005,-3637186.2299,3879380.1938,3510402.5981,ITRF2020,GRS80,Bernese,IGS,F5.1(GPS),00,2020-01,2020/01/01 12:00:00,2020/12/31 12:00:00,366,2020-01-01,230,021052.20.pos.gz
021053,1053,KOUCHIKITAGAWA,高知北川,GSI,33.4971104,134.0993157,147.6587,-3705251.2715,3823614.0763,3500148.5224,ITRF2020,GRS80,Bernese,IGS,F5.1(GPS),00,2020-01,2020/01/01 12:00:00,2020/12/31 12:00:00,366,2020-01-01,366,021053.20.pos.gz
021054,1054,HIGASHITSUNO,東津野,GSI,33.4166627,133.0895447,464.4871,-3640833.8344,3892103.2231,3492878.6452,ITRF2020,GRS80,Bernese,IGS,F5.1(GPS),00,2020-01,2020/01/01 12:00:00,2020/12/31 12:00:00,366,2020-01-01,366,021054.20.pos.gz
021055,1055,MUROTO2,室戸２,GSI,33.3948951,134.2055316,50.0441,-3716633.0349,3821159.4416,3490634.9576,ITRF2020,GRS80,Bernese,IGS,F5.1(GPS),00,2020-01,2020/01/01 12:00:00,2020/12/31 12:00:00,366,2020-01-01,365,021055.20.pos.gz
021056,1056,TAISHOU,大正,GSI,33.1931392,132.9721315,189.3865,-3641972.9813,3909348.4164,3472007.2245,ITRF2020,GRS80,Bernese,IGS,F5.1(GPS),00,2020-01,2020/01/01 12:00:00,2020/12/31 12:00:00,366,2020-01-01,366,021056.20.pos.gz
021058,1058,NAKAMURA,中村,GSI,32.9610686,132.8314632,46.6846,-3641832.6882,3928492.0375,3450362.1528,ITRF2020,GRS80,Bernese,IGS,F5.1(GPS),00,2020-01,2020/01/01 12:00:00,2020/12/31 12:00:00,366,2020-01-01,366,021058.20.pos.gz
021059,1059,SUKUMO,宿毛,GSI,32.7386119,132.5554351,183.0338,-3631992.8046,3955933.6374,3429709.8962,ITRF2020,GRS80,Bernese,IGS,F5.1(GPS),00,2020-01,2020/01/01 12:00:00,2020/12/31 12:00:00,366,2020-01-01,366,021059.20.pos.gz
021060,1060,KITAKYUUSHUU1,北九州１,GSI,33.9297203,130.7224243,40.9529,-3456159.1585,4014976.1671,3540003.9445,ITRF2020,GRS80,Bernese,IGS,F5.1(GPS),00,2020-01,2020/01/01 12:00:00,2020/12/31 12:00:00,366,2020-01-01,366,021060.20.pos.gz
021061,1061,KITAKYUUSHUU2,北九州２,GSI,33.8670095,130.9711246,42.9435,-3476098.8868,4002866.8631,3534231.4181,ITRF2020,GRS80,Bernese,IGS,F5.1(GPS),00,2020-01,2020/01/08 12:00:00,2020/12/31 12:00:00,359,2020-01-08,249,021061.20.pos.gz
021062,1062,FUKUOKA,福岡,GSI,33.6830692,130.2969083,53.1932,-3436097.6107,4052150.4777,3517278.0090,ITRF2020,GRS80,Bernese,IGS,F5.1(GPS),00,2020-01,2020/01/01 12:00:00,2020/12/31 12:00:00,366,2020-01-01,366,021062.20.pos.gz
021063,1063,KEISEN,桂川,GSI,33.5797676,130.6756700,77.0045,-3466958.6873,4034175.1611,3507751.1616,ITRF2020,GRS80,Bernese,IGS,F5.1(GPS),00,2020-01,2020/01/01 12:00:00,2020/12/31 12:00:00,366,2020-01-01,366,021063.20.pos.gz
021064,1064,TSUIKI,築城,GSI,33.5647333,130.9954285,243.9714,-3490114.8483,4015564.9028,3506454.0871,ITRF2020,GRS80,Bernese,IGS,F5.1(GPS),00,2020-01,2020/01/01 12:00:00,2020/12/31 12:00:00,366,2020-01-01,366,021064.20.pos.gz
021065,1065,NIJOU,二丈,GSI,33.5030368,130.0792739,47.2084,-3427791.2615,4073622.8922,3500641.2159,ITRF2020,GRS80,Bernese,IGS,F5.1(GPS),00,2020-01,2020/01/01 12:00:00,2020/12/31 12:00:00,366,2020-01-01,366,021065.20.pos.gz
021067,1067,KAWATANA,川棚,GSI,33.0733857,129.8629541,42.7520,-3429148.1780,4106608.0064,3460804.9417,ITRF2020,GRS80,Bernese,IGS,F5.1(GPS),00,2020-01,2020/01/01 12:00:00,2020/12/31 12:00:00,366,2020-01-01,366,021067.20.pos.gz
021068,1068,NAGASAKI2,長崎２,GSI,32.7683041,129.9589499,94.7993,-3447861.6300,4114985.2944,3432431.5459,ITRF2020,GRS80,Bernese,IGS,F5.1(GPS),00,2020-01,2020/01/01 12:00:00,2020/12/31 12:00:00,366,2020-01-01,350,021068.20.pos.gz
021069,1069,KUMAMOTOMIKAWA,三加和,GSI,33.0601366,130.6217679,72.8374,-3483771.3450,4061461.9195,3459589.9341,ITRF2020,GRS80,Bernese,IGS,F5.1(GPS),00,2020-01,2020/01/01 12:00:00,2020/12/31 12:00:00,366,2020-01-01,366,021069.20.pos.gz
021070,1070,KIKUCHI,菊池,GSI,32.9959388,130.8726591,290.1449,-3504181.2620,4049240.3022,3453738.8954,ITRF2020,GRS80,Bernese,IGS,F5.1(GPS),00,2020-01,2020/01/01 12:00:00,2020/12/31 12:00:00,366,2020-01-01,362,021070.20.pos.gz
021071,1071,JOUNAN,城南,GSI,32.7092348,130.7483767,69.2878,-3506527.7397,4069758.9310,3426907.5233,ITRF2020,GRS80,Bernese,IGS,F5.1(GPS),00,2020-01,2020/01/01 12:00:00,2020/12/31 12:00:00,366,2020-01-01,366,021071.20.pos.gz
021073,1073,ITSUKI,五木,GSI,32.3960777,130.8273502,343.7943,-3524502.3480,4079236.9602,3397782.1457,ITRF2020,GRS80,Bernese,IGS,F5.1(GPS),00,2020-01,2020/01/01 12:00:00,2020/12/31 12:00:00,366,2020-01-01,366,021073.20.pos.gz
021074,1074,SHINWA,新和,GSI,32.3674072,130.1798948,71.6193,-3479132.3193,4119928.7095,3394951.3136,ITRF2020,GRS80,Bernese,IGS,F5.1(GPS),00,2020-01,2020/01/01 12:00:00,2020/12/31 12:00:00,366,2020-01-01,205,021074.20.pos.gz
021075,1075,KUMA,球磨,GSI,32.3435122,130.6564955,380.3614,-3514376.0317,4092119.9032,3392878.0783,ITRF2020,GRS80,Bernese,IGS,F5.1(GPS),00,2020-01,2020/01/01 12:00:00,2020/12/31 12:00:00,366,2020-01-01,362,021075.20.pos.gz
021076,1076,KUMAMOTOMIZUKAMI,熊本水上,GSI,32.2923927,130.9863983,222.9537,-3539780.1857,4074004.1980,3388003.0552,ITRF2020,GRS80,Bernese,IGS,F5.1(GPS),00,2020-01,2020/01/01 12:00:00,2020/12/31 12:00:00,366,2020-01-01,366,021076.20.pos.gz
021077,1077,BUNGOTAKADA,豊後高田,GSI,33.5143307,131.5211525,123.5758,-3528793.7452,3985609.8649,3501727.8482,ITRF2020,GRS80,Bernese,IGS,F5.1(GPS),00,2020-01,2020/01/01 12:00:00,2020/12/31 12:00:00,366,2020-01-01,366,021077.20.pos.gz
021078,1078,INNAI,院内,GSI,33.3837534,131.2916811,182.8331,-3518103.5127,4005746.0240,3489676.2330,ITRF2020,GRS80,Bernese,IGS,F5.1(GPS),00,2020-01,2020/01/01 12:00:00,2020/12/31 12:00:00,366,2020-01-01,354,021078.20.pos.gz
021079,1079,USUKI,臼杵,GSI,33.0961962,131.7484120,49.5970,-3561489.5075,3990534.4908,3462928.3385,ITRF2020,GRS80,Bernese,IGS,F5.1(GPS),00,2020-01,2020/01/01 12:00:00,2020/12/31 12:00:00,366,2020-01-01,366,021079.20.pos.gz
021080,1080,YONOUZU,米水津,GSI,32.9363565,132.0390486,38.0823,-3588147.4630,3979583.8676,3448057.6165,ITRF2020,GRS80,Bernese,IGS,F5.1(GPS),00,2020-01,2020/01/01 12:00:00,2020/12/31 12:00:00,366,2020-01-01,366,021080.20.pos.gz
021081,1081,OGATA,緒方,GSI,32.8988955,131.4415279,329.7454,-3548107.5709,4018662.5507,3444728.4716,ITRF2020,GRS80,Bernese,IGS,F5.1(GPS),00,2020-01,2020/01/01 12:00:00,2020/12/31 12:00:00,366,2020-01-01,366,021081.20.pos.gz
021082,1082,UME,宇目,GSI,32.8522235,131.6292277,214.5106,-3563055.8083,4009045.3140,3440318.6458,ITRF2020,GRS80,Bernese,IGS,F5.1(GPS),00,2020-01,2020/01/01 12:00:00,2020/12/31 12:00:00,366,2020-01-01,366,021082.20.pos.gz
021083,1083,MOROTSUKA,諸塚,GSI,32.5279309,131.3647058,867.8749,-3557709.7076,4040444.2008,3410401.7669,ITRF2020,GRS80,Bernese,IGS,F5.1(GPS),00,2020-01,2020/01/01 12:00:00,2020/12/31 12:00:00,366,2020-01-01,366,021083.20.pos.gz
021084,1084,TOUGOU,東郷,GSI,32.3162316,131.5830324,84.4258,-3580995.6601,4035779.1031,3390163.4564,ITRF2020,GRS80,Bernese,IGS,F5.1(GPS),00,2020-01,2020/01/01 12:00:00,2020/12/31 12:00:00,366,2020-01-01,366,021084.20.pos.gz
021085,1085,SAITO,西都,GSI,32.1118889,131.3474920,54.0829,-3572337.6824,4059515.3796,3370975.5852,ITRF2020,GRS80,Bernese,IGS,F5.1(GPS),00,2020-01,2020/01/01 12:00:00,2020/12/31 12:00:00,366,2020-01-01,366,021085.20.pos.gz
021086,1086,AYA,綾,GSI,32.0018026,131.2544602,61.4047,-3570017.9740,4070186.1054,3360633.4884,ITRF2020,GRS80,Bernese,IGS,F5.1(GPS),00,2020-01,2020/01/01 12:00:00,2020/12/31 12:00:00,366,2020-01-01,366,021086.20.pos.gz
021087,1087,MIYAKONOJOU2,都城２,GSI,31.8777937,130.9769564,400.6565,-3555222.1197,4093138.8164,3349143.5306,ITRF2020,GRS80,Bernese,IGS,F5.1(GPS),00,2020-01,2020/01/01 12:00:00,2020/12/31 12:00:00,366,2020-01-01,366,021087.20.pos.gz
021088,1088,MIYAZAKI,宮崎,GSI,31.7859720,131.4700703,38.2278,-3593669.8625,4066182.9172,3340301.8388,ITRF2020,GRS80,Bernese,IGS,F5.1(GPS),00,2020-01,2020/01/01 12:00:00,2020/12/31 12:00:00,366,2020-01-01,366,021088.20.pos.gz
021089,1089,HAYATO,隼人,GSI,31.7437794,130.7356790,54.5639,-3542873.8852,4113786.4139,3336332.7360,ITRF2020,GRS80,Bernese,IGS,F5.1(GPS),00,2020-01,2020/01/01 12:00:00,2020/12/31 12:00:00,366,2020-01-01,366,021089.20.pos.gz
021090,1090,OOSUMI,大隅,GSI,31.5646026,130.9983087,126.8630,-3568573.5998,4105419.0784,3319458.8162,ITRF2020,GRS80,Bernese,IGS,F5.1(GPS),00,2020-01,2020/01/01 12:00:00,2020/12/31 12:00:00,366,2020-01-01,366,021090.20.pos.gz
021091,1091,KINPOU,金峰,GSI,31.4502500,130.3400591,44.2489,-3525417.3259,4151142.2735,3308605.5465,ITRF2020,GRS80,Bernese,IGS,F5.1(GPS),00,2020-01,2020/01/01 12:00:00,2020/12/31 12:00:00,366,2020-01-01,365,021091.20.pos.gz
021092,1092,KIIRE,喜入,GSI,31.3772350,130.5405981,87.0318,-3542691.3991,4142012.0989,3301718.7405,ITRF2020,GRS80,Bernese,IGS,F5.1(GPS),00,2020-01,2020/01/01 12:00:00,2020/12/31 12:00:00,366,2020-01-01,366,021092.20.pos.gz
021093,1093,OONEJIME,大根占,GSI,31.2427456,130.8671097,212.9633,-3571378.5935,4127697.7485,3289043.9864,ITRF2020,GRS80,Bernese,IGS,F5.1(GPS),00,2020-01,2020/01/01 12:00:00,2020/12/31 12:00:00,366,2020-01-01,366,021093.20.pos.gz
021094,1094,YONASHIRO,与那城,GSI,26.3863419,127.9936794,51.6717,-3519532.3937,4505820.5019,2817492.6075,ITRF2020,GRS80,Bernese,IGS,F5.1(GPS),00,2020-01,2020/01/01 12:00:00,2020/12/31 12:00:00,366,2020-01-01,366,021094.20.pos.gz
021095,1095,CHATAN,北谷,GSI,26.3127112,127.7603678,40.6584,-3503366.5249,4522969.5828,2810177.4440,ITRF2020,GRS80,Bernese,IGS,F5.1(GPS),00,2020-01,2020/01/01 12:00:00,2020/12/31 12:00:00,366,2020-01-01,366,021095.20.pos.gz
021096,1096,NAHA,那覇,GSI,26.1945736,127.6776358,40.1060,-3500370.4542,4532605.5222,2798438.6094,ITRF2020,GRS80,Bernese,IGS,F5.1(GPS),00,2020-01,2020/01/01 12:00:00,2020/12/31 12:00:00,366,2020-01-01,366,021096.20.pos.gz
021098,1098,MINAMITORISHIMA,南鳥島,GSI,24.2900975,153.9786501,35.6533,-5227187.5106,2551881.2607,2607618.2693,ITRF2020,GRS80,Bernese,IGS,F5.1(GPS),00,2020-01,2020/01/01 12:00:00,2020/12/31 12:00:00,366,2020-01-01,366,021098.20.pos.gz
021099,1099,NORIKURADAKE,乗鞍岳,GSI,36.1143036,137.5508481,2824.3879,-3808044.8621,3483218.1077,3740109.7900,ITRF2020,GRS80,Bernese,IGS,F5.1(GPS),00,2020-01,2020/01/01 12:00:00,2020/12/30 12:00:00,365,2020-01-01,111,021099.20.pos.gz
021100,1100,FUJISAN,富士山,GSI,35.3607702,138.7273066,3819.9604,-3916086.3849,3437060.5057,3672791.8717,ITRF2020,GRS80,Bernese,IGS,F5.1(GPS),00,2020-01,2020/01/01 12:00:00,2020/12/31 12:00:00,366,2020-01-01,330,021100.20.pos.gz
021101,1101,DAIAN-A,大安Ａ,GSI,35.1047615,136.5037598,161.6609,-3789507.5742,3595635.8318,3647474.2873,ITRF2020,GRS80,Bernese,IGS,F5.1(GPS),00,2020-01,2020/01/01 12:00:00,2020/12/31 12:00:00,366,2020-01-01,366,021101.20.pos.gz
022005,2005,SHINTOTSUKAWA-A,新十津川Ａ,GSI,43.5286424,141.8448202,118.5904,-3642161.4539,2861487.8590,4370351.2188,ITRF2020,GRS80,Bernese,IGS,F5.1(GPS),00,2020-01,2020/01/01 12:00:00,2020/12/31 12:00:00,366,2020-01-01,364,022005.20.pos.gz
02P102,P102,P-OKUSHIRI,Ｐ奥尻,OTHER_P,42.0787834,139.4891985,42.2461,-3604633.7289,3079823.4947,4252131.2244,ITRF2020,GRS80,Bernese,IGS,F5.1(GPS),00,2020-01,2020/01/01 12:00:00,2020/12/31 12:00:00,366,2020-01-01,366,02P102.20.pos.gz
02P103,P103,P-ASAMUSHI,Ｐ浅虫,OTHER_P,40.8974884,140.8592144,44.3293,-3744649.9648,3047623.1271,4153853.7701,ITRF2020,GRS80,Bernese,IGS,F5.1(GPS),00,2020-01,2020/01/01 12:00:00,2020/12/31 12:00:00,366,2020-01-01,345,02P103.20.pos.gz
02P104,P104,P-OGA,Ｐ男鹿,OTHER_P,39.9421081,139.7034752,44.7723,-3734880.7243,3167019.7545,4073088.1151,ITRF2020,GRS80,Bernese,IGS,F5.1(GPS),00,2020-01,2020/01/01 12:00:00,2020/12/31 12:00:00,366,2020-01-01,366,02P104.20.pos.gz
02P105,P105,P-NEZUGASEKI,Ｐ鼠ヶ関,OTHER_P,38.5633341,139.5459859,45.5199,-3799860.2714,3240116.4031,3954557.4769,ITRF2020,GRS80,Bernese,IGS,F5.1(GPS),00,2020-01,2020/01/01 12:00:00,2020/12/31 12:00:00,366,2020-01-01,366,02P105.20.pos.gz
02P107,P107,P-KATSUURA,Ｐ勝浦,OTHER_P,35.1293824,140.2494572,39.5340,-4015024.0494,3339324.6065,3649638.3872,ITRF2020,GRS80,Bernese,IGS,F5.1(GPS),00,2020-01,2020/01/01 12:00:00,2020/12/31 12:00:00,366,2020-01-01,366,02P107.20.pos.gz
02P109,P109,P-OGI,Ｐ小木,OTHER_P,37.8147560,138.2812687,44.8647,-3765764.8221,3357383.1173,3889248.6654,ITRF2020,GRS80,Bernese,IGS,F5.1(GPS),00,2020-01,2020/01/01 12:00:00,2020/12/31 12:00:00,366,2020-01-01,366,02P109.20.pos.gz
02P110,P110,P-KASHIWAZAKI,Ｐ柏崎,OTHER_P,37.3565441,138.5085288,45.6531,-3802287.9863,3362971.3660,3848948.2611,ITRF2020,GRS80,Bernese,IGS,F5.1(GPS),00,2020-01,2020/01/01 12:00:00,2020/12/31 12:00:00,366,2020-01-01,366,02P110.20.pos.gz
02P111,P111,P-WAJIMA,Ｐ輪島,OTHER_P,37.4057276,136.9003341,43.9134,-3703989.0390,3466091.1259,3853284.7339,ITRF2020,GRS80,Bernese,IGS,F5.1(GPS),00,2020-01,2020/01/01 12:00:00,2020/12/31 12:00:00,366,2020-01-01,366,02P111.20.pos.gz
02P112,P112,P-MIKUNI,Ｐ三国,OTHER_P,36.2545731,136.1488655,42.6527,-3713434.5191,3567422.9356,3751032.8715,ITRF2020,GRS80,Bernese,IGS,F5.1(GPS),00,2020-01,2020/01/01 12:00:00,2020/12/31 12:00:00,366,2020-01-01,366,02P112.20.pos.gz
02P114,P114,P-TAGO,Ｐ田子,OTHER_P,34.8068981,138.7642023,47.4372,-3942545.0618,3455790.7256,3620325.0339,ITRF2020,GRS80,Bernese,IGS,F5.1(GPS),00,2020-01,2020/01/01 12:00:00,2020/12/31 12:00:00,366,2020-01-01,366,02P114.20.pos.gz
02P115,P115,P-YAIZU,Ｐ焼津,OTHER_P,34.8706697,138.3274154,46.4955,-3913066.5298,3483057.8506,3626131.1637,ITRF2020,GRS80,Bernese,IGS,F5.1(GPS),00,2020-01,2020/01/01 12:00:00,2020/12/31 12:00:00,366,2020-01-01,366,02P115.20.pos.gz
02P117,P117,P-KAINAN,Ｐ海南,OTHER_P,34.1441451,135.1915393,45.7847,-3749062.1248,3724079.3891,3559716.5693,ITRF2020,GRS80,Bernese,IGS,F5.1(GPS),00,2020-01,2020/01/01 12:00:00,2020/12/31 12:00:00,366,2020-01-01,366,02P117.20.pos.gz
02P118,P118,P-TAJIRI,Ｐ田後,OTHER_P,35.5936854,134.3159371,42.5162,-3627486.9906,3715156.0750,3691650.0752,ITRF2020,GRS80,Bernese,IGS,F5.1(GPS),00,2020-01,2020/01/01 12:00:00,2020/12/31 12:00:00,366,2020-01-01,362,02P118.20.pos.gz
02P119,P119,P-SUSA,Ｐ須佐,OTHER_P,34.6275874,131.6046504,39.3272,-3488617.7552,3928682.4364,3603969.7091,ITRF2020,GRS80,Bernese,IGS,F5.1(GPS),00,2020-01,2020/01/01 12:00:00,2020/12/31 12:00:00,366,2020-01-01,366,02P119.20.pos.gz
02P120,P120,P-KURE,Ｐ久礼,OTHER_P,33.3335002,133.2435021,43.2433,-3654514.4076,3885746.1454,3484944.0507,ITRF2020,GRS80,Bernese,IGS,F5.1(GPS),00,2020-01,2020/01/01 12:00:00,2020/12/31 12:00:00,366,2020-01-01,366,02P120.20.pos.gz
02P122,P122,P-HOSOJIMA,Ｐ細島,OTHER_P,32.4286211,131.6696025,36.5325,-3582625.9380,4025348.8584,3400664.1985,ITRF2020,GRS80,Bernese,IGS,F5.1(GPS),00,2020-01,2020/01/01 12:00:00,2020/12/31 12:00:00,366,2020-01-01,366,02P122.20.pos.gz
02P124,P124,P-OKINAWA,Ｐ沖縄,OTHER_P,26.1794664,127.8246763,38.4679,-3512443.1827,4524189.7422,2796935.9321,ITRF2020,GRS80,Bernese,IGS,F5.1(GPS),00,2020-01,2020/01/01 12:00:00,2020/12/31 12:00:00,366,2020-01-01,366,02P124.20.pos.gz
02P201,P201,P-WAKKANAI,Ｐ稚内,OTHER_P,45.4078183,141.6853345,31.7043,-3519364.2801,2780889.3954,4519304.9984,ITRF2020,GRS80,Bernese,IGS,F5.1(GPS),00,2020-01,2020/01/01 12:00:00,2020/12/31 12:00:00,366,2020-01-01,366,02P201.20.pos.gz
02P202,P202,P-ABASHIRI,Ｐ網走,OTHER_P,44.0194110,144.2857921,36.5334,-3730050.1862,2681715.7724,4409668.2205,ITRF2020,GRS80,Bernese,IGS,F5.1(GPS),00,2020-01,2020/01/01 12:00:00,2020/12/31 12:00:00,366,2020-01-01,366,02P202.20.pos.gz
02P203,P203,P-KUSHIRO,Ｐ釧路,OTHER_P,42.9755702,144.3713977,35.9784,-3798936.1553,2722640.6653,4325541.0196,ITRF2020,GRS80,Bernese,IGS,F5.1(GPS),00,2020-01,2020/01/01 12:00:00,2020/12/31 12:00:00,366,2020-01-01,366,02P203.20.pos.gz
02P204,P204,P-HAKODATE,Ｐ函館,OTHER_P,41.7816540,140.7245380,39.6362,-3687264.3241,3015354.7558,4227576.6633,ITRF2020,GRS80,Bernese,IGS,F5.1(GPS),00,2020-01,2020/01/01 12:00:00,2020/12/31 12:00:00,366,2020-01-01,366,02P204.20.pos.gz
02P205,P205,P-OOFUNATO,Ｐ大船渡,OTHER_P,39.0197518,141.7533152,46.6365,-3896907.2601,3071708.3780,3994050.2424,ITRF2020,GRS80,Bernese,IGS,F5.1(GPS),00,2020-01,2020/01/01 12:00:00,2020/12/31 12:00:00,366,2020-01-01,364,02P205.20.pos.gz
02P206,P206,P-MERA,Ｐ布良,OTHER_P,34.9187925,139.8249202,45.6518,-4000420.1575,3377635.7343,3630509.5210,ITRF2020,GRS80,Bernese,IGS,F5.1(GPS),00,2020-01,2020/01/01 12:00:00,2020/12/31 12:00:00,366,2020-01-01,366,02P206.20.pos.gz
02P207,P207,P-TOYAMA,Ｐ富山,OTHER_P,36.7621732,137.2245831,44.2303,-3755156.4652,3474321.4586,3796308.3999,ITRF2020,GRS80,Bernese,IGS,F5.1(GPS),00,2020-01,2020/01/01 12:00:00,2020/12/31 12:00:00,366,2020-01-01,366,02P207.20.pos.gz
02P208,P208,P-KUSHIMOTO,Ｐ串本,OTHER_P,33.4759471,135.7731908,46.3680,-3816227.2887,3714594.7403,3498134.9321,ITRF2020,GRS80,Bernese,IGS,F5.1(GPS),00,2020-01,2020/01/01 12:00:00,2020/12/31 12:00:00,366,2020-01-01,366,02P208.20.pos.gz
02P209,P209,P-HAMADA,Ｐ浜田,OTHER_P,34.8973114,132.0662175,39.5243,-3508722.5967,3887785.9803,3628551.6964,ITRF2020,GRS80,Bernese,IGS,F5.1(GPS),00,2020-01,2020/01/01 12:00:00,2020/12/31 12:00:00,366,2020-01-01,366,02P209.20.pos.gz
02P210,P210,P-NAGASAKI,Ｐ長崎,OTHER_P,32.7351165,129.8662022,38.5492,-3442441.9875,4122053.1355,3429305.6907,ITRF2020,GRS80,Bernese,IGS,F5.1(GPS),00,2020-01,2020/01/01 12:00:00,2020/12/31 12:00:00,366,2020-01-01,366,02P210.20.pos.gz
02P211,P211,P-ABURATSU,Ｐ油津,OTHER_P,31.5769667,131.4093076,36.8677,-3597405.4065,4079119.4522,3320579.7355,ITRF2020,GRS80,Bernese,IGS,F5.1(GPS),00,2020-01,2020/01/01 12:00:00,2020/12/31 12:00:00,366,2020-01-01,366,02P211.20.pos.gz
02P212,P212,P-NAHA,Ｐ那覇,OTHER_P,26.2133221,127.6652115,38.6489,-3498826.2372,4532637.3586,2800301.6672,ITRF2020,GRS80,Bernese,IGS,F5.1(GPS),00,2020-01,2020/01/01 12:00:00,2020/12/31 12:00:00,366,2020-01-01,366,02P212.20.pos.gz
02S043,S043,S-KAKEGAWA,Ｓ掛川,OTHER_S,34.8767161,138.0169285,227.3018,-3893959.5774,3504054.2596,3626784.8666,ITRF2020,GRS80,Bernese,IGS,F5.1(GPS),00,2020-01,2020/01/01 12:00:00,2020/12/31 12:00:00,366,2020-01-01,366,02S043.20.pos.gz
031102,1102,HATANAGI-A,静岡畑薙Ａ,GSI,35.3220745,138.1857870,995.0086,-3883561.3833,3474038.5207,3667654.4458,ITRF2020,GRS80,Bernese,IGS,F5.1(GPS),00,2020-01,2020/01/01 12:00:00,2020/12/31 12:00:00,366,2020-01-01,365,031102.20.pos.gz
031103,1103,TSUKUDE,作手,GSI,34.9674805,137.4231342,580.2435,-3853404.4243,3540516.5911,3635243.5974,ITRF2020,GRS80,Bernese,IGS,F5.1(GPS),00,2020-01,2020/01/01 12:00:00,2020/12/31 12:00:00,366,2020-01-01,365,031103.20.pos.gz
031104,1104,TOBA2,鳥羽２,GSI,34.5439139,136.9817504,52.6600,-3845284.8312,3588076.6371,3596335.4304,ITRF2020,GRS80,Bernese,IGS,F5.1(GPS),00,2020-01,2020/01/01 12:00:00,2020/12/31 12:00:00,366,2020-01-01,366,031104.20.pos.gz
031105,1105,ISOBE,磯部,GSI,34.3735795,136.8019987,50.6229,-3841801.8441,3607439.8829,3580754.3387,ITRF2020,GRS80,Bernese,IGS,F5.1(GPS),00,2020-01,2020/01/01 12:00:00,2020/12/31 12:00:00,366,2020-01-01,366,031105.20.pos.gz
031106,1106,KISEI,紀勢,GSI,34.2979271,136.3884933,190.2719,-3819177.7442,3638416.6554,3573903.3044,ITRF2020,GRS80,Bernese,IGS,F5.1(GPS),00,2020-01,2020/01/01 12:00:00,2020/12/31 12:00:00,366,2020-01-01,366,031106.20.pos.gz
031107,1107,MIEKUMANO2,三重熊野２,GSI,33.9329481,136.1399695,67.8974,-3819659.4885,3670611.7337,3540316.0525,ITRF2020,GRS80,Bernese,IGS,F5.1(GPS),00,2020-01,2020/01/01 12:00:00,2020/12/31 12:00:00,366,2020-01-01,366,031107.20.pos.gz
031109,1109,KANAYA,金屋,GSI,34.0908496,135.2903413,372.1010,-3758027.0238,3720131.7854,3555005.1426,ITRF2020,GRS80,Bernese,IGS,F5.1(GPS),00,2020-01,2020/01/01 12:00:00,2020/12/31 12:00:00,366,2020-01-01,356,031109.20.pos.gz
031110,1110,MINABEGAWA,南部川,GSI,33.8545000,135.3991282,205.8111,-3775416.6587,3723179.8262,3533169.9211,ITRF2020,GRS80,Bernese,IGS,F5.1(GPS),00,2020-01,2020/01/01 12:00:00,2020/12/31 12:00:00,366,2020-01-01,362,031110.20.pos.gz
031111,1111,KUMANOGAWA,熊野川,GSI,33.7990824,135.8710894,83.2155,-3808340.1742,3694266.4205,3527995.1981,ITRF2020,GRS80,Bernese,IGS,F5.1(GPS),00,2020-01,2020/01/01 12:00:00,2020/12/31 12:00:00,366,2020-01-01,355,031111.20.pos.gz
031112,1112,SHIRAHAMA,白浜,GSI,33.6472510,135.4059995,49.7928,-3784865.5420,3731602.7453,3513969.5520,ITRF2020,GRS80,Bernese,IGS,F5.1(GPS),00,2020-01,2020/01/01 12:00:00,2020/12/31 12:00:00,366,2020-01-01,366,031112.20.pos.gz
031113,1113,KOZA,古座,GSI,33.5200802,135.8341415,118.4626,-3818281.8759,3708692.5597,3502256.6971,ITRF2020,GRS80,Bernese,IGS,F5.1(GPS),00,2020-01,2020/01/01 12:00:00,2020/12/31 12:00:00,366,2020-01-01,366,031113.20.pos.gz
031114,1114,TOKUSHIMAKATUURA,徳島勝浦,GSI,33.9327970,134.5100280,72.5191,-3713716.3449,3777782.3862,3540304.7283,ITRF2020,GRS80,Bernese,IGS,F5.1(GPS),00,2020-01,2020/01/01 12:00:00,2020/12/31 12:00:00,366,2020-01-01,366,031114.20.pos.gz
031116,1116,AIOI,相生,GSI,33.8219779,134.4845529,132.0968,-3716872.2026,3784356.9461,3530132.4983,ITRF2020,GRS80,Bernese,IGS,F5.1(GPS),00,2020-01,2020/01/01 12:00:00,2020/12/31 12:00:00,366,2020-01-01,366,031116.20.pos.gz
031117,1117,OOZU,大洲,GSI,33.5103548,132.5647048,303.1016,-3601061.9930,3920970.5257,3501459.2738,ITRF2020,GRS80,Bernese,IGS,F5.1(GPS),00,2020-01,2020/01/01 12:00:00,2020/12/31 12:00:00,366,2020-01-01,366,031117.20.pos.gz
031118,1118,UWAJIMA2,宇和島２,GSI,33.2021809,132.3603887,43.3988,-3599574.0947,3947513.9431,3472766.4349,ITRF2020,GRS80,Bernese,IGS,F5.1(GPS),00,2020-01,2020/01/01 12:00:00,2020/12/31 12:00:00,366,2020-01-01,366,031118.20.pos.gz
031119,1119,INO,伊野,GSI,33.5457267,133.4317060,55.7842,-3658348.1220,3864308.9369,3504593.2302,ITRF2020,GRS80,Bernese,IGS,F5.1(GPS),00,2020-01,2020/01/01 12:00:00,2020/12/31 12:00:00,366,2020-01-01,366,031119.20.pos.gz
031120,1120,YOSHIKAWA,吉川,GSI,33.5425351,133.6998377,45.9294,-3676521.5817,3847281.8954,3504292.7505,ITRF2020,GRS80,Bernese,IGS,F5.1(GPS),00,2020-01,2020/01/01 12:00:00,2020/12/31 12:00:00,366,2020-01-01,366,031120.20.pos.gz
031121,1121,MUROTO3,室戸３,GSI,33.3673839,134.0561907,48.3736,-3707827.0556,3832039.3377,3488086.0927,ITRF2020,GRS80,Bernese,IGS,F5.1(GPS),00,2020-01,2020/01/01 12:00:00,2020/12/31 12:00:00,366,2020-01-01,366,031121.20.pos.gz
031122,1122,MUROTO4,室戸４,GSI,33.2661245,134.1781124,286.7066,-3720410.7662,3828707.6166,3478831.8685,ITRF2020,GRS80,Bernese,IGS,F5.1(GPS),00,2020-01,2020/01/01 12:00:00,2020/12/31 12:00:00,366,2020-01-01,366,031122.20.pos.gz
031123,1123,YUSUHARA2,檮原２,GSI,33.3121321,132.9740236,308.1360,-3637236.6704,3904005.8869,3483109.2224,ITRF2020,GRS80,Bernese,IGS,F5.1(GPS),00,2020-01,2020/01/01 12:00:00,2020/12/31 12:00:00,366,2020-01-01,366,031123.20.pos.gz
031124,1124,NAKAMURA2,中村２,GSI,33.0601208,132.8220789,65.1419,-3637131.7071,3924710.1595,3459584.2710,ITRF2020,GRS80,Bernese,IGS,F5.1(GPS),00,2020-01,2020/01/01 12:00:00,2020/12/31 12:00:00,366,2020-01-01,366,031124.20.pos.gz
031125,1125,TOSASHIMIZU2,土佐清水２,GSI,32.8694832,132.9821699,43.2638,-3655914.2980,3922934.9332,3441833.6139,ITRF2020,GRS80,Bernese,IGS,F5.1(GPS),00,2020-01,2020/01/01 12:00:00,2020/12/31 12:00:00,366,2020-01-01,366,031125.20.pos.gz
031126,1126,TOSASHIMIZU3,土佐清水３,GSI,32.7621002,132.8106567,42.8804,-3648540.4908,3938595.6156,3431824.8920,ITRF2020,GRS80,Bernese,IGS,F5.1(GPS),00,2020-01,2020/01/01 12:00:00,2020/12/31 12:00:00,366,2020-01-01,366,031126.20.pos.gz
031127,1127,KISOKOMAGATAKE,木曽駒ヶ岳,GSI,35.7775343,137.8144816,2677.1629,-3840203.9715,3480316.0886,3709758.8692,ITRF2020,GRS80,Bernese,IGS,F5.1(GPS),00,2020-01,2020/01/01 12:00:00,2020/12/31 12:00:00,366,2020-01-01,365,031127.20.pos.gz
031128,1128,GIFU-A,岐阜Ａ,GSI,35.4051334,136.7287550,51.7949,-3789526.7275,3567480.2878,3674624.0800,ITRF2020,GRS80,Bernese,IGS,F5.1(GPS),00,2020-01,2020/01/01 12:00:00,2020/12/31 12:00:00,366,2020-01-01,365,031128.20.pos.gz
03P214,P214,P-KUMANO,Ｐ熊野,OTHER_P,33.9287327,136.1752276,64.1079,-3822103.5833,3668439.0878,3539925.9792,ITRF2020,GRS80,Bernese,IGS,F5.1(GPS),00,2020-01,2020/01/01 12:00:00,2020/12/31 12:00:00,366,2020-01-01,366,03P214.20.pos.gz
03P215,P215,P-GOBOU,Ｐ御坊,OTHER_P,33.8515935,135.1659141,46.3170,-3760264.1908,3738549.4658,3532813.3319,ITRF2020,GRS80,Bernese,IGS,F5.1(GPS),00,2020-01,2020/01/01 12:00:00,2020/12/31 12:00:00,366,2020-01-01,366,03P215.20.pos.gz
03P216,P216,P-YUKI,Ｐ由岐,OTHER_P,33.7751453,134.5910632,57.7846,-3725886.0501,3779454.7774,3525774.3752,ITRF2020,GRS80,Bernese,IGS,F5.1(GPS),00,2020-01,2020/01/01 12:00:00,2020/12/31 12:00:00,366,2020-01-01,366,03P216.20.pos.gz
03S045,S045,S-TENRYUU,Ｓ天竜,OTHER_S,34.8770937,137.8225867,96.0211,-3881954.2185,3517153.6152,3626744.1685,ITRF2020,GRS80,Bernese,IGS,F5.1(GPS),00,2020-01,2020/01/01 12:00:00,2020/12/31 12:00:00,366,2020-01-01,366,03S045.20.pos.gz
03S046,S046,S-ASAMAYAMA1,Ｓ浅間山１,OTHER_S,36.3799501,138.4779512,1454.8300,-3850025.5002,3408857.0020,3763080.5074,ITRF2020,GRS80,Bernese,IGS,F5.1(GPS),00,2020-01,2020/01/01 12:00:00,2020/12/31 12:00:00,366,2020-01-01,366,03S046.20.pos.gz
03S047,S047,S-URAKAWA,Ｓ浦河,OTHER_S,42.2989953,143.0340263,492.2604,-3775301.6419,2841380.2415,4270557.8023,ITRF2020,GRS80,Bernese,IGS,F5.1(GPS),00,2020-01,2020/01/01 12:00:00,2020/12/31 12:00:00,366,2020-01-01,366,03S047.20.pos.gz
041129,1129,URESHINO,嬉野,GSI,34.6033340,136.4319396,88.2273,-3807988.0746,3622252.3806,3601783.2185,ITRF2020,GRS80,Bernese,IGS,F5.1(GPS),00,2020-01,2020/01/01 12:00:00,2020/12/31 12:00:00,366,2020-01-01,365,041129.20.pos.gz
041130,1130,WAKAYAMAOOTOU,和歌山大塔,GSI,33.7476050,135.5899350,241.2397,-3792527.6933,3715222.8533,3523336.7067,ITRF2020,GRS80,Bernese,IGS,F5.1(GPS),00,2020-01,2020/01/01 12:00:00,2020/12/31 12:00:00,366,2020-01-01,366,041130.20.pos.gz
041131,1131,MONOBE,物部,GSI,33.7225116,133.9408703,386.4339,-3685198.0855,3824024.1310,3521102.5865,ITRF2020,GRS80,Bernese,IGS,F5.1(GPS),00,2020-01,2020/01/01 12:00:00,2020/12/31 12:00:00,366,2020-01-01,365,041131.20.pos.gz
041132,1132,KUMAKOUGEN,久万高原,GSI,33.5458336,133.0432332,479.1028,-3632300.0611,3889277.0591,3504837.0404,ITRF2020,GRS80,Bernese,IGS,F5.1(GPS),00,2020-01,2020/01/01 12:00:00,2020/12/31 12:00:00,366,2020-01-01,366,041132.20.pos.gz
041133,1133,AINAN,愛南,GSI,33.0394643,132.4887742,43.5407,-3615070.8864,3946709.7606,3457652.2399,ITRF2020,GRS80,Bernese,IGS,F5.1(GPS),00,2020-01,2020/01/01 12:00:00,2020/12/31 12:00:00,366,2020-01-01,366,041133.20.pos.gz
041134,1134,YUSUHARA-A,梼原Ａ,GSI,33.3910307,132.9226485,446.8583,-3630537.0570,3903827.4338,3490495.4970,ITRF2020,GRS80,Bernese,IGS,F5.1(GPS),00,2020-01,2020/01/01 12:00:00,2020/12/31 12:00:00,366,2020-01-01,366,041134.20.pos.gz
041135,1135,TOUHAKU-A,東伯Ａ,GSI,35.4903989,133.6995771,72.4031,-3591931.1723,3758796.8117,3682342.7341,ITRF2020,GRS80,Bernese,IGS,F5.1(GPS),00,2020-01,2020/01/01 12:00:00,2020/12/31 12:00:00,366,2020-01-01,366,041135.20.pos.gz
041136,1136,YUUTOU-A,雄踏Ａ,GSI,34.7021166,137.6368787,47.5064,-3878688.1690,3537153.5461,3610774.6594,ITRF2020,GRS80,Bernese,IGS,F5.1(GPS),00,2020-01,2020/01/01 12:00:00,2020/12/31 12:00:00,366,2020-01-01,366,041136.20.pos.gz
041137,1137,NAOIRI-A,直入Ａ,GSI,33.0788350,131.3840288,519.2250,-3536994.1781,4014187.5222,3461571.4219,ITRF2020,GRS80,Bernese,IGS,F5.1(GPS),00,2020-01,2020/01/01 12:00:00,2020/12/31 12:00:00,366,2020-01-01,366,041137.20.pos.gz
041138,1138,TOYAMATATEYAMA-A,立山Ａ,GSI,36.5769673,137.5959784,2483.2905,-3788107.8049,3459505.3710,3781276.6611,ITRF2020,GRS80,Bernese,IGS,F5.1(GPS),00,2020-01,2020/01/01 12:00:00,2020/12/31 12:00:00,366,2020-01-01,361,041138.20.pos.gz
041139,1139,NANTOU-A,南島Ａ,GSI,34.2850710,136.5404782,48.2201,-3829313.7226,3628744.9167,3572645.0370,ITRF2020,GRS80,Bernese,IGS,F5.1(GPS),00,2020-01,2020/01/01 12:00:00,2020/12/31 12:00:00,366,2020-01-01,365,041139.20.pos.gz
04S048,S048,S-HAMAMATSU,Ｓ浜松,OTHER_S,34.7404368,137.7706999,53.2803,-3885149.6201,3526460.5543,3614272.0686,ITRF2020,GRS80,Bernese,IGS,F5.1(GPS),00,2020-01,2020/01/01 12:00:00,2020/12/31 12:00:00,366,2020-01-01,366,04S048.20.pos.gz
051140,1140,OKINOTORISHIMA,沖ノ鳥島,GSI,20.4255515,136.0810689,46.8397,-4307239.3399,4147690.9907,2211923.2266,ITRF2020,GRS80,Bernese,IGS,F5.1(GPS),00,2020-01,2020/01/01 12:00:00,2020/12/30 12:00:00,365,2020-01-01,159,051140.20.pos.gz
051141,1141,SHIMANTO,四万十,GSI,33.1039129,132.9616874,115.7362,-3644906.1225,3913927.1234,3463681.4132,ITRF2020,GRS80,Bernese,IGS,F5.1(GPS),00,2020-01,2020/01/01 12:00:00,2020/12/31 12:00:00,366,2020-01-01,366,051141.20.pos.gz
051142,1142,SUKUMO2,宿毛２,GSI,32.9276908,132.6758241,40.6262,-3632508.9782,3939846.5559,3447252.3616,ITRF2020,GRS80,Bernese,IGS,F5.1(GPS),00,2020-01,2020/01/01 12:00:00,2020/12/31 12:00:00,366,2020-01-01,366,051142.20.pos.gz
051143,1143,TSUCHIYAMA-A,土山Ａ,GSI,34.9307333,136.2955735,300.7993,-3784509.4286,3617115.1922,3631741.7490,ITRF2020,GRS80,Bernese,IGS,F5.1(GPS),00,2020-01,2020/01/01 12:00:00,2020/12/31 12:00:00,366,2020-01-01,366,051143.20.pos.gz
051144,1144,HEDA-B,戸田Ｂ,GSI,34.9705669,138.7946590,76.9055,-3936585.9437,3446868.7321,3635235.7171,ITRF2020,GRS80,Bernese,IGS,F5.1(GPS),00,2020-01,2020/01/01 12:00:00,2020/12/31 12:00:00,366,2020-01-01,365,051144.20.pos.gz
051145,1145,IWATEKAWASAKI-A,岩手川崎Ａ,GSI,38.9019155,141.2832477,81.9894,-3878014.8752,3108737.8375,3983900.4596,ITRF2020,GRS80,Bernese,IGS,F5.1(GPS),00,2020-01,2020/01/01 12:00:00,2020/12/31 12:00:00,366,2020-01-01,366,051145.20.pos.gz
051146,1146,WAKAYAMASIMIZU-A,和歌山清水Ａ,GSI,34.0854983,135.4261090,279.6998,-3767014.1488,3711396.1537,3554461.7326,ITRF2020,GRS80,Bernese,IGS,F5.1(GPS),00,2020-01,2020/01/01 12:00:00,2020/12/31 12:00:00,366,2020-01-01,365,051146.20.pos.gz
051147,1147,TOKUYAMA-A,徳山Ａ,GSI,34.0437873,131.8350060,72.0688,-3528766.0426,3941860.4696,3550512.5140,ITRF2020,GRS80,Bernese,IGS,F5.1(GPS),00,2020-01,2020/01/01 12:00:00,2020/12/31 12:00:00,366,2020-01-01,366,051147.20.pos.gz
052007,2007,CHICHIJIMA-A,父島Ａ,GSI,27.0675328,142.1950245,104.2215,-4490605.1338,3483895.0305,2884928.3164,ITRF2020,GRS80,Bernese,IGS,F5.1(GPS),00,2020-01,2020/01/01 12:00:00,2020/12/31 12:00:00,366,2020-01-01,364,052007.20.pos.gz
05S049,S049,S-KUSSHARO,Ｓ屈斜路,OTHER_S,43.6181343,144.4436559,208.0827,-3762640.0173,2689451.6916,4377616.6347,ITRF2020,GRS80,Bernese,IGS,F5.1(GPS),00,2020-01,2020/01/01 12:00:00,2020/12/31 12:00:00,366,2020-01-01,366,05S049.20.pos.gz
05S050,S050,S-NEMURO,Ｓ根室,OTHER_S,43.3281038,145.6812093,55.4764,-3838067.5955,2619997.0784,4354127.0764,ITRF2020,GRS80,Bernese,IGS,F5.1(GPS),00,2020-01,2020/01/01 12:00:00,2020/12/31 12:00:00,366,2020-01-01,366,05S050.20.pos.gz
05S051,S051,S-HAMANAKA,Ｓ浜中,OTHER_S,43.0326668,145.0270246,37.5079,-3826297.3848,2676513.5672,4330180.7752,ITRF2020,GRS80,Bernese,IGS,F5.1(GPS),00,2020-01,2020/01/01 12:00:00,2020/12/31 12:00:00,366,2020-01-01,366,05S051.20.pos.gz
05S052,S052,S-SHORO,Ｓ庶路,OTHER_S,42.9796552,144.1341076,39.8407,-3787379.3862,2738170.9393,4325875.6735,ITRF2020,GRS80,Bernese,IGS,F5.1(GPS),00,2020-01,2020/01/01 12:00:00,2020/12/31 12:00:00,366,2020-01-01,365,05S052.20.pos.gz
05S053,S053,S-TOYOKORO,Ｓ豊頃,OTHER_S,42.6802976,143.6421413,33.4331,-3781932.0640,2783989.5129,4301482.5061,ITRF2020,GRS80,Bernese,IGS,F5.1(GPS),00,2020-01,2020/01/01 12:00:00,2020/12/31 12:00:00,366,2020-01-01,366,05S053.20.pos.gz
05S054,S054,S-ISHINOMAKI,Ｓ石巻,OTHER_S,38.2668079,141.4777644,137.7837,-3922981.3980,3122966.7984,3928824.0270,ITRF2020,GRS80,Bernese,IGS,F5.1(GPS),00,2020-01,2020/01/01 12:00:00,2020/12/31 12:00:00,366,2020-01-01,366,05S054.20.pos.gz
061148,1148,ISE,伊勢,GSI,34.4900012,136.7282286,59.1093,-3831842.1591,3607382.6690,3591411.2483,ITRF2020,GRS80,Bernese,IGS,F5.1(GPS),00,2020-01,2020/01/01 12:00:00,2020/12/31 12:00:00,366,2020-01-01,366,061148.20.pos.gz
061149,1149,MINAMIISE,南伊勢,GSI,34.2966102,136.6931887,73.6080,-3838462.2892,3618045.5105,3573716.8796,ITRF2020,GRS80,Bernese,IGS,F5.1(GPS),00,2020-01,2020/01/01 12:00:00,2020/12/31 12:00:00,366,2020-01-01,366,061149.20.pos.gz
061150,1150,SOUBETSU-A,壮瞥Ａ,GSI,42.5579303,140.8987976,114.8511,-3651539.6264,2967653.0044,4291534.6668,ITRF2020,GRS80,Bernese,IGS,F5.1(GPS),00,2020-01,2020/01/01 12:00:00,2020/12/31 12:00:00,366,2020-01-01,366,061150.20.pos.gz
06S055,S055,S-MOTOYOSHI,Ｓ本吉,OTHER_S,38.7914764,141.4935815,95.3860,-3895426.9423,3099275.0534,3974360.2086,ITRF2020,GRS80,Bernese,IGS,F5.1(GPS),00,2020-01,2020/01/01 12:00:00,2020/12/31 12:00:00,366,2020-01-01,366,06S055.20.pos.gz
06S056,S056,S-ISINOMAKIKITAK,Ｓ石巻北上,OTHER_S,38.5855016,141.4869620,83.7508,-3906245.4516,3108619.4954,3956505.1514,ITRF2020,GRS80,Bernese,IGS,F5.1(GPS),00,2020-01,2020/01/01 12:00:00,2020/12/31 12:00:00,366,2020-01-01,366,06S056.20.pos.gz
06S057,S057,S-ISINOMAKIOGATS,Ｓ石巻雄勝,OTHER_S,38.4954212,141.5310844,92.8962,-3913521.8977,3109490.8133,3948689.4224,ITRF2020,GRS80,Bernese,IGS,F5.1(GPS),00,2020-01,2020/01/01 12:00:00,2020/12/31 12:00:00,366,2020-01-01,366,06S057.20.pos.gz
06S058,S058,S-ISINOMAKIMAKIH,Ｓ石巻牧浜,OTHER_S,38.3641735,141.4347341,73.5910,-3915356.1007,3121703.4017,3937264.2808,ITRF2020,GRS80,Bernese,IGS,F5.1(GPS),00,2020-01,2020/01/01 12:00:00,2020/12/31 12:00:00,366,2020-01-01,366,06S058.20.pos.gz
06S059,S059,S-SHICHIGAHAMA,Ｓ七ヶ浜,OTHER_S,38.2997872,141.0636944,73.4830,-3898506.3624,3149778.8364,3931657.7812,ITRF2020,GRS80,Bernese,IGS,F5.1(GPS),00,2020-01,2020/01/01 12:00:00,2020/12/31 12:00:00,366,2020-01-01,366,06S059.20.pos.gz
071152,1152,KOUCHIAKI2,安芸２,GSI,33.6222968,133.9240997,225.3634,-3688261.0833,3829445.1822,3511762.3068,ITRF2020,GRS80,Bernese,IGS,F5.1(GPS),00,2020-01,2020/01/01 12:00:00,2020/12/31 12:00:00,366,2020-01-01,366,071152.20.pos.gz
071153,1153,NAKA,那賀,GSI,33.7745734,134.1141697,513.9755,-3694588.0848,3810632.9651,3525975.2616,ITRF2020,GRS80,Bernese,IGS,F5.1(GPS),00,2020-01,2020/01/01 12:00:00,2020/12/31 12:00:00,366,2020-01-01,366,071153.20.pos.gz
071154,1154,MINABE,みなべ,GSI,33.7694048,135.3053084,66.8531,-3772966.7238,3732969.9356,3525250.1318,ITRF2020,GRS80,Bernese,IGS,F5.1(GPS),00,2020-01,2020/01/01 12:00:00,2020/12/31 12:00:00,366,2020-01-01,366,071154.20.pos.gz
071155,1155,NACHIKATSUURA3,那智勝浦３,GSI,33.6608046,135.9705966,49.8652,-3820853.7452,3693546.8200,3515220.9633,ITRF2020,GRS80,Bernese,IGS,F5.1(GPS),00,2020-01,2020/01/01 12:00:00,2020/12/31 12:00:00,366,2020-01-01,366,071155.20.pos.gz
071156,1156,MIHAMA,御浜,GSI,33.8204256,136.0243473,149.0863,-3817299.5673,3683189.7796,3529998.9082,ITRF2020,GRS80,Bernese,IGS,F5.1(GPS),00,2020-01,2020/01/01 12:00:00,2020/12/31 12:00:00,366,2020-01-01,366,071156.20.pos.gz
071157,1157,HIROSHIMA2-A,広島２Ａ,GSI,34.3970473,132.3398228,217.5230,-3548597.2478,3894416.3421,3582997.0067,ITRF2020,GRS80,Bernese,IGS,F5.1(GPS),00,2020-01,2020/01/01 12:00:00,2020/12/31 12:00:00,366,2020-01-01,366,071157.20.pos.gz
071158,1158,SHIKA-A,志賀Ａ,GSI,37.0007183,136.7727131,51.6865,-3716067.0169,3492951.1009,3817487.9337,ITRF2020,GRS80,Bernese,IGS,F5.1(GPS),00,2020-01,2020/01/01 12:00:00,2020/12/31 12:00:00,366,2020-01-01,366,071158.20.pos.gz
071159,1159,HANAMAKI-A,花巻Ａ,GSI,39.3619984,141.0546959,154.6927,-3840555.8274,3103955.0204,4023567.4956,ITRF2020,GRS80,Bernese,IGS,F5.1(GPS),00,2020-01,2020/01/01 12:00:00,2020/12/31 12:00:00,366,2020-01-01,365,071159.20.pos.gz
071160,1160,HAMAMATSU-A,浜松Ａ,GSI,34.6723124,137.7233787,46.8924,-3885415.6791,3532559.2784,3608055.5915,ITRF2020,GRS80,Bernese,IGS,F5.1(GPS),00,2020-01,2020/01/01 12:00:00,2020/12/31 12:00:00,366,2020-01-01,366,071160.20.pos.gz
071161,1161,TOYOHASHI-A,豊橋Ａ,GSI,34.6803817,137.4424562,112.5238,-3867713.4381,3551259.0654,3608829.1075,ITRF2020,GRS80,Bernese,IGS,F5.1(GPS),00,2020-01,2020/01/01 12:00:00,2020/12/31 12:00:00,366,2020-01-01,366,071161.20.pos.gz
071162,1162,NIIGATASANPOKU,新潟山北,GSI,38.5111920,139.5338460,72.9313,-3801933.5096,3243275.7646,3950047.0299,ITRF2020,GRS80,Bernese,IGS,F5.1(GPS),00,2020-01,2020/01/01 12:00:00,2020/12/31 12:00:00,366,2020-01-01,366,071162.20.pos.gz
071163,1163,GUNMATONE-A,群馬利根Ａ,GSI,36.6023375,139.2762000,1016.5744,-3885751.2295,3345082.5977,3782663.5065,ITRF2020,GRS80,Bernese,IGS,F5.1(GPS),00,2020-01,2020/01/01 12:00:00,2020/12/31 12:00:00,366,2020-01-01,366,071163.20.pos.gz
071164,1164,TOGOUCHI-A,戸河内Ａ,GSI,34.5754322,132.2688146,273.6583,-3536262.7251,3890553.9295,3599340.2850,ITRF2020,GRS80,Bernese,IGS,F5.1(GPS),00,2020-01,2020/01/01 12:00:00,2020/12/31 12:00:00,366,2020-01-01,366,071164.20.pos.gz
07S062,S062,S-MISAWA,Ｓ三沢,OTHER_S,40.7944883,141.3991781,49.2790,-3779053.8984,3016867.8524,4145204.2447,ITRF2020,GRS80,Bernese,IGS,F5.1(GPS),00,2020-01,2020/01/01 12:00:00,2020/12/31 12:00:00,366,2020-01-01,366,07S062.20.pos.gz
07S063,S063,S-HIRONO,Ｓ洋野,OTHER_S,40.3021223,141.7768699,148.7950,-3826841.7445,3013929.8414,4103723.2757,ITRF2020,GRS80,Bernese,IGS,F5.1(GPS),00,2020-01,2020/01/01 12:00:00,2020/12/31 12:00:00,366,2020-01-01,366,07S063.20.pos.gz
07S064,S064,S-FUDAI,Ｓ普代,OTHER_S,39.9968278,141.9297924,258.2526,-3852146.2203,3017235.2714,4077881.7394,ITRF2020,GRS80,Bernese,IGS,F5.1(GPS),00,2020-01,2020/01/01 12:00:00,2020/12/31 12:00:00,366,2020-01-01,366,07S064.20.pos.gz
07S065,S065,S-OOFUNATO,Ｓ大船渡,OTHER_S,39.1578574,141.8352036,147.6722,-3893754.2251,3060210.4268,4006014.4273,ITRF2020,GRS80,Bernese,IGS,F5.1(GPS),00,2020-01,2020/01/01 12:00:00,2020/12/31 12:00:00,366,2020-01-01,366,07S065.20.pos.gz
07S066,S066,S-RIKUZENTAKATA,Ｓ陸前高田,OTHER_S,38.9861795,141.6698546,85.8296,-3894292.6508,3078855.2578,3991178.5370,ITRF2020,GRS80,Bernese,IGS,F5.1(GPS),00,2020-01,2020/01/01 12:00:00,2020/12/31 12:00:00,366,2020-01-01,366,07S066.20.pos.gz
07S067,S067,S-AZUMAKOFUJI,Ｓ吾妻小富士,OTHER_S,37.7338937,140.3168507,761.4504,-3887310.3177,3225376.4192,3882592.9937,ITRF2020,GRS80,Bernese,IGS,F5.1(GPS),00,2020-01,2020/01/01 12:00:00,2020/12/31 12:00:00,366,2020-01-01,365,07S067.20.pos.gz
07S069,S069,S-TAKAHAGI,Ｓ高萩,OTHER_S,36.7085856,140.7195720,48.5264,-3962727.2400,3241194.7950,3791545.1620,ITRF2020,GRS80,Bernese,IGS,F5.1(GPS),00,2020-01,2020/01/01 12:00:00,2020/12/31 12:00:00,366,2020-01-01,366,07S069.20.pos.gz
081165,1165,UWAJIMA3,宇和島３,GSI,33.3091298,132.5969942,238.0904,-3611552.3257,3927947.2086,3482792.4643,ITRF2020,GRS80,Bernese,IGS,F5.1(GPS),00,2020-01,2020/01/01 12:00:00,2020/12/31 12:00:00,366,2020-01-01,366,081165.20.pos.gz
081166,1166,SHIMANTOCHOU,四万十町,GSI,33.1547399,133.2188653,216.6240,-3660385.4913,3895343.6025,3468457.3698,ITRF2020,GRS80,Bernese,IGS,F5.1(GPS),00,2020-01,2020/01/01 12:00:00,2020/12/31 12:00:00,366,2020-01-01,366,081166.20.pos.gz
081167,1167,ONSEN-A,温泉Ａ,GSI,35.5356250,134.4915004,278.9094,-3641614.3153,3706833.4415,3686547.2394,ITRF2020,GRS80,Bernese,IGS,F5.1(GPS),00,2020-01,2020/01/01 12:00:00,2020/12/31 12:00:00,366,2020-01-01,366,081167.20.pos.gz
081168,1168,NAGASAKI-A,長崎Ａ,GSI,32.5817287,129.7769754,41.2717,-3441892.9903,4134465.5630,3414985.9223,ITRF2020,GRS80,Bernese,IGS,F5.1(GPS),00,2020-01,2020/01/01 12:00:00,2020/12/31 12:00:00,366,2020-01-01,366,081168.20.pos.gz
081170,1170,KYOTOSAKYOU1-A,京都左京１Ａ,GSI,35.2066491,135.7748101,424.1386,-3738945.7770,3639165.5949,3656867.6945,ITRF2020,GRS80,Bernese,IGS,F5.1(GPS),00,2020-01,2020/01/01 12:00:00,2020/12/31 12:00:00,366,2020-01-01,366,081170.20.pos.gz
081171,1171,NERIMA-A,練馬Ａ,GSI,35.7580287,139.6445486,79.7208,-3948748.2005,3355357.5953,3706484.2345,ITRF2020,GRS80,Bernese,IGS,F5.1(GPS),00,2020-01,2020/01/01 12:00:00,2020/12/31 12:00:00,366,2020-01-01,366,081171.20.pos.gz
081172,1172,KOUCHISAGA-A,高知佐賀Ａ,GSI,33.0817642,133.1061513,44.1673,-3655638.5367,3905659.9698,3461584.3466,ITRF2020,GRS80,Bernese,IGS,F5.1(GPS),00,2020-01,2020/01/01 12:00:00,2020/12/31 12:00:00,366,2020-01-01,361,081172.20.pos.gz
081173,1173,TODOHOKKE-A,椴法華Ａ,GSI,41.8339937,141.1421803,44.4725,-3706130.8151,2985968.4302,4231913.0916,ITRF2020,GRS80,Bernese,IGS,F5.1(GPS),00,2020-01,2020/01/01 12:00:00,2020/12/31 12:00:00,366,2020-01-01,366,081173.20.pos.gz
091174,1174,NISHIMEYA-A,西目屋Ａ,GSI,40.5751759,140.2950046,166.5262,-3732499.3407,3099330.4207,4126812.4450,ITRF2020,GRS80,Bernese,IGS,F5.1(GPS),00,2020-01,2020/01/01 12:00:00,2020/12/31 12:00:00,366,2020-01-01,366,091174.20.pos.gz
091175,1175,HIRANAI-A,平内Ａ,GSI,40.9211479,140.9902339,68.6079,-3750286.4892,3037980.6899,4155855.3706,ITRF2020,GRS80,Bernese,IGS,F5.1(GPS),00,2020-01,2020/01/01 12:00:00,2020/12/31 12:00:00,366,2020-01-01,366,091175.20.pos.gz
091176,1176,FUKUSHIMAKAWAU-A,福島川内Ａ,GSI,37.3366922,140.8084796,461.9741,-3935476.6007,3208726.6574,3847449.2124,ITRF2020,GRS80,Bernese,IGS,F5.1(GPS),00,2020-01,2020/01/01 12:00:00,2020/12/31 12:00:00,366,2020-01-01,366,091176.20.pos.gz
091177,1177,SHINTOKU2-A,新得２Ａ,GSI,43.3334223,142.9466125,406.6993,-3708578.2736,2800035.8395,4354797.9064,ITRF2020,GRS80,Bernese,IGS,F5.1(GPS),00,2020-01,2020/01/01 12:00:00,2020/12/31 12:00:00,366,2020-01-01,366,091177.20.pos.gz
091178,1178,OMAEZAKI-A,御前崎Ａ,GSI,34.6031534,138.2152482,90.8383,-3918876.8105,3502004.0343,3601768.2044,ITRF2020,GRS80,Bernese,IGS,F5.1(GPS),00,2020-01,2020/01/01 12:00:00,2020/12/31 12:00:00,366,2020-01-01,365,091178.20.pos.gz
091179,1179,SENDAI,仙台,GSI,38.2577415,140.7547492,212.5643,-3883789.5282,3172652.3507,3928080.1208,ITRF2020,GRS80,Bernese,IGS,F5.1(GPS),00,2020-01,2020/01/01 12:00:00,2020/12/31 12:00:00,366,2020-01-01,366,091179.20.pos.gz
091180,1180,IWAMI-A,岩美Ａ,GSI,35.5867080,134.3304610,53.4094,-3628749.6581,3714565.0490,3691026.8686,ITRF2020,GRS80,Bernese,IGS,F5.1(GPS),00,2020-01,2020/01/01 12:00:00,2020/12/31 12:00:00,366,2020-01-01,352,091180.20.pos.gz
101181,1181,NARAHA-A,楢葉Ａ,GSI,37.2639514,140.9985779,64.8026,-3949657.4673,3198531.8747,3840786.4241,ITRF2020,GRS80,Bernese,IGS,F5.1(GPS),00,2020-01,2020/01/01 12:00:00,2020/12/31 12:00:00,366,2020-01-01,366,101181.20.pos.gz
101182,1182,NEMURO1-A,根室１Ａ,GSI,43.2891394,145.5115088,52.0972,-3832736.2034,2633033.2507,4350974.7205,ITRF2020,GRS80,Bernese,IGS,F5.1(GPS),00,2020-01,2020/01/01 12:00:00,2020/12/31 12:00:00,366,2020-01-01,366,101182.20.pos.gz
101183,1183,ITOU-A,伊東Ａ,GSI,34.9674398,139.0992817,66.4645,-3954999.9052,3426015.1701,3634945.4408,ITRF2020,GRS80,Bernese,IGS,F5.1(GPS),00,2020-01,2020/01/01 12:00:00,2020/12/31 12:00:00,366,2020-01-01,366,101183.20.pos.gz
111184,1184,TAROU-A,田老Ａ,GSI,39.7358311,141.9671550,52.4026,-3868619.9802,3026070.1805,4055506.6607,ITRF2020,GRS80,Bernese,IGS,F5.1(GPS),00,2020-01,2020/01/01 12:00:00,2020/12/31 12:00:00,366,2020-01-01,366,111184.20.pos.gz
111185,1185,SENDAITAIHAKU,仙台太白,GSI,38.1942921,140.9109361,51.9349,-3895708.2599,3164721.7489,3922447.8534,ITRF2020,GRS80,Bernese,IGS,F5.1(GPS),00,2020-01,2020/01/01 12:00:00,2020/01/23 12:00:00,23,2020-01-01,23,111185.20.pos.gz
111186,1186,SUIBARA-A,水原Ａ,GSI,37.8222394,139.2168691,52.3982,-3819702.9443,3295117.1221,3889909.4360,ITRF2020,GRS80,Bernese,IGS,F5.1(GPS),00,2020-01,2020/01/01 12:00:00,2020/12/31 12:00:00,366,2020-01-01,365,111186.20.pos.gz
111187,1187,YONAGO-A,米子Ａ,GSI,35.4349363,133.3389344,46.6969,-3570636.6572,3783912.6201,3677315.7634,ITRF2020,GRS80,Bernese,IGS,F5.1(GPS),00,2020-01,2020/01/01 12:00:00,2020/12/31 12:00:00,366,2020-01-01,365,111187.20.pos.gz
111188,1188,TOTSUKAWA2,十津川２,GSI,34.0818107,135.7532184,353.0075,-3788349.2201,3690031.6990,3554164.0211,ITRF2020,GRS80,Bernese,IGS,F5.1(GPS),00,2020-01,2020/01/01 12:00:00,2020/12/31 12:00:00,366,2020-01-01,366,111188.20.pos.gz
111189,1189,NISHIIYAYAMA-A,西祖谷山Ａ,GSI,33.8702147,133.7731022,218.2493,-3667583.7964,3828116.8094,3534624.3092,ITRF2020,GRS80,Bernese,IGS,F5.1(GPS),00,2020-01,2020/01/01 12:00:00,2020/12/31 12:00:00,366,2020-01-01,366,111189.20.pos.gz
111190,1190,ITOMAN,糸満,GSI,26.0939844,127.6663835,75.3881,-3502500.2626,4537205.0812,2788449.9657,ITRF2020,GRS80,Bernese,IGS,F5.1(GPS),00,2020-01,2020/01/01 12:00:00,2020/12/31 12:00:00,366,2020-01-01,366,111190.20.pos.gz
11S070,S070,S-MINAMISOUMA-A,Ｓ南相馬Ａ,OTHER_S,37.6361837,140.9835981,65.4175,-3929303.1834,3183749.8463,3873584.4764,ITRF2020,GRS80,Bernese,IGS,F5.1(GPS),00,2020-01,2020/01/01 12:00:00,2020/12/31 12:00:00,366,2020-01-01,366,11S070.20.pos.gz
121191,1191,TOONO-A,遠野Ａ,GSI,39.3374559,141.5348658,317.1402,-3867884.6195,3072813.2828,4021563.3872,ITRF2020,GRS80,Bernese,IGS,F5.1(GPS),00,2020-01,2020/01/01 12:00:00,2020/12/31 12:00:00,366,2020-01-01,365,121191.20.pos.gz
121193,1193,TANABE-A,田辺Ａ,GSI,33.7495876,135.3755320,81.2704,-3778417.0480,3729209.3348,3523430.6880,ITRF2020,GRS80,Bernese,IGS,F5.1(GPS),00,2020-01,2020/01/01 12:00:00,2020/12/31 12:00:00,366,2020-01-01,366,121193.20.pos.gz
131194,1194,NAKAIZU-A,中伊豆Ａ,GSI,34.9227375,139.0201167,491.6433,-3952670.1351,3433567.9837,3631123.6966,ITRF2020,GRS80,Bernese,IGS,F5.1(GPS),00,2020-01,2020/01/01 12:00:00,2020/12/31 12:00:00,366,2020-01-01,366,131194.20.pos.gz
131195,1195,SHIKAMA-A,色麻Ａ,GSI,38.5486373,140.8502201,77.0464,-3873432.5153,3153445.1052,3953301.3265,ITRF2020,GRS80,Bernese,IGS,F5.1(GPS),00,2020-01,2020/01/01 12:00:00,2020/12/31 12:00:00,366,2020-01-01,366,131195.20.pos.gz
131196,1196,HIGASHIYURI-A,東由利Ａ,GSI,39.2980507,140.2757526,176.1863,-3801477.2187,3158765.7858,4018089.3882,ITRF2020,GRS80,Bernese,IGS,F5.1(GPS),00,2020-01,2020/01/01 12:00:00,2020/12/31 12:00:00,366,2020-01-01,366,131196.20.pos.gz
131197,1197,IMABARI-A,今治Ａ,GSI,34.0797941,132.9905421,41.7598,-3605999.6222,3868241.1614,3553804.3347,ITRF2020,GRS80,Bernese,IGS,F5.1(GPS),00,2020-01,2020/01/01 12:00:00,2020/12/31 12:00:00,366,2020-01-01,365,131197.20.pos.gz
131198,1198,ANAN1-A,阿南１Ａ,GSI,33.9264917,134.6259474,48.3326,-3721611.9901,3770524.7246,3539710.9193,ITRF2020,GRS80,Bernese,IGS,F5.1(GPS),00,2020-01,2020/01/01 12:00:00,2020/12/31 12:00:00,366,2020-01-01,366,131198.20.pos.gz
131199,1199,KAMISHIHORO-A,上士幌Ａ,GSI,43.2317643,143.2988218,311.0200,-3731873.1829,2781771.9249,4346510.0154,ITRF2020,GRS80,Bernese,IGS,F5.1(GPS),00,2020-01,2020/01/01 12:00:00,2020/12/31 12:00:00,366,2020-01-01,365,131199.20.pos.gz
131201,1201,MIYAGITAIWA-A,宮城大和Ａ,GSI,38.4114068,140.8518772,82.8361,-3880878.3078,3159320.2642,3941379.7248,ITRF2020,GRS80,Bernese,IGS,F5.1(GPS),00,2020-01,2020/01/01 12:00:00,2020/12/31 12:00:00,366,2020-01-01,365,131201.20.pos.gz
132009,2009,ISHIOKA,石岡,GSI,36.2088308,140.2189558,155.8756,-3959648.9188,3296836.3268,3747005.4891,ITRF2020,GRS80,Bernese,IGS,F5.1(GPS),00,2020-01,2020/01/01 12:00:00,2020/12/31 12:00:00,366,2020-01-01,366,132009.20.pos.gz
13H101,H101,H-ARAI,Ｈ新居,OTHER_H,34.6907805,137.5694244,44.0914,-3875047.4843,3542198.5562,3609738.7638,ITRF2020,GRS80,Bernese,IGS,F5.1(GPS),00,2020-01,2020/01/01 12:00:00,2020/12/31 12:00:00,366,2020-01-01,366,13H101.20.pos.gz
13H102,H102,H-SHINSHIRO,Ｈ新城,OTHER_H,34.9001364,137.6042262,171.7594,-3867487.8344,3530978.5907,3628884.3988,ITRF2020,GRS80,Bernese,IGS,F5.1(GPS),00,2020-01,2020/01/01 12:00:00,2020/12/31 12:00:00,366,2020-01-01,366,13H102.20.pos.gz
13H103,H103,H-TOYOHASHI,Ｈ豊橋,OTHER_H,34.7389638,137.4132900,65.6537,-3863152.2290,3550697.1687,3614144.8337,ITRF2020,GRS80,Bernese,IGS,F5.1(GPS),00,2020-01,2020/01/01 12:00:00,2020/12/31 12:00:00,366,2020-01-01,366,13H103.20.pos.gz
141202,1202,KOUZUSHIMA1-A,神津島１Ａ,GSI,34.1987389,139.1245537,150.4926,-3993161.5337,3455990.8681,3564785.8235,ITRF2020,GRS80,Bernese,IGS,F5.1(GPS),00,2020-01,2020/01/01 12:00:00,2020/12/31 12:00:00,366,2020-01-01,359,141202.20.pos.gz
141203,1203,KUSHIMOTO2,串本２,GSI,33.4938005,135.6668339,81.7787,-3808565.0660,3720929.4805,3499806.0103,ITRF2020,GRS80,Bernese,IGS,F5.1(GPS),00,2020-01,2020/01/01 12:00:00,2020/12/31 12:00:00,366,2020-01-01,366,141203.20.pos.gz
141204,1204,TAKAMATSU-A,高松Ａ,GSI,34.2889264,134.0233677,77.5896,-3666102.1845,3793262.7248,3573014.9350,ITRF2020,GRS80,Bernese,IGS,F5.1(GPS),00,2020-01,2020/01/01 12:00:00,2020/12/31 12:00:00,366,2020-01-01,365,141204.20.pos.gz
141205,1205,EHIMESAIJOU-A,西条Ａ,GSI,33.9192772,133.2265710,70.9068,-3628739.6316,3860625.8421,3539059.4844,ITRF2020,GRS80,Bernese,IGS,F5.1(GPS),00,2020-01,2020/01/01 12:00:00,2020/12/31 12:00:00,366,2020-01-01,366,141205.20.pos.gz
141206,1206,KOSUGE-A,小菅Ａ,GSI,35.7539218,138.9535564,745.3019,-3908604.2913,3403264.2365,3706503.3394,ITRF2020,GRS80,Bernese,IGS,F5.1(GPS),00,2020-01,2020/01/01 12:00:00,2020/12/31 12:00:00,366,2020-01-01,366,141206.20.pos.gz
141207,1207,OOTOYO-A,大豊Ａ,GSI,33.7516439,133.6646439,299.8934,-3665430.6664,3840395.8478,3523741.7947,ITRF2020,GRS80,Bernese,IGS,F5.1(GPS),00,2020-01,2020/01/01 12:00:00,2020/12/31 12:00:00,366,2020-01-01,366,141207.20.pos.gz
141208,1208,KAGOSHIMAAMAGI-A,鹿児島天城Ａ,GSI,27.8196935,128.9079065,105.5682,-3545561.9855,4392822.6105,2958897.4580,ITRF2020,GRS80,Bernese,IGS,F5.1(GPS),00,2020-01,2020/01/01 12:00:00,2020/12/31 12:00:00,366,2020-01-01,366,141208.20.pos.gz
141209,1209,KAWANE-A,川根Ａ,GSI,34.9437110,138.0870114,190.9787,-3895055.2043,3496427.3227,3632859.1756,ITRF2020,GRS80,Bernese,IGS,F5.1(GPS),00,2020-01,2020/01/01 12:00:00,2020/12/31 12:00:00,366,2020-01-01,366,141209.20.pos.gz
14P125,P125,P-SOUMA-A,Ｐ相馬Ａ,OTHER_P,37.8304327,140.9617095,52.2621,-3917829.9992,3176933.7287,3890627.6657,ITRF2020,GRS80,Bernese,IGS,F5.1(GPS),00,2020-01,2020/01/01 12:00:00,2020/12/31 12:00:00,366,2020-01-01,366,14P125.20.pos.gz
151210,1210,OOI-A,大飯Ａ,GSI,35.4727382,135.6231507,46.2541,-3716874.0204,3636891.0892,3680731.9570,ITRF2020,GRS80,Bernese,IGS,F5.1(GPS),00,2020-01,2020/01/01 12:00:00,2020/12/31 12:00:00,366,2020-01-01,366,151210.20.pos.gz
151211,1211,YONAGUNI-B,与那国Ｂ,GSI,24.4473847,122.9394922,43.1178,-3159017.5777,4875725.4608,2623491.0209,ITRF2020,GRS80,Bernese,IGS,F5.1(GPS),00,2020-01,2020/01/01 12:00:00,2020/12/31 12:00:00,366,2020-01-01,355,151211.20.pos.gz
151212,1212,SHIBATA-A,新発田Ａ,GSI,37.9295542,139.3512251,64.4982,-3821878.0457,3281393.3929,3899319.0490,ITRF2020,GRS80,Bernese,IGS,F5.1(GPS),00,2020-01,2020/01/01 12:00:00,2020/12/31 12:00:00,366,2020-01-01,366,151212.20.pos.gz
151213,1213,MIMA-A,美馬Ａ,GSI,34.0532084,134.0500048,119.2973,-3678100.3682,3802138.1649,3551404.8357,ITRF2020,GRS80,Bernese,IGS,F5.1(GPS),00,2020-01,2020/01/01 12:00:00,2020/12/31 12:00:00,366,2020-01-01,366,151213.20.pos.gz
161214,1214,YAMANAKA-A,山中Ａ,GSI,36.2545571,136.3649701,124.6064,-3726912.0398,3553437.8266,3751079.9082,ITRF2020,GRS80,Bernese,IGS,F5.1(GPS),00,2020-01,2020/01/01 12:00:00,2020/12/31 12:00:00,366,2020-01-01,366,161214.20.pos.gz
161215,1215,SUMITA-A,住田Ａ,GSI,39.1941923,141.5999292,224.8238,-3879205.0497,3074627.8429,4009190.3401,ITRF2020,GRS80,Bernese,IGS,F5.1(GPS),00,2020-01,2020/01/01 12:00:00,2020/12/31 12:00:00,366,2020-01-01,366,161215.20.pos.gz
161216,1216,KAKEGAWA-A,掛川Ａ,GSI,34.7797802,138.0232543,81.0304,-3898823.1102,3507651.8617,3617873.6578,ITRF2020,GRS80,Bernese,IGS,F5.1(GPS),00,2020-01,2020/01/01 12:00:00,2020/12/31 12:00:00,366,2020-01-01,366,161216.20.pos.gz
161217,1217,YUGAWARA-A,湯河原Ａ,GSI,35.1495818,139.1105255,60.6492,-3946893.7015,3417637.6676,3651483.1324,ITRF2020,GRS80,Bernese,IGS,F5.1(GPS),00,2020-01,2020/01/01 12:00:00,2020/12/31 12:00:00,366,2020-01-01,366,161217.20.pos.gz
161218,1218,KAGOSHIMA1-A,鹿児島１Ａ,GSI,31.5138912,130.5086157,42.4339,-3535219.4541,4137950.0277,3314622.3605,ITRF2020,GRS80,Bernese,IGS,F5.1(GPS),00,2020-01,2020/01/01 12:00:00,2020/12/31 12:00:00,366,2020-01-01,366,161218.20.pos.gz
16P217,P217,P-CHICHIJIMA-A,Ｐ父島Ａ,OTHER_P,27.0940425,142.1945420,56.2251,-4489485.4682,3483086.9328,2887521.8624,ITRF2020,GRS80,Bernese,IGS,F5.1(GPS),00,2020-01,2020/01/01 12:00:00,2020/12/31 12:00:00,366,2020-01-01,366,16P217.20.pos.gz
171219,1219,KYOUGOKU-A,京極Ａ,GSI,42.8579728,140.8833501,268.7335,-3633286.6512,2954445.5086,4316131.9279,ITRF2020,GRS80,Bernese,IGS,F5.1(GPS),00,2020-01,2020/01/01 12:00:00,2020/12/31 12:00:00,366,2020-01-01,366,171219.20.pos.gz
171220,1220,SHIRIUCHI-A,知内Ａ,GSI,41.6031622,140.3246010,67.3072,-3676291.7171,3049450.6688,4212791.3922,ITRF2020,GRS80,Bernese,IGS,F5.1(GPS),00,2020-01,2020/01/01 12:00:00,2020/12/31 12:00:00,366,2020-01-01,366,171220.20.pos.gz
171221,1221,SHIBECHA2-A,標茶２Ａ,GSI,43.1484777,144.4992586,60.8805,-3794339.6668,2706550.2647,4339592.4868,ITRF2020,GRS80,Bernese,IGS,F5.1(GPS),00,2020-01,2020/01/01 12:00:00,2020/12/31 12:00:00,366,2020-01-01,366,171221.20.pos.gz
171222,1222,TOKYOCHIYODA,東京千代田,GSI,35.6771745,139.7476499,67.0804,-3958768.9293,3351624.0351,3699193.1126,ITRF2020,GRS80,Bernese,IGS,F5.1(GPS),00,2020-01,2020/01/01 12:00:00,2020/12/27 12:00:00,362,2020-01-01,147,171222.20.pos.gz
171223,1223,HIRATSUKA-A,平塚Ａ,GSI,35.3769028,139.3620213,52.9205,-3950803.1574,3390793.0838,3672071.3490,ITRF2020,GRS80,Bernese,IGS,F5.1(GPS),00,2020-01,2020/01/01 12:00:00,2020/12/31 12:00:00,366,2020-01-01,366,171223.20.pos.gz
181224,1224,CHIBAOOTAKI-A,大多喜Ａ,GSI,35.2890098,140.2489240,64.8984,-4007158.4748,3332845.8381,3664122.9299,ITRF2020,GRS80,Bernese,IGS,F5.1(GPS),00,2020-01,2020/01/01 12:00:00,2020/12/31 12:00:00,366,2020-01-01,366,181224.20.pos.gz
181225,1225,YABE-B,矢部Ｂ,GSI,32.6927266,130.9886413,541.0856,-3524472.1991,4056065.2012,3425621.7620,ITRF2020,GRS80,Bernese,IGS,F5.1(GPS),00,2020-01,2020/01/01 12:00:00,2020/12/31 12:00:00,366,2020-01-01,366,181225.20.pos.gz
181226,1226,SANAGOUCHI-A,佐那河内Ａ,GSI,33.9920176,134.4539291,103.9131,-3707463.8874,3778815.7988,3545770.5746,ITRF2020,GRS80,Bernese,IGS,F5.1(GPS),00,2020-01,2020/01/01 12:00:00,2020/12/31 12:00:00,366,2020-01-01,366,181226.20.pos.gz
181227,1227,OSAKA-A,大阪Ａ,GSI,34.6686596,135.5280042,55.2376,-3747410.9845,3678971.8764,3607727.0681,ITRF2020,GRS80,Bernese,IGS,F5.1(GPS),00,2020-01,2020/01/01 12:00:00,2020/12/31 12:00:00,366,2020-01-01,366,181227.20.pos.gz
191228,1228,HIGASHIIYAYAMA-B,東祖谷山Ｂ,GSI,33.8695731,133.9786018,824.5037,-3681667.3497,3815328.6703,3534903.0866,ITRF2020,GRS80,Bernese,IGS,F5.1(GPS),00,2020-01,2020/01/09 12:00:00,2020/12/31 12:00:00,358,2020-01-09,357,191228.20.pos.gz
191229,1229,SHIMODA-A,下田Ａ,GSI,34.6616041,138.9841806,67.8447,-3962726.0483,3446666.5447,3607090.4754,ITRF2020,GRS80,Bernese,IGS,F5.1(GPS),00,2020-01,2020/01/09 12:00:00,2020/12/31 12:00:00,358,2020-01-09,358,191229.20.pos.gz
191230,1230,KUJI2,久慈２,GSI,40.0993757,141.5981766,389.6378,-3828955.7045,3034991.3034,4086683.1043,ITRF2020,GRS80,Bernese,IGS,F5.1(GPS),00,2020-01,2020/07/31 12:00:00,2020/12/31 12:00:00,154,2020-07-31,154,191230.20.pos.gz
191231,1231,SHOUWA-A,庄和Ａ,GSI,36.0109294,139.7984337,50.6379,-3945164.9705,3334107.7618,3729202.4922,ITRF2020,GRS80,Bernese,IGS,F5.1(GPS),00,2020-01,2020/06/08 12:00:00,2020/12/31 12:00:00,207,2020-06-08,207,191231.20.pos.gz
191232,1232,NAKATOSA3,中土佐３,GSI,33.3339954,133.1362706,331.2500,-3647379.5598,3892732.4840,3485148.2009,ITRF2020,GRS80,Bernese,IGS,F5.1(GPS),00,2020-01,2020/07/31 12:00:00,2020/12/31 12:00:00,154,2020-07-31,154,191232.20.pos.gz
191233,1233,NAKATOSA4,中土佐４,GSI,33.3343111,133.2393474,61.2231,-3654209.0663,3885986.0705,3485029.0749,ITRF2020,GRS80,Bernese,IGS,F5.1(GPS),00,2020-01,2020/07/31 12:00:00,2020/12/31 12:00:00,154,2020-07-31,154,191233.20.pos.gz
191234,1234,SENDAI2,仙台２,GSI,38.2368802,140.9471438,50.9742,-3895435.8065,3160416.2644,3926161.4798,ITRF2020,GRS80,Bernese,IGS,F5.1(GPS),00,2020-01,2020/09/25 12:00:00,2020/12/31 12:00:00,98,2020-09-25,98,191234.20.pos.gz
191235,1235,OKAZAKI-A,岡崎Ａ,GSI,34.9177977,137.1659900,72.0815,-3839485.4801,3559638.2242,3630434.1530,ITRF2020,GRS80,Bernese,IGS,F5.1(GPS),00,2020-01,2020/08/27 12:00:00,2020/12/31 12:00:00,127,2020-08-27,126,191235.20.pos.gz
191236,1236,HIGASIHIROSIMA-B,東広島Ｂ,GSI,34.4926543,132.6511203,265.7649,-3565666.2475,3870695.9010,3591770.8597,ITRF2020,GRS80,Bernese,IGS,F5.1(GPS),00,2020-01,2020/09/03 12:00:00,2020/12/31 12:00:00,120,2020-09-03,120,191236.20.pos.gz
191237,1237,TAKU-A,多久Ａ,GSI,33.2917504,130.1003585,78.3584,-3437615.6330,4082247.9581,3481093.6823,ITRF2020,GRS80,Bernese,IGS,F5.1(GPS),00,2020-01,2020/09/03 12:00:00,2020/12/31 12:00:00,120,2020-09-03,120,191237.20.pos.gz
92106,2106,USAMI,宇佐美,GSI,35.0068525,139.0819723,60.7615,-3952066.6414,3425564.6463,3638524.4810,ITRF2020,GRS80,Bernese,IGS,F5.1(GPS),00,2020-01,2020/01/01 12:00:00,2020/12/31 12:00:00,366,2020-01-01,366,92106.20.pos.gz
92110,2110,TSUKUBA1,つくば１,GSI,36.1061129,140.0872021,70.3169,-3957162.4138,3310203.4589,3737752.2930,ITRF2020,GRS80,Bernese,IGS,F5.1(GPS),00,2020-01,2020/01/01 12:00:00,2020/12/31 12:00:00,366,2020-01-01,366,92110.20.pos.gz
93001,3001,SANO,佐野,GSI,36.2951623,139.5423116,69.0944,-3916075.5641,3339646.1881,3754679.5705,ITRF2020,GRS80,Bernese,IGS,F5.1(GPS),00,2020-01,2020/01/01 12:00:00,2020/12/31 12:00:00,366,2020-01-01,366,93001.20.pos.gz
93002,3002,YASATO,八郷,GSI,36.2632670,140.1742777,94.2899,-3954296.5201,3297604.3339,3751841.3105,ITRF2020,GRS80,Bernese,IGS,F5.1(GPS),00,2020-01,2020/01/01 12:00:00,2020/12/31 12:00:00,366,2020-01-01,364,93002.20.pos.gz
93003,3003,SANWA,三和,GSI,36.2036709,139.8105379,68.9374,-3936252.6697,3325150.6302,3746492.1284,ITRF2020,GRS80,Bernese,IGS,F5.1(GPS),00,2020-01,2020/01/01 12:00:00,2020/12/31 12:00:00,366,2020-01-01,366,93003.20.pos.gz
93004,3004,HOKOTA,鉾田,GSI,36.1813039,140.5444973,82.5583,-3979663.8405,3275394.0931,3744497.1607,ITRF2020,GRS80,Bernese,IGS,F5.1(GPS),00,2020-01,2020/01/01 12:00:00,2020/12/31 12:00:00,366,2020-01-01,361,93004.20.pos.gz
93005,3005,KOUNAN,江南,GSI,36.1209510,139.3451790,95.4102,-3913241.3378,3360553.6240,3739097.1892,ITRF2020,GRS80,Bernese,IGS,F5.1(GPS),00,2020-01,2020/01/01 12:00:00,2020/12/31 12:00:00,366,2020-01-01,366,93005.20.pos.gz
93006,3006,DEJIMA,出島,GSI,36.0969341,140.3431632,68.6997,-3972371.7673,3292874.5565,3736928.4257,ITRF2020,GRS80,Bernese,IGS,F5.1(GPS),00,2020-01,2020/01/01 12:00:00,2020/12/31 12:00:00,366,2020-01-01,366,93006.20.pos.gz
93007,3007,KUKI,久喜,GSI,36.0872268,139.6367338,56.8407,-3931947.4833,3342005.1997,3736051.0342,ITRF2020,GRS80,Bernese,IGS,F5.1(GPS),00,2020-01,2020/01/01 12:00:00,2020/12/31 12:00:00,366,2020-01-01,365,93007.20.pos.gz
93009,3009,KASHIMA,茨城鹿嶋,GSI,35.9554515,140.6592492,65.7829,-3997616.3920,3276761.8877,3724230.1678,ITRF2020,GRS80,Bernese,IGS,F5.1(GPS),00,2020-01,2020/01/01 12:00:00,2020/12/31 12:00:00,366,2020-01-01,365,93009.20.pos.gz
93010,3010,SAKURAGAWA,桜川,GSI,35.9704064,140.4029629,55.2066,-3982161.8750,3293983.9592,3725567.0592,ITRF2020,GRS80,Bernese,IGS,F5.1(GPS),00,2020-01,2020/01/01 12:00:00,2020/12/31 12:00:00,366,2020-01-01,366,93010.20.pos.gz
93011,3011,KAWAGOE,川越,GSI,35.9255043,139.4642936,62.9575,-3929892.6500,3360683.2478,3721538.1895,ITRF2020,GRS80,Bernese,IGS,F5.1(GPS),00,2020-01,2020/01/01 12:00:00,2020/12/31 12:00:00,366,2020-01-01,366,93011.20.pos.gz
93012,3012,MORIYA,守谷,GSI,35.9402901,139.9927326,62.3879,-3959982.8428,3323676.1757,3722866.2730,ITRF2020,GRS80,Bernese,IGS,F5.1(GPS),00,2020-01,2020/01/01 12:00:00,2020/12/31 12:00:00,366,2020-01-01,366,93012.20.pos.gz
93013,3013,OOMIYA,大宮,GSI,35.9374700,139.6518692,55.7424,-3940275.5761,3347291.3248,3722609.0222,ITRF2020,GRS80,Bernese,IGS,F5.1(GPS),00,2020-01,2020/01/01 12:00:00,2020/12/31 12:00:00,366,2020-01-01,366,93013.20.pos.gz
93014,3014,TONE,利根,GSI,35.8736461,140.1455025,46.8159,-3972150.3530,3315876.8148,3716867.6521,ITRF2020,GRS80,Bernese,IGS,F5.1(GPS),00,2020-01,2020/01/01 12:00:00,2020/12/31 12:00:00,366,2020-01-01,366,93014.20.pos.gz
93015,3015,TAIEI,大栄,GSI,35.8033272,140.4070176,80.3119,-3990784.8070,3300641.0832,3710562.1001,ITRF2020,GRS80,Bernese,IGS,F5.1(GPS),00,2020-01,2020/01/01 12:00:00,2020/12/31 12:00:00,366,2020-01-01,364,93015.20.pos.gz
93016,3016,ADACHI,足立,GSI,35.7802136,139.8128201,44.6722,-3957464.5860,3342799.2911,3708460.9860,ITRF2020,GRS80,Bernese,IGS,F5.1(GPS),00,2020-01,2020/01/01 12:00:00,2020/12/31 12:00:00,366,2020-01-01,364,93016.20.pos.gz
93018,3018,SHIROI,白井,GSI,35.7864647,140.0247637,69.6526,-3969507.6115,3327889.8051,3709038.2674,ITRF2020,GRS80,Bernese,IGS,F5.1(GPS),00,2020-01,2020/01/01 12:00:00,2020/12/31 12:00:00,366,2020-01-01,365,93018.20.pos.gz
93019,3019,KOGANEI,小金井,GSI,35.7103707,139.4882693,123.7966,-3941956.6392,3368145.0669,3702217.5675,ITRF2020,GRS80,Bernese,IGS,F5.1(GPS),00,2020-01,2020/01/01 12:00:00,2020/12/31 12:00:00,366,2020-01-01,366,93019.20.pos.gz
93020,3020,TOMISATO,富里,GSI,35.7174503,140.3151566,76.4064,-3989770.7014,3310588.9660,3702827.7075,ITRF2020,GRS80,Bernese,IGS,F5.1(GPS),00,2020-01,2020/01/01 12:00:00,2020/12/31 12:00:00,366,2020-01-01,365,93020.20.pos.gz
93021,3021,HIKATA,干潟,GSI,35.7772994,140.6468332,90.3908,-4005877.1746,3284984.6396,3708225.3928,ITRF2020,GRS80,Bernese,IGS,F5.1(GPS),00,2020-01,2020/01/01 12:00:00,2020/12/31 12:00:00,366,2020-01-01,354,93021.20.pos.gz
93022,3022,CHOUSHI,銚子,GSI,35.7263512,140.8372424,59.0975,-4019313.1524,3273723.7538,3703619.3893,ITRF2020,GRS80,Bernese,IGS,F5.1(GPS),00,2020-01,2020/01/01 12:00:00,2020/12/31 12:00:00,366,2020-01-01,365,93022.20.pos.gz
93023,3023,CHIBAICHIKAWA,千葉市川,GSI,35.6754628,139.9023620,43.5865,-3967874.7876,3340981.2738,3699025.1321,ITRF2020,GRS80,Bernese,IGS,F5.1(GPS),00,2020-01,2020/01/01 12:00:00,2020/12/31 12:00:00,366,2020-01-01,365,93023.20.pos.gz
93024,3024,CHIBAMATSUO,千葉松尾,GSI,35.6423510,140.4483101,77.8911,-4001201.8896,3304403.4508,3696060.1020,ITRF2020,GRS80,Bernese,IGS,F5.1(GPS),00,2020-01,2020/01/01 12:00:00,2020/12/31 12:00:00,366,2020-01-01,366,93024.20.pos.gz
93025,3025,CHIBAMIDORI,千葉緑,GSI,35.5441427,140.1865706,84.3338,-3990940.5310,3326711.3741,3687203.1551,ITRF2020,GRS80,Bernese,IGS,F5.1(GPS),00,2020-01,2020/01/01 12:00:00,2020/12/31 12:00:00,366,2020-01-01,365,93025.20.pos.gz
93026,3026,KANAGAWAKAWASAKI,神奈川川崎,GSI,35.5634026,139.6733588,47.5007,-3960012.5714,3361501.7308,3688920.2747,ITRF2020,GRS80,Bernese,IGS,F5.1(GPS),00,2020-01,2020/01/01 12:00:00,2020/12/31 12:00:00,366,2020-01-01,366,93026.20.pos.gz
93027,3027,OOAMISHIRASATO,大網白里,GSI,35.5301139,140.3182438,57.2251,-3999254.4875,3318094.4743,3685920.7966,ITRF2020,GRS80,Bernese,IGS,F5.1(GPS),00,2020-01,2020/01/01 12:00:00,2020/12/31 12:00:00,366,2020-01-01,360,93027.20.pos.gz
93028,3028,MACHIDA,町田,GSI,35.5214090,139.4678463,125.0794,-3950036.3729,3377485.3118,3685174.1866,ITRF2020,GRS80,Bernese,IGS,F5.1(GPS),00,2020-01,2020/01/01 12:00:00,2020/12/31 12:00:00,366,2020-01-01,366,93028.20.pos.gz
93029,3029,ATSUGI,厚木,GSI,35.4826414,139.3225812,107.1430,-3943343.8952,3389107.8196,3681662.0676,ITRF2020,GRS80,Bernese,IGS,F5.1(GPS),00,2020-01,2020/01/01 12:00:00,2020/12/31 12:00:00,366,2020-01-01,362,93029.20.pos.gz
93030,3030,ICHIHARA1,市原１,GSI,35.4477829,140.0513378,79.6430,-3987833.6376,3340105.3391,3678496.0941,ITRF2020,GRS80,Bernese,IGS,F5.1(GPS),00,2020-01,2020/01/01 12:00:00,2020/12/31 12:00:00,366,2020-01-01,366,93030.20.pos.gz
93031,3031,YAMAKITA,山北,GSI,35.4153510,139.0451832,372.4471,-3930322.8216,3411139.6747,3675733.8429,ITRF2020,GRS80,Bernese,IGS,F5.1(GPS),00,2020-01,2020/01/01 12:00:00,2020/12/31 12:00:00,366,2020-01-01,358,93031.20.pos.gz
93032,3032,YOKOHAMA,横浜,GSI,35.4364843,139.6537524,70.6130,-3965108.6522,3368162.8235,3677469.5719,ITRF2020,GRS80,Bernese,IGS,F5.1(GPS),00,2020-01,2020/01/01 12:00:00,2020/12/31 12:00:00,366,2020-01-01,366,93032.20.pos.gz
93033,3033,CHOUSEI,長生,GSI,35.4211246,140.3373774,44.3752,-4005756.7486,3321231.3659,3676065.7585,ITRF2020,GRS80,Bernese,IGS,F5.1(GPS),00,2020-01,2020/01/01 12:00:00,2020/12/31 12:00:00,366,2020-01-01,366,93033.20.pos.gz
93034,3034,FUJISAWA,藤沢,GSI,35.3266819,139.4660720,46.4555,-3959400.6186,3385704.4874,3667523.0879,ITRF2020,GRS80,Bernese,IGS,F5.1(GPS),00,2020-01,2020/01/01 12:00:00,2020/12/31 12:00:00,366,2020-01-01,366,93034.20.pos.gz
93035,3035,NINOMIYA,二宮,GSI,35.3048999,139.2626979,119.4270,-3948461.6429,3400687.7611,3665593.3232,ITRF2020,GRS80,Bernese,IGS,F5.1(GPS),00,2020-01,2020/01/01 12:00:00,2020/12/31 12:00:00,366,2020-01-01,366,93035.20.pos.gz
93036,3036,FUTTSU,富津,GSI,35.3117023,139.8255235,46.7925,-3981297.5179,3361418.3015,3666167.2259,ITRF2020,GRS80,Bernese,IGS,F5.1(GPS),00,2020-01,2020/01/01 12:00:00,2020/12/31 12:00:00,366,2020-01-01,361,93036.20.pos.gz
93037,3037,ICHIHARA2,市原２,GSI,35.3331388,140.1467965,95.4092,-3999058.0183,3338185.5872,3668135.8436,ITRF2020,GRS80,Bernese,IGS,F5.1(GPS),00,2020-01,2020/01/01 12:00:00,2020/12/31 12:00:00,366,2020-01-01,366,93037.20.pos.gz
93038,3038,GOTENBA,御殿場,GSI,35.3216036,138.8816540,691.0777,-3925302.6607,3426473.7376,3667436.0871,ITRF2020,GRS80,Bernese,IGS,F5.1(GPS),00,2020-01,2020/01/01 12:00:00,2020/12/31 12:00:00,366,2020-01-01,366,93038.20.pos.gz
93039,3039,KYONAN,鋸南,GSI,35.1437099,139.8435711,56.8371,-3990579.1851,3367102.3775,3650948.2565,ITRF2020,GRS80,Bernese,IGS,F5.1(GPS),00,2020-01,2020/01/01 12:00:00,2020/12/31 12:00:00,366,2020-01-01,366,93039.20.pos.gz
93041,3041,KATSUURA,勝浦,GSI,35.1658999,140.2680255,128.0404,-4014368.0254,3336578.6752,3653002.0722,ITRF2020,GRS80,Bernese,IGS,F5.1(GPS),00,2020-01,2020/01/01 12:00:00,2020/12/31 12:00:00,366,2020-01-01,366,93041.20.pos.gz
93043,3043,SIZUOKASIMIZUCHO,静岡清水町,GSI,35.1100154,138.9018610,67.1623,-3936328.4502,3433653.0251,3647896.7941,ITRF2020,GRS80,Bernese,IGS,F5.1(GPS),00,2020-01,2020/01/01 12:00:00,2020/12/31 12:00:00,366,2020-01-01,366,93043.20.pos.gz
93044,3044,KAMOGAWA,鴨川,GSI,35.1118609,140.0792705,49.0818,-4005951.1673,3351958.4232,3648053.8835,ITRF2020,GRS80,Bernese,IGS,F5.1(GPS),00,2020-01,2020/01/01 12:00:00,2020/12/31 12:00:00,366,2020-01-01,366,93044.20.pos.gz
93045,3045,KANOUZAN,鹿野山,GSI,35.2548081,139.9543453,381.7825,-3991845.7321,3354980.2714,3661207.8782,ITRF2020,GRS80,Bernese,IGS,F5.1(GPS),00,2020-01,2020/01/01 12:00:00,2020/12/31 12:00:00,366,2020-01-01,358,93045.20.pos.gz
93046,3046,OOHITO,大仁,GSI,35.0148270,138.9979285,332.6961,-3946822.6502,3431171.1150,3639405.1223,ITRF2020,GRS80,Bernese,IGS,F5.1(GPS),00,2020-01,2020/01/01 12:00:00,2020/12/31 12:00:00,366,2020-01-01,366,93046.20.pos.gz
93047,3047,TATEYAMA,館山,GSI,34.9540850,139.8640805,141.7650,-4001073.7797,3373506.2124,3633774.3455,ITRF2020,GRS80,Bernese,IGS,F5.1(GPS),00,2020-01,2020/01/01 12:00:00,2020/12/31 12:00:00,366,2020-01-01,363,93047.20.pos.gz
93048,3048,KOMUROYAMA,小室山,GSI,34.9393068,139.1311616,363.1033,-3958441.6310,3425143.1663,3632557.2212,ITRF2020,GRS80,Bernese,IGS,F5.1(GPS),00,2020-01,2020/01/01 12:00:00,2020/06/10 12:00:00,162,2020-01-01,162,93048.20.pos.gz
93049,3049,AMAGIYUGASHIMA1,天城湯ヶ島１,GSI,34.9161148,138.9248251,184.8430,-3947081.5502,3440248.1817,3630345.6063,ITRF2020,GRS80,Bernese,IGS,F5.1(GPS),00,2020-01,2020/01/01 12:00:00,2020/12/31 12:00:00,366,2020-01-01,362,93049.20.pos.gz
93050,3050,INASA,引佐,GSI,34.8353312,137.6723424,81.5023,-3874666.8027,3529096.0007,3622933.9913,ITRF2020,GRS80,Bernese,IGS,F5.1(GPS),00,2020-01,2020/01/01 12:00:00,2020/12/31 12:00:00,366,2020-01-01,366,93050.20.pos.gz
93051,3051,OOSHIMA1,大島１,GSI,34.7844196,139.3813944,136.6916,-3980677.3138,3414095.9713,3618328.1369,ITRF2020,GRS80,Bernese,IGS,F5.1(GPS),00,2020-01,2020/01/01 12:00:00,2020/12/31 12:00:00,366,2020-01-01,365,93051.20.pos.gz
93053,3053,KAWAZU,河津,GSI,34.7513498,138.9898166,52.7233,-3958778.1210,3442548.8103,3615266.5335,ITRF2020,GRS80,Bernese,IGS,F5.1(GPS),00,2020-01,2020/01/01 12:00:00,2020/12/31 12:00:00,366,2020-01-01,360,93053.20.pos.gz
93055,3055,OOSHIMA2,大島２,GSI,34.6867864,139.4332180,115.4155,-3988438.6165,3414496.2656,3609415.0212,ITRF2020,GRS80,Bernese,IGS,F5.1(GPS),00,2020-01,2020/01/01 12:00:00,2020/12/31 12:00:00,366,2020-01-01,363,93055.20.pos.gz
93057,3057,NIIJIMA,新島,GSI,34.3718257,139.2579114,59.1485,-3992942.7630,3439579.0294,3580598.5721,ITRF2020,GRS80,Bernese,IGS,F5.1(GPS),00,2020-01,2020/01/01 12:00:00,2020/12/31 12:00:00,366,2020-01-01,365,93057.20.pos.gz
93059,3059,MIYAKE1,三宅１,GSI,34.1210702,139.5038490,91.3244,-4019593.9501,3432590.5838,3557623.4291,ITRF2020,GRS80,Bernese,IGS,F5.1(GPS),00,2020-01,2020/01/01 12:00:00,2020/12/31 12:00:00,366,2020-01-01,366,93059.20.pos.gz
93060,3060,MIYAKE2,三宅２,GSI,34.0591121,139.5471536,84.3842,-4025114.0569,3432047.1857,3551927.8317,ITRF2020,GRS80,Bernese,IGS,F5.1(GPS),00,2020-01,2020/01/01 12:00:00,2020/12/31 12:00:00,366,2020-01-01,366,93060.20.pos.gz
93062,3062,ITOUYAHATANO,伊東八幡野,GSI,34.8784746,139.1243651,60.9845,-3960768.3095,3427978.0654,3626849.8118,ITRF2020,GRS80,Bernese,IGS,F5.1(GPS),00,2020-01,2020/01/01 12:00:00,2020/12/31 12:00:00,366,2020-01-01,236,93062.20.pos.gz
93063,3063,AKIKAWA,秋川,GSI,35.7237580,139.2681377,201.5977,-3928377.8485,3382740.6309,3703469.0104,ITRF2020,GRS80,Bernese,IGS,F5.1(GPS),00,2020-01,2020/01/01 12:00:00,2020/12/31 12:00:00,366,2020-01-01,363,93063.20.pos.gz
93064,3064,YAMANASHIOOTSUKI,山梨大月,GSI,35.6233490,138.9758588,474.5545,-3916139.6719,3407146.2477,3694577.5520,ITRF2020,GRS80,Bernese,IGS,F5.1(GPS),00,2020-01,2020/01/01 12:00:00,2020/12/31 12:00:00,366,2020-01-01,356,93064.20.pos.gz
93065,3065,FUJINO,藤野,GSI,35.6102741,139.1572300,242.2349,-3927401.7174,3395161.5822,3693262.8848,ITRF2020,GRS80,Bernese,IGS,F5.1(GPS),00,2020-01,2020/01/01 12:00:00,2020/12/31 12:00:00,366,2020-01-01,362,93065.20.pos.gz
93066,3066,HADANO,秦野,GSI,35.4285191,139.2048708,805.7298,-3939440.8364,3399849.7395,3677175.6360,ITRF2020,GRS80,Bernese,IGS,F5.1(GPS),00,2020-01,2020/01/01 12:00:00,2020/12/31 12:00:00,366,2020-01-01,349,93066.20.pos.gz
93067,3067,YOKOSUKA,横須賀,GSI,35.2670944,139.6648402,63.3541,-3974044.6702,3374429.7766,3662137.1135,ITRF2020,GRS80,Bernese,IGS,F5.1(GPS),00,2020-01,2020/01/01 12:00:00,2020/12/31 12:00:00,366,2020-01-01,365,93067.20.pos.gz
93068,3068,HAKONE,箱根,GSI,35.2455163,139.0493416,599.8228,-3938940.9621,3418118.1991,3660491.7984,ITRF2020,GRS80,Bernese,IGS,F5.1(GPS),00,2020-01,2020/01/01 12:00:00,2020/12/31 12:00:00,366,2020-01-01,358,93068.20.pos.gz
93069,3069,NAKATOMI,中富,GSI,35.4435795,138.4452506,305.5740,-3892991.1824,3450865.0158,3678247.1810,ITRF2020,GRS80,Bernese,IGS,F5.1(GPS),00,2020-01,2020/01/01 12:00:00,2020/12/31 12:00:00,366,2020-01-01,361,93069.20.pos.gz
93070,3070,FUJIYOSHIDA,富士吉田,GSI,35.4965891,138.8140407,788.0930,-3912849.3329,3423747.2842,3683317.4921,ITRF2020,GRS80,Bernese,IGS,F5.1(GPS),00,2020-01,2020/01/01 12:00:00,2020/12/31 12:00:00,366,2020-01-01,366,93070.20.pos.gz
93071,3071,FUJINOMIYA1,富士宮１,GSI,35.3620777,138.5634378,728.9112,-3904287.4326,3446522.8101,3671121.3318,ITRF2020,GRS80,Bernese,IGS,F5.1(GPS),00,2020-01,2020/01/01 12:00:00,2020/12/31 12:00:00,366,2020-01-01,366,93071.20.pos.gz
93072,3072,SUSONO1,裾野１,GSI,35.3055391,138.7706779,1496.0118,-3919927.5257,3435182.2482,3666446.7722,ITRF2020,GRS80,Bernese,IGS,F5.1(GPS),00,2020-01,2020/01/01 12:00:00,2020/12/31 12:00:00,366,2020-01-01,366,93072.20.pos.gz
93073,3073,NANBU,南部,GSI,35.2894611,138.4457021,189.6688,-3900354.1270,3457336.8659,3664235.8805,ITRF2020,GRS80,Bernese,IGS,F5.1(GPS),00,2020-01,2020/01/01 12:00:00,2020/12/31 12:00:00,366,2020-01-01,366,93073.20.pos.gz
93074,3074,SHIZUOKA1,静岡１,GSI,35.2009788,138.2535162,1126.9058,-3893533.4953,3474682.2483,3656758.7315,ITRF2020,GRS80,Bernese,IGS,F5.1(GPS),00,2020-01,2020/01/01 12:00:00,2020/12/31 12:00:00,366,2020-01-01,366,93074.20.pos.gz
93075,3075,FUJINOMIYA2,富士宮２,GSI,35.2031830,138.6169905,212.2094,-3914831.1979,3449325.2884,3656431.2885,ITRF2020,GRS80,Bernese,IGS,F5.1(GPS),00,2020-01,2020/01/01 12:00:00,2020/12/31 12:00:00,366,2020-01-01,361,93075.20.pos.gz
93076,3076,FUJI,富士,GSI,35.1735898,138.7215441,133.9831,-3922492.8654,3443381.7912,3653702.9137,ITRF2020,GRS80,Bernese,IGS,F5.1(GPS),00,2020-01,2020/01/01 12:00:00,2020/12/31 12:00:00,366,2020-01-01,366,93076.20.pos.gz
93077,3077,SIZUOKASIMIZUSI1,静岡清水市１,GSI,35.0674073,138.5247114,55.7088,-3915670.2282,3461282.8169,3644022.2081,ITRF2020,GRS80,Bernese,IGS,F5.1(GPS),00,2020-01,2020/01/01 12:00:00,2020/12/31 12:00:00,366,2020-01-01,360,93077.20.pos.gz
93078,3078,SHIZUOKA2,静岡２,GSI,35.1034582,138.3686986,266.2073,-3904641.2575,3470519.2221,3647416.1198,ITRF2020,GRS80,Bernese,IGS,F5.1(GPS),00,2020-01,2020/01/01 12:00:00,2020/12/31 12:00:00,366,2020-01-01,366,93078.20.pos.gz
93079,3079,HONKAWANE,本川根,GSI,35.1039113,138.1349037,349.0105,-3890476.2917,3486449.0543,3647504.8605,ITRF2020,GRS80,Bernese,IGS,F5.1(GPS),00,2020-01,2020/01/01 12:00:00,2020/12/31 12:00:00,366,2020-01-01,366,93079.20.pos.gz
93081,3081,SHIZUOKA3,静岡３,GSI,34.9905250,138.3782978,64.4516,-3910477.7104,3474534.2310,3637042.7569,ITRF2020,GRS80,Bernese,IGS,F5.1(GPS),00,2020-01,2020/01/01 12:00:00,2020/12/31 12:00:00,366,2020-01-01,364,93081.20.pos.gz
93084,3084,TOUEI,東栄,GSI,35.0792925,137.6952380,346.2142,-3864767.9720,3517255.4824,3645268.3156,ITRF2020,GRS80,Bernese,IGS,F5.1(GPS),00,2020-01,2020/01/01 12:00:00,2020/12/31 12:00:00,366,2020-01-01,365,93084.20.pos.gz
93085,3085,NISHIIZU,西伊豆,GSI,34.7760751,138.7860630,54.1151,-3945335.1466,3455575.3713,3617520.6925,ITRF2020,GRS80,Bernese,IGS,F5.1(GPS),00,2020-01,2020/01/01 12:00:00,2020/12/31 12:00:00,366,2020-01-01,366,93085.20.pos.gz
93086,3086,MINAMIIZU2,南伊豆２,GSI,34.6100004,138.8384171,121.4601,-3956427.4877,3458907.3168,3602410.7857,ITRF2020,GRS80,Bernese,IGS,F5.1(GPS),00,2020-01,2020/01/01 12:00:00,2020/12/31 12:00:00,366,2020-01-01,366,93086.20.pos.gz
93089,3089,SHIZUOKAMORI,静岡森,GSI,34.8438572,137.9321486,102.4823,-3890241.1564,3511139.6988,3623722.2995,ITRF2020,GRS80,Bernese,IGS,F5.1(GPS),00,2020-01,2020/01/01 12:00:00,2020/12/31 12:00:00,366,2020-01-01,366,93089.20.pos.gz
93090,3090,TENRYUU,天竜,GSI,34.9413449,137.8179420,112.9629,-3878656.6033,3514738.4644,3632599.3109,ITRF2020,GRS80,Bernese,IGS,F5.1(GPS),00,2020-01,2020/01/01 12:00:00,2020/12/31 12:00:00,366,2020-01-01,366,93090.20.pos.gz
93091,3091,SHIZUOKASAGARA1,静岡相良１,GSI,34.7577567,138.1369170,211.1317,-3906891.1248,3500911.6786,3615940.8006,ITRF2020,GRS80,Bernese,IGS,F5.1(GPS),00,2020-01,2020/01/01 12:00:00,2020/12/31 12:00:00,366,2020-01-01,366,93091.20.pos.gz
93092,3092,HAIBARA,榛原,GSI,34.7383083,138.2256052,48.3297,-3913122.8534,3495590.1469,3614075.2104,ITRF2020,GRS80,Bernese,IGS,F5.1(GPS),00,2020-01,2020/01/01 12:00:00,2020/12/31 12:00:00,366,2020-01-01,366,93092.20.pos.gz
93093,3093,DAITOU1,大東１,GSI,34.7152515,138.0535435,57.9326,-3903697.4409,3508304.9035,3611978.4473,ITRF2020,GRS80,Bernese,IGS,F5.1(GPS),00,2020-01,2020/01/01 12:00:00,2020/12/31 12:00:00,366,2020-01-01,366,93093.20.pos.gz
93094,3094,HAMAOKA1,浜岡１,GSI,34.6429022,138.1292870,61.5337,-3911734.7290,3506191.2761,3605380.2001,ITRF2020,GRS80,Bernese,IGS,F5.1(GPS),00,2020-01,2020/01/01 12:00:00,2020/12/31 12:00:00,366,2020-01-01,366,93094.20.pos.gz
93095,3095,ASABA,浅羽,GSI,34.6704201,137.9374392,49.2118,-3898676.4607,3518099.7916,3607884.2649,ITRF2020,GRS80,Bernese,IGS,F5.1(GPS),00,2020-01,2020/01/01 12:00:00,2020/12/31 12:00:00,366,2020-01-01,366,93095.20.pos.gz
93096,3096,FUKUROI,袋井,GSI,34.7553935,137.9112784,56.2135,-3893090.2553,3516285.2324,3615637.0907,ITRF2020,GRS80,Bernese,IGS,F5.1(GPS),00,2020-01,2020/01/01 12:00:00,2020/12/31 12:00:00,366,2020-01-01,365,93096.20.pos.gz
93097,3097,HAMAKITA,浜北,GSI,34.7928362,137.7917939,64.5652,-3883999.2160,3522809.2135,3619053.8185,ITRF2020,GRS80,Bernese,IGS,F5.1(GPS),00,2020-01,2020/01/01 12:00:00,2020/12/31 12:00:00,366,2020-01-01,366,93097.20.pos.gz
93098,3098,RYUUYOU,竜洋,GSI,34.6718821,137.8234237,47.9698,-3891598.7872,3525788.3348,3608016.9542,ITRF2020,GRS80,Bernese,IGS,F5.1(GPS),00,2020-01,2020/01/01 12:00:00,2020/12/31 12:00:00,366,2020-01-01,366,93098.20.pos.gz
93099,3099,HOURAI,鳳来,GSI,34.9376754,137.5754946,131.9092,-3863932.8529,3531287.2692,3632276.4440,ITRF2020,GRS80,Bernese,IGS,F5.1(GPS),00,2020-01,2020/01/01 12:00:00,2020/12/31 12:00:00,366,2020-01-01,366,93099.20.pos.gz
93102,3102,AICHIICHINOMIYA,愛知一宮町,GSI,34.8648151,137.4340059,80.6844,-3858576.0595,3543918.2970,3625617.8047,ITRF2020,GRS80,Bernese,IGS,F5.1(GPS),00,2020-01,2020/01/01 12:00:00,2020/12/31 12:00:00,366,2020-01-01,366,93102.20.pos.gz
93103,3103,MIKKABI,三ヶ日,GSI,34.8087270,137.5543423,67.7267,-3868625.7621,3538198.1448,3620503.2059,ITRF2020,GRS80,Bernese,IGS,F5.1(GPS),00,2020-01,2020/01/01 12:00:00,2020/12/31 12:00:00,366,2020-01-01,366,93103.20.pos.gz
93104,3104,KOSAI,湖西,GSI,34.7180523,137.5149365,60.5597,-3870416.8442,3544727.8694,3612235.3378,ITRF2020,GRS80,Bernese,IGS,F5.1(GPS),00,2020-01,2020/01/01 12:00:00,2020/12/31 12:00:00,366,2020-01-01,366,93104.20.pos.gz
940001,0001,WAKKANAI,稚内,GSI,45.4029915,141.7504368,74.6571,-3522845.4721,2777143.8886,4518958.9475,ITRF2020,GRS80,Bernese,IGS,F5.1(GPS),00,2020-01,2020/01/01 12:00:00,2020/12/31 12:00:00,366,2020-01-01,360,940001.20.pos.gz
940002,0002,OKOPPE,興部,GSI,44.4336854,143.2241795,54.5761,-3654016.6695,2731149.4378,4442667.4895,ITRF2020,GRS80,Bernese,IGS,F5.1(GPS),00,2020-01,2020/01/01 12:00:00,2020/12/31 12:00:00,366,2020-01-01,365,940002.20.pos.gz
940003,0003,HABORO,羽幌,GSI,44.3979497,141.7563137,54.8045,-3585038.5165,2825575.9705,4439831.2433,ITRF2020,GRS80,Bernese,IGS,F5.1(GPS),00,2020-01,2020/01/01 12:00:00,2020/12/31 12:00:00,366,2020-01-01,366,940003.20.pos.gz
940004,0004,SHARI,斜里,GSI,43.9156901,144.6758409,39.2431,-3754749.3218,2660888.3288,4401375.4197,ITRF2020,GRS80,Bernese,IGS,F5.1(GPS),00,2020-01,2020/01/01 12:00:00,2020/12/31 12:00:00,366,2020-01-01,366,940004.20.pos.gz
940005,0005,TESHIKAGA,弟子屈,GSI,43.5078602,144.4490071,177.2617,-3769742.7498,2693996.6391,4368717.2235,ITRF2020,GRS80,Bernese,IGS,F5.1(GPS),00,2020-01,2020/01/01 12:00:00,2020/12/31 12:00:00,366,2020-01-01,329,940005.20.pos.gz
940007,0007,BIEI,美瑛,GSI,43.5896570,142.4824794,283.6495,-3670171.0227,2818004.8137,4375377.5655,ITRF2020,GRS80,Bernese,IGS,F5.1(GPS),00,2020-01,2020/01/01 12:00:00,2020/12/29 12:00:00,364,2020-01-01,357,940007.20.pos.gz
940008,0008,MASHIKE,増毛,GSI,43.8540092,141.5103740,51.7405,-3605812.5735,2867127.0278,4396444.5957,ITRF2020,GRS80,Bernese,IGS,F5.1(GPS),00,2020-01,2020/01/01 12:00:00,2020/12/31 12:00:00,366,2020-01-01,366,940008.20.pos.gz
940009,0009,HAMANAKA,浜中,GSI,43.0700799,145.1296185,78.4512,-3828780.4437,2668052.8231,4333245.9755,ITRF2020,GRS80,Bernese,IGS,F5.1(GPS),00,2020-01,2020/01/01 12:00:00,2020/12/31 12:00:00,366,2020-01-01,366,940009.20.pos.gz
940010,0010,KUSHIROSHI,釧路市,GSI,42.9632623,144.4319341,69.3636,-3802588.6366,2719181.6524,4324563.2793,ITRF2020,GRS80,Bernese,IGS,F5.1(GPS),00,2020-01,2020/01/01 12:00:00,2020/12/31 12:00:00,366,2020-01-01,365,940010.20.pos.gz
940011,0011,IKEDA,池田,GSI,43.0286253,143.4592304,60.5671,-3751895.9637,2780390.6437,4329868.2997,ITRF2020,GRS80,Bernese,IGS,F5.1(GPS),00,2020-01,2020/01/01 12:00:00,2020/12/31 12:00:00,366,2020-01-01,365,940011.20.pos.gz
940012,0012,SHIMUKAPPU,占冠,GSI,42.9805140,142.4019723,390.7280,-3703034.3457,2851517.2917,4326184.6871,ITRF2020,GRS80,Bernese,IGS,F5.1(GPS),00,2020-01,2020/01/01 12:00:00,2020/12/25 12:00:00,360,2020-01-01,351,940012.20.pos.gz
940013,0013,OTARU1,小樽１,GSI,43.1778516,141.0309171,112.5897,-3621945.3237,2929758.8706,4342008.1929,ITRF2020,GRS80,Bernese,IGS,F5.1(GPS),00,2020-01,2020/01/01 12:00:00,2020/12/31 12:00:00,366,2020-01-01,366,940013.20.pos.gz
940014,0014,NAGANUMA,長沼,GSI,42.9832513,141.7306723,85.3534,-3669033.2747,2894440.0133,4326198.9692,ITRF2020,GRS80,Bernese,IGS,F5.1(GPS),00,2020-01,2020/01/01 12:00:00,2020/12/31 12:00:00,366,2020-01-01,361,940014.20.pos.gz
940015,0015,HIROO,広尾,GSI,42.3215944,143.3310028,50.6647,-3788360.9769,2820569.7588,4272117.0124,ITRF2020,GRS80,Bernese,IGS,F5.1(GPS),00,2020-01,2020/01/01 12:00:00,2020/12/31 12:00:00,366,2020-01-01,366,940015.20.pos.gz
940016,0016,SHIZUNAI,静内,GSI,42.3569024,142.3646050,68.7810,-3738169.0280,2882458.2808,4275028.2752,ITRF2020,GRS80,Bernese,IGS,F5.1(GPS),00,2020-01,2020/01/01 12:00:00,2020/12/31 12:00:00,366,2020-01-01,366,940016.20.pos.gz
940017,0017,SETANA,瀬棚,GSI,42.4507322,139.8576711,74.7044,-3603142.1149,3038679.7126,4282728.5982,ITRF2020,GRS80,Bernese,IGS,F5.1(GPS),00,2020-01,2020/01/01 12:00:00,2020/12/31 12:00:00,366,2020-01-01,365,940017.20.pos.gz
940018,0018,MURORAN,室蘭,GSI,42.3742124,140.9424083,143.5986,-3664513.1973,2973568.0987,4276499.3914,ITRF2020,GRS80,Bernese,IGS,F5.1(GPS),00,2020-01,2020/01/01 12:00:00,2020/12/31 12:00:00,366,2020-01-01,365,940018.20.pos.gz
940019,0019,ERIMO1,えりも１,GSI,42.0058549,143.1565310,45.6389,-3798591.4296,2846206.7617,4246117.6400,ITRF2020,GRS80,Bernese,IGS,F5.1(GPS),00,2020-01,2020/01/01 12:00:00,2020/12/31 12:00:00,366,2020-01-01,365,940019.20.pos.gz
940020,0020,OKUSHIRI,奥尻１,GSI,42.1535430,139.5196045,68.4503,-3602046.4964,3074307.4327,4258308.6245,ITRF2020,GRS80,Bernese,IGS,F5.1(GPS),00,2020-01,2020/01/01 12:00:00,2020/12/31 12:00:00,366,2020-01-01,366,940020.20.pos.gz
940021,0021,OTOBE,乙部,GSI,42.0080712,140.1073275,78.8904,-3641706.2614,3044147.8124,4246322.8159,ITRF2020,GRS80,Bernese,IGS,F5.1(GPS),00,2020-01,2020/01/01 12:00:00,2020/12/31 12:00:00,366,2020-01-01,366,940021.20.pos.gz
940022,0022,HAKODATE,函館,GSI,41.8260696,140.7478297,83.0570,-3685968.4221,3011795.3503,4231283.0123,ITRF2020,GRS80,Bernese,IGS,F5.1(GPS),00,2020-01,2020/01/01 12:00:00,2020/12/31 12:00:00,366,2020-01-01,366,940022.20.pos.gz
940023,0023,MATSUMAE,松前,GSI,41.4663724,140.0406574,127.6857,-3668890.5949,3074130.8513,4201458.8872,ITRF2020,GRS80,Bernese,IGS,F5.1(GPS),00,2020-01,2020/01/01 12:00:00,2020/12/31 12:00:00,366,2020-01-01,365,940023.20.pos.gz
940024,0024,MUTSU,むつ,GSI,41.3007675,141.2132796,58.1246,-3740470.6318,3005988.4992,4187612.9504,ITRF2020,GRS80,Bernese,IGS,F5.1(GPS),00,2020-01,2020/01/01 12:00:00,2020/12/31 12:00:00,366,2020-01-01,365,940024.20.pos.gz
940026,0026,AJIGASAWA,鰺ヶ沢,GSI,40.7789778,140.2729906,61.4437,-3719901.6021,3091285.2058,4143908.0459,ITRF2020,GRS80,Bernese,IGS,F5.1(GPS),00,2020-01,2020/01/01 12:00:00,2020/12/31 12:00:00,366,2020-01-01,366,940026.20.pos.gz
940027,0027,KUJI,久慈,GSI,40.1334373,141.7891141,91.9161,-3836954.7120,3020566.2319,4089383.6841,ITRF2020,GRS80,Bernese,IGS,F5.1(GPS),00,2020-01,2020/01/01 12:00:00,2020/12/31 12:00:00,366,2020-01-01,366,940027.20.pos.gz
940028,0028,MIYAKO,宮古,GSI,39.5723677,141.9400017,49.8318,-3876303.0792,3035042.1024,4041531.7889,ITRF2020,GRS80,Bernese,IGS,F5.1(GPS),00,2020-01,2020/01/01 12:00:00,2020/12/31 12:00:00,366,2020-01-01,366,940028.20.pos.gz
940029,0029,MIZUSAWA1,水沢１,GSI,39.1106066,141.2039658,172.2597,-3862398.9903,3105008.3802,4001960.9249,ITRF2020,GRS80,Bernese,IGS,F5.1(GPS),00,2020-01,2020/01/01 12:00:00,2020/12/31 12:00:00,366,2020-01-01,363,940029.20.pos.gz
940030,0030,OGA1,男鹿１,GSI,39.9678956,139.7761665,69.4930,-3737506.2334,3161103.5577,4075298.8571,ITRF2020,GRS80,Bernese,IGS,F5.1(GPS),00,2020-01,2020/01/01 12:00:00,2020/12/31 12:00:00,366,2020-01-01,365,940030.20.pos.gz
940031,0031,HONJOU,本荘,GSI,39.3986875,140.0482657,67.8524,-3783410.9170,3169231.3962,4026660.9380,ITRF2020,GRS80,Bernese,IGS,F5.1(GPS),00,2020-01,2020/01/01 12:00:00,2020/12/31 12:00:00,366,2020-01-01,366,940031.20.pos.gz
940032,0032,SAKATA,酒田,GSI,38.8945958,139.8088782,51.2832,-3797115.4466,3207802.9155,3983248.7622,ITRF2020,GRS80,Bernese,IGS,F5.1(GPS),00,2020-01,2020/01/01 12:00:00,2020/12/31 12:00:00,366,2020-01-01,366,940032.20.pos.gz
940033,0033,YAMAGATASHINJOU,山形新庄,GSI,38.7585858,140.3187712,181.3060,-3832875.4653,3179993.8558,3971567.4199,ITRF2020,GRS80,Bernese,IGS,F5.1(GPS),00,2020-01,2020/01/01 12:00:00,2020/12/31 12:00:00,366,2020-01-01,365,940033.20.pos.gz
940035,0035,TENDOU,天童,GSI,38.3310202,140.3661236,166.0412,-3858270.6318,3195683.3741,3934435.4082,ITRF2020,GRS80,Bernese,IGS,F5.1(GPS),00,2020-01,2020/01/01 12:00:00,2020/12/31 12:00:00,366,2020-01-01,348,940035.20.pos.gz
940036,0036,ONAGAWA,女川,GSI,38.4491758,141.4412337,78.3247,-3911129.3255,3117607.7537,3944661.2494,ITRF2020,GRS80,Bernese,IGS,F5.1(GPS),00,2020-01,2020/01/01 12:00:00,2020/12/31 12:00:00,366,2020-01-01,365,940036.20.pos.gz
940037,0037,RIFU,利府,GSI,38.3174746,140.9542376,73.5585,-3891536.7786,3156454.0661,3933198.4460,ITRF2020,GRS80,Bernese,IGS,F5.1(GPS),00,2020-01,2020/01/01 12:00:00,2020/12/31 12:00:00,366,2020-01-01,366,940037.20.pos.gz
940038,0038,SOUMA1,相馬１,GSI,37.8006628,140.9081279,72.4314,-3916442.0593,3181883.7190,3888029.6879,ITRF2020,GRS80,Bernese,IGS,F5.1(GPS),00,2020-01,2020/01/01 12:00:00,2020/12/31 12:00:00,366,2020-01-01,366,940038.20.pos.gz
940040,0040,YAMATO,山都,GSI,37.6436939,139.7915296,239.2604,-3861934.3449,3264566.3296,3874350.7180,ITRF2020,GRS80,Bernese,IGS,F5.1(GPS),00,2020-01,2020/01/01 12:00:00,2020/12/31 12:00:00,366,2020-01-01,366,940040.20.pos.gz
940041,0041,IWAKI,いわき,GSI,37.0907077,140.9025474,208.2724,-3953396.6934,3212546.4970,3825553.5095,ITRF2020,GRS80,Bernese,IGS,F5.1(GPS),00,2020-01,2020/01/01 12:00:00,2020/12/31 12:00:00,366,2020-01-01,366,940041.20.pos.gz
940042,0042,HITACHI,日立,GSI,36.5399242,140.6118554,152.5490,-3965320.8989,3255777.4635,3776585.8141,ITRF2020,GRS80,Bernese,IGS,F5.1(GPS),00,2020-01,2020/01/01 12:00:00,2020/12/31 12:00:00,366,2020-01-01,366,940042.20.pos.gz
940043,0043,TOCHIGI,栃木,GSI,36.4018466,139.7264343,100.5441,-3921453.3390,3322525.0660,3764233.2029,ITRF2020,GRS80,Bernese,IGS,F5.1(GPS),00,2020-01,2020/01/01 12:00:00,2020/12/31 12:00:00,366,2020-01-01,320,940043.20.pos.gz
940044,0044,NIIHARU,新治,GSI,36.6970266,138.9062751,595.3228,-3859090.8494,3365755.2931,3790843.4897,ITRF2020,GRS80,Bernese,IGS,F5.1(GPS),00,2020-01,2020/01/01 12:00:00,2020/12/31 12:00:00,366,2020-01-01,366,940044.20.pos.gz
940045,0045,TOMIOKA,富岡,GSI,36.2590323,138.8654135,222.8639,-3878228.3219,3387319.0347,3751538.4546,ITRF2020,GRS80,Bernese,IGS,F5.1(GPS),00,2020-01,2020/01/01 12:00:00,2020/12/31 12:00:00,366,2020-01-01,366,940045.20.pos.gz
940046,0046,OOMACHI,大町,GSI,36.4997662,137.8511291,770.9530,-3806238.5480,3445102.1664,3773372.2697,ITRF2020,GRS80,Bernese,IGS,F5.1(GPS),00,2020-01,2020/01/01 12:00:00,2020/12/31 12:00:00,366,2020-01-01,366,940046.20.pos.gz
940047,0047,MINOWA,箕輪,GSI,35.9235804,137.9438114,904.1723,-3839934.3418,3464317.1537,3721858.8661,ITRF2020,GRS80,Bernese,IGS,F5.1(GPS),00,2020-01,2020/01/01 12:00:00,2020/12/31 12:00:00,366,2020-01-01,365,940047.20.pos.gz
940048,0048,NAKAMICHI,中道,GSI,35.5903356,138.5833018,387.7051,-3894250.6161,3435261.3333,3691548.7310,ITRF2020,GRS80,Bernese,IGS,F5.1(GPS),00,2020-01,2020/01/01 12:00:00,2020/12/31 12:00:00,366,2020-01-01,366,940048.20.pos.gz
940049,0049,MURAKAMI,村上,GSI,38.2306854,139.5095922,74.0677,-3815260.6541,3257435.9322,3925635.6345,ITRF2020,GRS80,Bernese,IGS,F5.1(GPS),00,2020-01,2020/01/01 12:00:00,2020/12/31 12:00:00,366,2020-01-01,366,940049.20.pos.gz
940050,0050,NIIGATA,新潟,GSI,37.8964683,138.9888826,50.6982,-3802744.5422,3306971.0524,3896413.2548,ITRF2020,GRS80,Bernese,IGS,F5.1(GPS),00,2020-01,2020/01/01 12:00:00,2020/12/31 12:00:00,366,2020-01-01,366,940050.20.pos.gz
940051,0051,KASHIWAZAKI1,柏崎１,GSI,37.3976783,138.5744108,50.2834,-3804077.1293,3356765.7913,3852578.9240,ITRF2020,GRS80,Bernese,IGS,F5.1(GPS),00,2020-01,2020/01/01 12:00:00,2020/12/31 12:00:00,366,2020-01-01,366,940051.20.pos.gz
940052,0052,NYUUZEN,入善,GSI,36.9289571,137.4872387,66.5939,-3762875.7115,3449582.4433,3811133.6924,ITRF2020,GRS80,Bernese,IGS,F5.1(GPS),00,2020-01,2020/01/01 12:00:00,2020/12/31 12:00:00,366,2020-01-01,366,940052.20.pos.gz
940053,0053,WAJIMA,輪島,GSI,37.3823745,136.8891745,51.2992,-3704467.2407,3467892.2061,3851230.0457,ITRF2020,GRS80,Bernese,IGS,F5.1(GPS),00,2020-01,2020/01/01 12:00:00,2020/12/31 12:00:00,366,2020-01-01,366,940053.20.pos.gz
940054,0054,UCHINADA,内灘,GSI,36.6634113,136.6499464,89.6719,-3724914.0305,3516330.2739,3787549.6101,ITRF2020,GRS80,Bernese,IGS,F5.1(GPS),00,2020-01,2020/01/01 12:00:00,2020/12/31 12:00:00,366,2020-01-01,366,940054.20.pos.gz
940055,0055,MIKUNI,三国,GSI,36.2311721,136.1729798,63.6494,-3716055.3694,3566934.5514,3748951.0152,ITRF2020,GRS80,Bernese,IGS,F5.1(GPS),00,2020-01,2020/01/01 12:00:00,2020/12/31 12:00:00,366,2020-01-01,366,940055.20.pos.gz
940056,0056,TSURUGA,敦賀,GSI,35.6025602,136.1058114,120.7083,-3741389.5237,3599688.7542,3692496.2541,ITRF2020,GRS80,Bernese,IGS,F5.1(GPS),00,2020-01,2020/01/01 12:00:00,2020/12/31 12:00:00,366,2020-01-01,366,940056.20.pos.gz
940057,0057,MIYAZU,宮津,GSI,35.5499033,135.2333876,44.1168,-3688515.6839,3658587.9638,3687699.8068,ITRF2020,GRS80,Bernese,IGS,F5.1(GPS),00,2020-01,2020/01/01 12:00:00,2020/12/31 12:00:00,366,2020-01-01,366,940057.20.pos.gz
940058,0058,TAKAYAMA,高山,GSI,36.1359925,137.3479151,812.8988,-3793445.1822,3494621.3178,3740868.3794,ITRF2020,GRS80,Bernese,IGS,F5.1(GPS),00,2020-01,2020/01/01 12:00:00,2020/12/31 12:00:00,366,2020-01-01,366,940058.20.pos.gz
940059,0059,GERO,下呂,GSI,35.8004834,137.2483767,406.3766,-3803183.8939,3515826.8564,3710496.9184,ITRF2020,GRS80,Bernese,IGS,F5.1(GPS),00,2020-01,2020/01/01 12:00:00,2020/12/31 12:00:00,366,2020-01-01,366,940059.20.pos.gz
940060,0060,MINO,美濃,GSI,35.5260718,136.9000276,101.2725,-3794518.7508,3550844.4137,3685581.4058,ITRF2020,GRS80,Bernese,IGS,F5.1(GPS),00,2020-01,2020/01/01 12:00:00,2020/12/31 12:00:00,366,2020-01-01,365,940060.20.pos.gz
940061,0061,NAKATSUGAWA,中津川,GSI,35.3967649,137.4675765,534.1801,-3835898.6897,3518949.0238,3674146.6831,ITRF2020,GRS80,Bernese,IGS,F5.1(GPS),00,2020-01,2020/01/01 12:00:00,2020/12/31 12:00:00,366,2020-01-01,366,940061.20.pos.gz
940062,0062,YOUKAICHI,八日市,GSI,35.0947271,136.1582346,155.0141,-3768212.9032,3618862.7674,3646559.6430,ITRF2020,GRS80,Bernese,IGS,F5.1(GPS),00,2020-01,2020/01/01 12:00:00,2020/12/31 12:00:00,366,2020-01-01,366,940062.20.pos.gz
940063,0063,NISSHIN,日進,GSI,35.1281088,137.0412873,100.9553,-3821946.4064,3558877.1369,3649558.1685,ITRF2020,GRS80,Bernese,IGS,F5.1(GPS),00,2020-01,2020/01/01 12:00:00,2020/12/31 12:00:00,366,2020-01-01,363,940063.20.pos.gz
940064,0064,TSU,津,GSI,34.7589977,136.5022937,46.8439,-3805280.4854,3610786.8451,3615960.2498,ITRF2020,GRS80,Bernese,IGS,F5.1(GPS),00,2020-01,2020/01/01 12:00:00,2020/12/31 12:00:00,366,2020-01-01,366,940064.20.pos.gz
940065,0065,TOBA,鳥羽,GSI,34.4653873,136.8511292,80.9393,-3840712.0771,3600224.3865,3589172.7480,ITRF2020,GRS80,Bernese,IGS,F5.1(GPS),00,2020-01,2020/01/01 12:00:00,2020/12/31 12:00:00,366,2020-01-01,295,940065.20.pos.gz
940066,0066,OWASE,尾鷲,GSI,34.0606572,136.1983653,59.8656,-3817676.9991,3661229.7103,3552056.0914,ITRF2020,GRS80,Bernese,IGS,F5.1(GPS),00,2020-01,2020/01/01 12:00:00,2020/12/31 12:00:00,366,2020-01-01,366,940066.20.pos.gz
940067,0067,MINOO,箕面,GSI,34.8379982,135.5009769,136.7267,-3738084.6594,3673280.2823,3623208.3859,ITRF2020,GRS80,Bernese,IGS,F5.1(GPS),00,2020-01,2020/01/01 12:00:00,2020/12/31 12:00:00,366,2020-01-01,366,940067.20.pos.gz
940068,0068,NARAYOSHINO,奈良吉野,GSI,34.3922999,135.8514102,201.3217,-3780672.9419,3669949.2109,3582553.2864,ITRF2020,GRS80,Bernese,IGS,F5.1(GPS),00,2020-01,2020/01/01 12:00:00,2020/12/31 12:00:00,366,2020-01-01,364,940068.20.pos.gz
940069,0069,WAKAYAMAKAINAN,和歌山海南,GSI,34.1576852,135.2214939,48.7858,-3750411.8481,3721526.7046,3560961.2067,ITRF2020,GRS80,Bernese,IGS,F5.1(GPS),00,2020-01,2020/01/01 12:00:00,2020/12/31 12:00:00,366,2020-01-01,366,940069.20.pos.gz
940070,0070,KUSHIMOTO,串本,GSI,33.4833604,135.7644133,51.9420,-3815336.5345,3714866.1558,3498823.8127,ITRF2020,GRS80,Bernese,IGS,F5.1(GPS),00,2020-01,2020/01/01 12:00:00,2020/12/31 12:00:00,366,2020-01-01,365,940070.20.pos.gz
940071,0071,HYOUGOMITSU,兵庫御津,GSI,34.7848116,134.5503911,42.8199,-3678939.1402,3737135.4240,3618310.2966,ITRF2020,GRS80,Bernese,IGS,F5.1(GPS),00,2020-01,2020/01/01 12:00:00,2020/12/31 12:00:00,366,2020-01-01,302,940071.20.pos.gz
940074,0074,MATSUE,松江,GSI,35.4338741,133.0586577,69.6755,-3552143.4818,3801397.5489,3677233.0620,ITRF2020,GRS80,Bernese,IGS,F5.1(GPS),00,2020-01,2020/01/01 12:00:00,2020/12/31 12:00:00,366,2020-01-01,362,940074.20.pos.gz
940075,0075,GOUTSU,江津,GSI,35.0028112,132.2089788,64.8621,-3513908.0698,3874080.4668,3638159.5839,ITRF2020,GRS80,Bernese,IGS,F5.1(GPS),00,2020-01,2020/01/01 12:00:00,2020/12/31 12:00:00,366,2020-01-01,366,940075.20.pos.gz
940076,0076,SUSA,須佐,GSI,34.6164939,131.6103772,72.2231,-3489492.7072,3928876.7489,3602975.6728,ITRF2020,GRS80,Bernese,IGS,F5.1(GPS),00,2020-01,2020/01/01 12:00:00,2020/12/31 12:00:00,366,2020-01-01,366,940076.20.pos.gz
940077,0077,KASAOKA,笠岡,GSI,34.5487970,133.5279871,94.1145,-3621956.0918,3813013.4397,3596805.1246,ITRF2020,GRS80,Bernese,IGS,F5.1(GPS),00,2020-01,2020/01/01 12:00:00,2020/12/31 12:00:00,366,2020-01-01,366,940077.20.pos.gz
940078,0078,HIROSHIMAKUMANO,広島熊野,GSI,34.3403532,132.5754426,293.9124,-3567027.0882,3882451.3096,3577848.8191,ITRF2020,GRS80,Bernese,IGS,F5.1(GPS),00,2020-01,2020/01/01 12:00:00,2020/12/31 12:00:00,366,2020-01-01,366,940078.20.pos.gz
940079,0079,SHIMONOSEKI,下関,GSI,33.9965555,130.9136313,75.4997,-3466844.9487,4000311.7798,3546172.0249,ITRF2020,GRS80,Bernese,IGS,F5.1(GPS),00,2020-01,2020/01/01 12:00:00,2020/12/31 12:00:00,366,2020-01-01,366,940079.20.pos.gz
940082,0082,MUROTO,室戸,GSI,33.3158950,134.1221247,316.1906,-3714575.3633,3830183.8143,3483462.4310,ITRF2020,GRS80,Bernese,IGS,F5.1(GPS),00,2020-01,2020/01/01 12:00:00,2020/12/31 12:00:00,366,2020-01-01,366,940082.20.pos.gz
940083,0083,KOUCHI,高知,GSI,33.5291506,133.5782650,70.8506,-3668929.6713,3855683.4247,3503069.0855,ITRF2020,GRS80,Bernese,IGS,F5.1(GPS),00,2020-01,2020/01/01 12:00:00,2020/12/31 12:00:00,366,2020-01-01,366,940083.20.pos.gz
940084,0084,NAKATOSA1,中土佐１,GSI,33.2729001,133.2417927,45.7038,-3656928.1004,3888545.0145,3479327.9879,ITRF2020,GRS80,Bernese,IGS,F5.1(GPS),00,2020-01,2020/01/01 12:00:00,2020/04/14 12:00:00,105,2020-01-01,77,940084.20.pos.gz
940085,0085,TOSASHIMIZU,土佐清水,GSI,32.7557395,132.9664088,74.3917,-3659511.8366,3928961.6394,3431248.7222,ITRF2020,GRS80,Bernese,IGS,F5.1(GPS),00,2020-01,2020/01/01 12:00:00,2020/12/31 12:00:00,366,2020-01-01,366,940085.20.pos.gz
940086,0086,IKATA,伊方,GSI,33.4690078,132.2811814,191.7956,-3583255.4122,3940545.5607,3497573.1117,ITRF2020,GRS80,Bernese,IGS,F5.1(GPS),00,2020-01,2020/01/01 12:00:00,2020/12/31 12:00:00,366,2020-01-01,366,940086.20.pos.gz
940087,0087,KOGA,古賀,GSI,33.7307195,130.4767716,49.0681,-3446895.0196,4039110.2233,3521672.4808,ITRF2020,GRS80,Bernese,IGS,F5.1(GPS),00,2020-01,2020/01/01 12:00:00,2020/12/31 12:00:00,366,2020-01-01,365,940087.20.pos.gz
940088,0088,AKI,安岐,GSI,33.4615454,131.6913722,51.3957,-3542727.5265,3977475.9168,3496805.2130,ITRF2020,GRS80,Bernese,IGS,F5.1(GPS),00,2020-01,2020/01/01 12:00:00,2020/12/31 12:00:00,366,2020-01-01,366,940088.20.pos.gz
940089,0089,HITA,日田,GSI,33.3310845,130.9678249,149.5990,-3497493.3099,4027971.9397,3484778.6391,ITRF2020,GRS80,Bernese,IGS,F5.1(GPS),00,2020-01,2020/01/01 12:00:00,2020/12/31 12:00:00,366,2020-01-01,366,940089.20.pos.gz
940090,0090,OOITASAIKI,大分佐伯,GSI,32.9245874,131.8763766,40.4750,-3577309.3270,3990284.9655,3446963.3846,ITRF2020,GRS80,Bernese,IGS,F5.1(GPS),00,2020-01,2020/01/01 12:00:00,2020/12/31 12:00:00,366,2020-01-01,366,940090.20.pos.gz
940091,0091,GENKAI,玄海,GSI,33.4760714,129.8502943,39.0736,-3412537.0541,4088551.0773,3498142.4003,ITRF2020,GRS80,Bernese,IGS,F5.1(GPS),00,2020-01,2020/01/01 12:00:00,2020/12/31 12:00:00,366,2020-01-01,366,940091.20.pos.gz
940093,0093,SENCHOU,千丁,GSI,32.5464074,130.6456002,40.2789,-3505547.8236,4083411.1574,3411684.1449,ITRF2020,GRS80,Bernese,IGS,F5.1(GPS),00,2020-01,2020/01/01 12:00:00,2020/12/31 12:00:00,366,2020-01-01,366,940093.20.pos.gz
940094,0094,HYUUGA,日向,GSI,32.4454442,131.6323260,70.4070,-3579360.5105,4026952.3073,3402256.8975,ITRF2020,GRS80,Bernese,IGS,F5.1(GPS),00,2020-01,2020/01/01 12:00:00,2020/12/31 12:00:00,366,2020-01-01,366,940094.20.pos.gz
940095,0095,SADOWARA,佐土原,GSI,32.0217548,131.4696782,50.8784,-3584498.8759,4055862.0135,3362503.9321,ITRF2020,GRS80,Bernese,IGS,F5.1(GPS),00,2020-01,2020/01/01 12:00:00,2020/12/31 12:00:00,366,2020-01-01,366,940095.20.pos.gz
940096,0096,AKUNE,阿久根,GSI,32.0132428,130.1901358,104.2370,-3493388.2938,4135310.7012,3361731.9172,ITRF2020,GRS80,Bernese,IGS,F5.1(GPS),00,2020-01,2020/01/01 12:00:00,2020/12/31 12:00:00,366,2020-01-01,352,940096.20.pos.gz
940098,0098,MAKURAZAKI,枕崎,GSI,31.2645896,130.2994855,42.5412,-3529404.3001,4161806.4601,3291026.0603,ITRF2020,GRS80,Bernese,IGS,F5.1(GPS),00,2020-01,2020/01/01 12:00:00,2020/12/31 12:00:00,366,2020-01-01,366,940098.20.pos.gz
940099,0099,UCHINOURA,内之浦,GSI,31.2585317,131.0875371,298.1053,-3586683.1976,4113297.9513,3290584.5252,ITRF2020,GRS80,Bernese,IGS,F5.1(GPS),00,2020-01,2020/01/01 12:00:00,2020/12/31 12:00:00,366,2020-01-01,360,940099.20.pos.gz
942004,2004,KANOYA,鹿屋,GSI,31.4253070,130.8785805,134.5351,-3565271.9611,4118973.0069,3306292.9767,ITRF2020,GRS80,Bernese,IGS,F5.1(GPS),00,2020-01,2020/01/01 12:00:00,2020/12/31 12:00:00,366,2020-01-01,366,942004.20.pos.gz
950101,0101,SARUFUTSU,猿払,GSI,45.3358252,142.1697377,45.4721,-3547254.2800,2754534.5697,4513693.8673,ITRF2020,GRS80,Bernese,IGS,F5.1(GPS),00,2020-01,2020/01/01 12:00:00,2020/12/31 12:00:00,366,2020-01-01,366,950101.20.pos.gz
950102,0102,REBUN,礼文,GSI,45.2759670,141.0382147,65.0868,-3495855.2739,2827029.2581,4509028.9124,ITRF2020,GRS80,Bernese,IGS,F5.1(GPS),00,2020-01,2020/01/01 12:00:00,2020/12/31 12:00:00,366,2020-01-01,366,950102.20.pos.gz
950103,0103,KITAMIESASHI,枝幸,GSI,45.0023968,142.5370903,44.4872,-3585700.8186,2747718.9480,4487568.2126,ITRF2020,GRS80,Bernese,IGS,F5.1(GPS),00,2020-01,2020/01/01 12:00:00,2020/12/31 12:00:00,366,2020-01-01,365,950103.20.pos.gz
950104,0104,TESHIO,天塩,GSI,44.8924601,141.7413989,38.6936,-3553971.6404,2802590.5079,4478917.1695,ITRF2020,GRS80,Bernese,IGS,F5.1(GPS),00,2020-01,2020/01/01 12:00:00,2020/12/31 12:00:00,366,2020-01-01,366,950104.20.pos.gz
950105,0105,OTOINEPPU,音威子府,GSI,44.7284949,142.2652478,78.9437,-3589624.9996,2777856.9530,4466018.5821,ITRF2020,GRS80,Bernese,IGS,F5.1(GPS),00,2020-01,2020/01/01 12:00:00,2020/12/30 12:00:00,365,2020-01-01,364,950105.20.pos.gz
950106,0106,TEURIJIMA,天売島,GSI,44.4270470,141.3300588,50.7163,-3562149.5437,2850752.9500,4442138.0131,ITRF2020,GRS80,Bernese,IGS,F5.1(GPS),00,2020-01,2020/01/01 12:00:00,2020/12/31 12:00:00,366,2020-01-01,366,950106.20.pos.gz
950107,0107,SHIMOKAWA,下川,GSI,44.2945674,142.6255893,186.4093,-3633949.2426,2775793.1627,4431707.8733,ITRF2020,GRS80,Bernese,IGS,F5.1(GPS),00,2020-01,2020/01/01 12:00:00,2020/12/31 12:00:00,366,2020-01-01,365,950107.20.pos.gz
950108,0108,TOKORO,常呂,GSI,44.0638721,144.0297745,41.6036,-3715253.5936,2696341.0316,4413222.9583,ITRF2020,GRS80,Bernese,IGS,F5.1(GPS),00,2020-01,2020/01/01 12:00:00,2020/12/31 12:00:00,366,2020-01-01,365,950108.20.pos.gz
950109,0109,RAUSU,羅臼,GSI,44.0191834,145.1860937,118.0778,-3771788.9614,2622819.5087,4409706.6978,ITRF2020,GRS80,Bernese,IGS,F5.1(GPS),00,2020-01,2020/01/01 12:00:00,2020/12/31 12:00:00,366,2020-01-01,365,950109.20.pos.gz
950110,0110,HOROKANAI,幌加内,GSI,44.0067773,142.1516914,194.2347,-3628459.8086,2819425.1809,4408768.2204,ITRF2020,GRS80,Bernese,IGS,F5.1(GPS),00,2020-01,2020/01/01 12:00:00,2020/12/31 12:00:00,366,2020-01-01,365,950110.20.pos.gz
950111,0111,MARUSEPPU,丸瀬布,GSI,44.0056194,143.3337009,231.6085,-3685941.4673,2744045.0008,4408701.6437,ITRF2020,GRS80,Bernese,IGS,F5.1(GPS),00,2020-01,2020/01/01 12:00:00,2020/12/31 12:00:00,366,2020-01-01,366,950111.20.pos.gz
950112,0112,ONBETSU,音別,GSI,42.8945150,143.9269458,39.5692,-3782661.8882,2755640.5079,4318950.9670,ITRF2020,GRS80,Bernese,IGS,F5.1(GPS),00,2020-01,2020/01/01 12:00:00,2020/12/31 12:00:00,366,2020-01-01,366,950112.20.pos.gz
950113,0113,NAKASHIBETSU,中標津,GSI,43.5493985,144.9869619,81.9941,-3792210.5334,2656620.6495,4371997.7130,ITRF2020,GRS80,Bernese,IGS,F5.1(GPS),00,2020-01,2020/01/01 12:00:00,2020/12/31 12:00:00,366,2020-01-01,366,950113.20.pos.gz
950114,0114,KITAMI,北見,GSI,43.8488964,143.7872569,206.8568,-3717280.6693,2721908.0040,4396142.3857,ITRF2020,GRS80,Bernese,IGS,F5.1(GPS),00,2020-01,2020/01/01 12:00:00,2020/12/31 12:00:00,366,2020-01-01,365,950114.20.pos.gz
950115,0115,SHIBETSU,標津,GSI,43.6618238,145.1314335,38.7163,-3791803.1505,2642107.0738,4381012.7071,ITRF2020,GRS80,Bernese,IGS,F5.1(GPS),00,2020-01,2020/01/01 12:00:00,2020/12/31 12:00:00,366,2020-01-01,366,950115.20.pos.gz
950116,0116,BEKKAI1,別海１,GSI,43.4086884,144.7743250,139.5410,-3791146.6853,2676904.8537,4360693.2688,ITRF2020,GRS80,Bernese,IGS,F5.1(GPS),00,2020-01,2020/01/01 12:00:00,2020/12/31 12:00:00,366,2020-01-01,366,950116.20.pos.gz
950117,0117,ATSUTA,厚田,GSI,43.4046783,141.4311767,75.9787,-3628792.1551,2893595.2476,4360325.9148,ITRF2020,GRS80,Bernese,IGS,F5.1(GPS),00,2020-01,2020/01/01 12:00:00,2020/12/31 12:00:00,366,2020-01-01,366,950117.20.pos.gz
950118,0118,BEKKAI2,別海２,GSI,43.3825276,145.1149588,62.0233,-3808586.1078,2655428.4841,4358528.0554,ITRF2020,GRS80,Bernese,IGS,F5.1(GPS),00,2020-01,2020/01/01 12:00:00,2020/12/31 12:00:00,366,2020-01-01,365,950118.20.pos.gz
950119,0119,NEMURO2,根室２,GSI,43.3668544,145.8011289,48.4162,-3841094.3681,2610294.3993,4357252.9917,ITRF2020,GRS80,Bernese,IGS,F5.1(GPS),00,2020-01,2020/01/01 12:00:00,2020/12/31 12:00:00,366,2020-01-01,366,950119.20.pos.gz
950120,0120,SHAKOTAN,積丹,GSI,43.2925824,140.5970743,45.2178,-3592873.0414,2951526.4487,4351248.4307,ITRF2020,GRS80,Bernese,IGS,F5.1(GPS),00,2020-01,2020/01/01 12:00:00,2020/12/31 12:00:00,366,2020-01-01,366,950120.20.pos.gz
950121,0121,ASHORO,足寄,GSI,43.2894711,143.5624232,148.0654,-3741001.4774,2761893.1009,4351067.3497,ITRF2020,GRS80,Bernese,IGS,F5.1(GPS),00,2020-01,2020/01/01 12:00:00,2020/12/31 12:00:00,366,2020-01-01,366,950121.20.pos.gz
950122,0122,TSURUI,鶴居,GSI,43.2329350,144.3250296,74.9876,-3780883.3882,2714336.5990,4346443.1018,ITRF2020,GRS80,Bernese,IGS,F5.1(GPS),00,2020-01,2020/01/01 12:00:00,2020/12/31 12:00:00,366,2020-01-01,365,950122.20.pos.gz
950124,0124,AKAN1,阿寒１,GSI,43.1206081,144.1265277,68.0194,-3778371.9540,2732420.0112,4337337.9054,ITRF2020,GRS80,Bernese,IGS,F5.1(GPS),00,2020-01,2020/01/01 12:00:00,2020/12/31 12:00:00,366,2020-01-01,366,950124.20.pos.gz
950125,0125,AKKESHI,厚岸,GSI,43.0575961,144.8430216,60.5125,-3816150.3622,2687708.8956,4332220.4747,ITRF2020,GRS80,Bernese,IGS,F5.1(GPS),00,2020-01,2020/01/01 12:00:00,2020/12/31 12:00:00,366,2020-01-01,366,950125.20.pos.gz
950126,0126,TOMARI,泊,GSI,43.0568261,140.4991740,60.7116,-3601661.4963,2969067.8253,4332158.1037,ITRF2020,GRS80,Bernese,IGS,F5.1(GPS),00,2020-01,2020/01/01 12:00:00,2020/12/31 12:00:00,366,2020-01-01,366,950126.20.pos.gz
950127,0127,KYOUWA,共和,GSI,42.9852504,140.5439401,74.3774,-3608176.7113,2969706.8385,4326353.9529,ITRF2020,GRS80,Bernese,IGS,F5.1(GPS),00,2020-01,2020/01/01 12:00:00,2020/12/31 12:00:00,366,2020-01-01,366,950127.20.pos.gz
950128,0128,SAPPORO,札幌,GSI,42.9713762,141.2903344,204.7854,-3647450.3364,2923169.1269,4325315.1825,ITRF2020,GRS80,Bernese,IGS,F5.1(GPS),00,2020-01,2020/01/01 12:00:00,2020/12/31 12:00:00,366,2020-01-01,366,950128.20.pos.gz
950130,0130,RANKOSHI,蘭越,GSI,42.8027156,140.6035204,90.2884,-3621937.8558,2974720.6177,4311508.7049,ITRF2020,GRS80,Bernese,IGS,F5.1(GPS),00,2020-01,2020/01/01 12:00:00,2020/12/31 12:00:00,366,2020-01-01,366,950130.20.pos.gz
950131,0131,SUTTSU,寿都,GSI,42.7864318,140.2332057,72.7999,-3603570.8773,2998845.5871,4310169.4118,ITRF2020,GRS80,Bernese,IGS,F5.1(GPS),00,2020-01,2020/01/01 12:00:00,2020/12/31 12:00:00,366,2020-01-01,365,950131.20.pos.gz
950132,0132,ATSUMA,厚真,GSI,42.7294390,141.8639839,50.4886,-3690822.2432,2897722.5974,4305505.6551,ITRF2020,GRS80,Bernese,IGS,F5.1(GPS),00,2020-01,2020/01/01 12:00:00,2020/12/31 12:00:00,366,2020-01-01,365,950132.20.pos.gz
950133,0133,BIRATORI,平取,GSI,42.7272366,142.2958067,121.2035,-3712729.0031,2869957.1299,4305373.9164,ITRF2020,GRS80,Bernese,IGS,F5.1(GPS),00,2020-01,2020/01/01 12:00:00,2020/12/31 12:00:00,366,2020-01-01,366,950133.20.pos.gz
950134,0134,NAKASATSUNAI,中札内,GSI,42.6992678,143.1032557,238.1025,-3754558.4655,2818668.6309,4303170.2734,ITRF2020,GRS80,Bernese,IGS,F5.1(GPS),00,2020-01,2020/01/01 12:00:00,2020/12/31 12:00:00,366,2020-01-01,366,950134.20.pos.gz
950135,0135,OOTAKI,大滝,GSI,42.6678740,141.0749573,423.6971,-3654390.2974,2951359.3781,4300732.3245,ITRF2020,GRS80,Bernese,IGS,F5.1(GPS),00,2020-01,2020/01/01 12:00:00,2020/12/31 12:00:00,366,2020-01-01,366,950135.20.pos.gz
950136,0136,TOMAKOMAI,苫小牧,GSI,42.6555281,141.6022617,49.7566,-3681909.9993,2918009.2705,4299470.3551,ITRF2020,GRS80,Bernese,IGS,F5.1(GPS),00,2020-01,2020/01/01 12:00:00,2020/12/31 12:00:00,366,2020-01-01,366,950136.20.pos.gz
950137,0137,TOUYA,洞爺,GSI,42.6462880,140.8256858,134.4661,-3642610.3281,2968122.2841,4298772.7858,ITRF2020,GRS80,Bernese,IGS,F5.1(GPS),00,2020-01,2020/01/01 12:00:00,2020/12/31 12:00:00,366,2020-01-01,335,950137.20.pos.gz
950138,0138,TAIKI,大樹,GSI,42.5516468,143.4611430,89.1764,-3780926.0293,2801708.2312,4291003.1305,ITRF2020,GRS80,Bernese,IGS,F5.1(GPS),00,2020-01,2020/01/01 12:00:00,2020/12/31 12:00:00,366,2020-01-01,366,950138.20.pos.gz
950139,0139,SHIRAOI,白老,GSI,42.5497984,141.3614825,41.8492,-3675820.3943,2938416.8860,4290819.8632,ITRF2020,GRS80,Bernese,IGS,F5.1(GPS),00,2020-01,2020/01/01 12:00:00,2020/12/31 12:00:00,366,2020-01-01,366,950139.20.pos.gz
950140,0140,OSHAMANBE,長万部,GSI,42.4943577,140.3541995,49.0435,-3626805.6412,3005241.0691,4286285.7385,ITRF2020,GRS80,Bernese,IGS,F5.1(GPS),00,2020-01,2020/01/01 12:00:00,2020/12/31 12:00:00,366,2020-01-01,366,950140.20.pos.gz
950141,0141,MONBETSU,門別,GSI,42.4812771,142.0602238,41.2446,-3715437.5377,2896533.9673,4285208.9702,ITRF2020,GRS80,Bernese,IGS,F5.1(GPS),00,2020-01,2020/01/01 12:00:00,2020/12/31 12:00:00,366,2020-01-01,365,950141.20.pos.gz
950142,0142,MITSUISHI,三石,GSI,42.2477251,142.5674518,62.5271,-3754828.2251,2874164.2838,4266054.5580,ITRF2020,GRS80,Bernese,IGS,F5.1(GPS),00,2020-01,2020/01/01 12:00:00,2020/12/31 12:00:00,366,2020-01-01,366,950142.20.pos.gz
950143,0143,YAKUMO,八雲,GSI,42.2436748,140.2504844,67.7448,-3635798.2358,3023809.4720,4265725.0142,ITRF2020,GRS80,Bernese,IGS,F5.1(GPS),00,2020-01,2020/01/01 12:00:00,2020/12/31 12:00:00,366,2020-01-01,366,950143.20.pos.gz
950144,0144,SAMANI,様似,GSI,42.1309348,142.9353884,32.0222,-3780141.7231,2855230.2078,4256422.1327,ITRF2020,GRS80,Bernese,IGS,F5.1(GPS),00,2020-01,2020/01/01 12:00:00,2020/12/31 12:00:00,366,2020-01-01,365,950144.20.pos.gz
950145,0145,KUMAISHI,熊石,GSI,42.1308458,140.0039497,95.3240,-3629217.0935,3044848.4222,4256457.2637,ITRF2020,GRS80,Bernese,IGS,F5.1(GPS),00,2020-01,2020/01/01 12:00:00,2020/12/31 12:00:00,366,2020-01-01,359,950145.20.pos.gz
950146,0146,MORI,北海道森,GSI,42.0986028,140.5688594,88.8401,-3660912.3958,3010441.0585,4253796.1769,ITRF2020,GRS80,Bernese,IGS,F5.1(GPS),00,2020-01,2020/01/01 12:00:00,2020/12/31 12:00:00,366,2020-01-01,358,950146.20.pos.gz
950147,0147,SHIKABE,鹿部,GSI,42.0429647,140.8055441,42.8433,-3676499.8211,2997887.7500,4249177.7999,ITRF2020,GRS80,Bernese,IGS,F5.1(GPS),00,2020-01,2020/01/01 12:00:00,2020/12/31 12:00:00,366,2020-01-01,366,950147.20.pos.gz
950150,0150,SAI,佐井,GSI,41.4552930,140.8805102,53.8925,-3714145.2457,3020502.3671,4200487.8613,ITRF2020,GRS80,Bernese,IGS,F5.1(GPS),00,2020-01,2020/01/01 12:00:00,2020/12/31 12:00:00,366,2020-01-01,365,950150.20.pos.gz
950151,0151,KANITA,蟹田,GSI,41.0432155,140.6358989,45.5148,-3724540.1080,3055465.5941,4166073.9495,ITRF2020,GRS80,Bernese,IGS,F5.1(GPS),00,2020-01,2020/01/01 12:00:00,2020/12/31 12:00:00,366,2020-01-01,366,950151.20.pos.gz
950152,0152,ROKKASHO,六ヶ所,GSI,40.9682376,141.3679685,59.7558,-3767551.0450,3011046.5500,4159799.6287,ITRF2020,GRS80,Bernese,IGS,F5.1(GPS),00,2020-01,2020/01/01 12:00:00,2020/12/31 12:00:00,366,2020-01-01,365,950152.20.pos.gz
950153,0153,TOWADA,十和田,GSI,40.6250606,141.1978400,116.7485,-3778032.5638,3037850.6823,4130986.1234,ITRF2020,GRS80,Bernese,IGS,F5.1(GPS),00,2020-01,2020/01/01 12:00:00,2020/12/31 12:00:00,366,2020-01-01,366,950153.20.pos.gz
950154,0154,IWASAKI,岩崎,GSI,40.5776360,139.9281276,48.0441,-3712372.4473,3122994.3771,4126942.8709,ITRF2020,GRS80,Bernese,IGS,F5.1(GPS),00,2020-01,2020/01/01 12:00:00,2020/12/31 12:00:00,366,2020-01-01,365,950154.20.pos.gz
950155,0155,OOWANI,大鰐,GSI,40.5236455,140.5781597,140.3039,-3750628.9221,3083196.3945,4122447.2975,ITRF2020,GRS80,Bernese,IGS,F5.1(GPS),00,2020-01,2020/01/01 12:00:00,2020/12/31 12:00:00,366,2020-01-01,366,950155.20.pos.gz
950156,0156,HACHINOHE,八戸,GSI,40.5153501,141.5112920,46.4083,-3800755.5410,3022034.6465,4121686.0357,ITRF2020,GRS80,Bernese,IGS,F5.1(GPS),00,2020-01,2020/01/01 12:00:00,2020/12/31 12:00:00,366,2020-01-01,365,950156.20.pos.gz
950157,0157,TAKKO,田子,GSI,40.2910635,141.0764899,203.1006,-3790364.7688,3061007.5892,4102821.7843,ITRF2020,GRS80,Bernese,IGS,F5.1(GPS),00,2020-01,2020/01/01 12:00:00,2020/12/31 12:00:00,366,2020-01-01,359,950157.20.pos.gz
950158,0158,TANEICHI,種市,GSI,40.4051909,141.7131463,59.3788,-3817617.0256,3013550.2478,4112387.2291,ITRF2020,GRS80,Bernese,IGS,F5.1(GPS),00,2020-01,2020/01/01 12:00:00,2020/12/31 12:00:00,366,2020-01-01,365,950158.20.pos.gz
950159,0159,NINOHE,二戸,GSI,40.2911363,141.2937010,132.5473,-3801895.8550,3046579.2450,4102782.3298,ITRF2020,GRS80,Bernese,IGS,F5.1(GPS),00,2020-01,2020/01/01 12:00:00,2020/12/31 12:00:00,366,2020-01-01,365,950159.20.pos.gz
950160,0160,KUZUMAKI,葛巻,GSI,40.0485862,141.4619652,519.4727,-3824647.4078,3046409.4535,4082450.9865,ITRF2020,GRS80,Bernese,IGS,F5.1(GPS),00,2020-01,2020/01/01 12:00:00,2020/12/31 12:00:00,366,2020-01-01,366,950160.20.pos.gz
950161,0161,IWATE,岩手,GSI,39.9805601,141.2250863,313.8534,-3815683.6890,3065138.7740,4076533.4922,ITRF2020,GRS80,Bernese,IGS,F5.1(GPS),00,2020-01,2020/01/01 12:00:00,2020/12/31 12:00:00,366,2020-01-01,366,950161.20.pos.gz
950162,0162,IWAIZUMI1,岩泉１,GSI,39.8693566,141.9505696,206.3609,-3860363.3300,3021413.3481,4066995.1673,ITRF2020,GRS80,Bernese,IGS,F5.1(GPS),00,2020-01,2020/01/01 12:00:00,2020/12/31 12:00:00,366,2020-01-01,362,950162.20.pos.gz
950163,0163,TAMAYAMA,玉山,GSI,39.8512303,141.1648867,233.9336,-3819591.0931,3074886.0081,4065467.8939,ITRF2020,GRS80,Bernese,IGS,F5.1(GPS),00,2020-01,2020/01/01 12:00:00,2020/12/31 12:00:00,366,2020-01-01,366,950163.20.pos.gz
950164,0164,IWAIZUMI2,岩泉２,GSI,39.8491613,141.8038792,167.1229,-3853720.9653,3032156.8977,4065248.7133,ITRF2020,GRS80,Bernese,IGS,F5.1(GPS),00,2020-01,2020/01/01 12:00:00,2020/12/31 12:00:00,366,2020-01-01,366,950164.20.pos.gz
950165,0165,SHIZUKUISHI,雫石,GSI,39.7010768,140.9645291,259.3077,-3817115.7879,3094954.1122,4052670.6817,ITRF2020,GRS80,Bernese,IGS,F5.1(GPS),00,2020-01,2020/01/01 12:00:00,2020/12/31 12:00:00,366,2020-01-01,365,950165.20.pos.gz
950166,0166,YAHABA,矢巾,GSI,39.5965548,141.1721371,151.2327,-3834009.0638,3085693.3962,4043666.0440,ITRF2020,GRS80,Bernese,IGS,F5.1(GPS),00,2020-01,2020/01/01 12:00:00,2020/12/31 12:00:00,366,2020-01-01,366,950166.20.pos.gz
950167,0167,YAMADA,山田,GSI,39.4581412,141.9553017,68.1936,-3883479.4944,3038988.6195,4031759.7588,ITRF2020,GRS80,Bernese,IGS,F5.1(GPS),00,2020-01,2020/01/01 12:00:00,2020/12/31 12:00:00,366,2020-01-01,361,950167.20.pos.gz
950170,0170,KAMAISHI,釜石,GSI,39.2534973,141.7980950,99.5643,-3886467.7704,3058557.7993,4014211.7884,ITRF2020,GRS80,Bernese,IGS,F5.1(GPS),00,2020-01,2020/01/01 12:00:00,2020/12/31 12:00:00,366,2020-01-01,345,950170.20.pos.gz
950171,0171,OOFUNATO,大船渡,GSI,39.0237590,141.7399082,106.3861,-3896004.8980,3072475.4624,3994433.4806,ITRF2020,GRS80,Bernese,IGS,F5.1(GPS),00,2020-01,2020/01/01 12:00:00,2020/12/31 12:00:00,366,2020-01-01,366,950171.20.pos.gz
950172,0172,KESENNUMA,気仙沼,GSI,38.9028383,141.5726512,82.3885,-3893617.5590,3089070.4489,3983980.4287,ITRF2020,GRS80,Bernese,IGS,F5.1(GPS),00,2020-01,2020/01/01 12:00:00,2020/12/31 12:00:00,366,2020-01-01,366,950172.20.pos.gz
950173,0173,KURIKOMA,栗駒,GSI,38.8153269,140.9906288,108.6525,-3866789.9775,3132312.0925,3976431.9006,ITRF2020,GRS80,Bernese,IGS,F5.1(GPS),00,2020-01,2020/01/01 12:00:00,2020/12/31 12:00:00,366,2020-01-01,366,950173.20.pos.gz
950174,0174,NARUKO,鳴子,GSI,38.7489239,140.8016790,343.3280,-3860159.3054,3148080.7454,3970832.3719,ITRF2020,GRS80,Bernese,IGS,F5.1(GPS),00,2020-01,2020/01/01 12:00:00,2020/12/31 12:00:00,366,2020-01-01,353,950174.20.pos.gz
950175,0175,SHIZUGAWA,志津川,GSI,38.6826788,141.4494359,83.7915,-3898941.3118,3106979.8464,3964931.9338,ITRF2020,GRS80,Bernese,IGS,F5.1(GPS),00,2020-01,2020/01/01 12:00:00,2020/12/31 12:00:00,366,2020-01-01,366,950175.20.pos.gz
950176,0176,WAKUYA,涌谷,GSI,38.5394643,141.1475982,65.4802,-3890234.4490,3133691.0889,3952497.6956,ITRF2020,GRS80,Bernese,IGS,F5.1(GPS),00,2020-01,2020/01/01 12:00:00,2020/12/31 12:00:00,366,2020-01-01,363,950176.20.pos.gz
950178,0178,MIYAGIKAWASAKI,宮城川崎,GSI,38.2057354,140.6428902,237.6748,-3880365.7019,3182506.6965,3923560.9448,ITRF2020,GRS80,Bernese,IGS,F5.1(GPS),00,2020-01,2020/01/01 12:00:00,2020/12/31 12:00:00,366,2020-01-01,365,950178.20.pos.gz
950179,0179,WATARI,亘理,GSI,38.0296503,140.8440356,80.4299,-3900774.1829,3176404.7340,3908086.4059,ITRF2020,GRS80,Bernese,IGS,F5.1(GPS),00,2020-01,2020/01/01 12:00:00,2020/12/31 12:00:00,366,2020-01-01,366,950179.20.pos.gz
950180,0180,SHICHIKASHUKU,七ヶ宿,GSI,37.9899259,140.4426112,391.0903,-3880706.3562,3205541.2008,3904803.4922,ITRF2020,GRS80,Bernese,IGS,F5.1(GPS),00,2020-01,2020/01/01 12:00:00,2020/12/31 12:00:00,366,2020-01-01,366,950180.20.pos.gz
950181,0181,OODATE,大館,GSI,40.3250379,140.5773640,137.3985,-3761631.7020,3092328.7391,4105656.2120,ITRF2020,GRS80,Bernese,IGS,F5.1(GPS),00,2020-01,2020/01/01 12:00:00,2020/12/31 12:00:00,366,2020-01-01,366,950181.20.pos.gz
950182,0182,FUJISATO,藤里,GSI,40.2711478,140.2636760,75.4127,-3747585.1245,3115320.6897,4101052.1298,ITRF2020,GRS80,Bernese,IGS,F5.1(GPS),00,2020-01,2020/01/01 12:00:00,2020/12/31 12:00:00,366,2020-01-01,365,950182.20.pos.gz
950183,0183,KAZUNO,鹿角,GSI,40.2154287,140.7873509,167.8897,-3779053.4326,3083510.2691,4096389.1848,ITRF2020,GRS80,Bernese,IGS,F5.1(GPS),00,2020-01,2020/01/01 12:00:00,2020/12/31 12:00:00,366,2020-01-01,365,950183.20.pos.gz
950184,0184,NOSHIRO,能代,GSI,40.2472877,140.0486937,84.1867,-3737187.3195,3130463.9874,4099035.9238,ITRF2020,GRS80,Bernese,IGS,F5.1(GPS),00,2020-01,2020/01/01 12:00:00,2020/12/31 12:00:00,366,2020-01-01,365,950184.20.pos.gz
950185,0185,ANI,阿仁,GSI,40.0068677,140.4020067,170.3323,-3769728.0440,3118367.8733,4078679.1960,ITRF2020,GRS80,Bernese,IGS,F5.1(GPS),00,2020-01,2020/01/01 12:00:00,2020/12/31 12:00:00,366,2020-01-01,366,950185.20.pos.gz
950186,0186,GOJOUME,五城目,GSI,39.9360460,140.1323951,56.9720,-3758823.1995,3139254.7008,4072579.8657,ITRF2020,GRS80,Bernese,IGS,F5.1(GPS),00,2020-01,2020/01/01 12:00:00,2020/12/31 12:00:00,366,2020-01-01,363,950186.20.pos.gz
950187,0187,NISHIKI,西木,GSI,39.7491509,140.5970698,213.8887,-3794525.3114,3117183.2304,4056747.0891,ITRF2020,GRS80,Bernese,IGS,F5.1(GPS),00,2020-01,2020/01/01 12:00:00,2020/12/31 12:00:00,366,2020-01-01,366,950187.20.pos.gz
950188,0188,KAWABE,河辺,GSI,39.6582994,140.2342365,74.6816,-3779580.3193,3145203.3145,4048897.3642,ITRF2020,GRS80,Bernese,IGS,F5.1(GPS),00,2020-01,2020/01/01 12:00:00,2020/12/31 12:00:00,366,2020-01-01,366,950188.20.pos.gz
950189,0189,NISHISENBOKU,西仙北,GSI,39.5492815,140.3866508,83.4825,-3793882.9922,3140062.1224,4039577.1234,ITRF2020,GRS80,Bernese,IGS,F5.1(GPS),00,2020-01,2020/01/01 12:00:00,2020/12/31 12:00:00,366,2020-01-01,365,950189.20.pos.gz
950190,0190,YOKOTE,横手,GSI,39.3269892,140.5598091,104.1940,-3815475.6997,3138551.8888,4020529.5776,ITRF2020,GRS80,Bernese,IGS,F5.1(GPS),00,2020-01,2020/01/01 12:00:00,2020/12/31 12:00:00,366,2020-01-01,366,950190.20.pos.gz
950191,0191,KISAKATA,象潟,GSI,39.2060540,139.9077418,47.2731,-3785977.7143,3187215.0613,4010098.6541,ITRF2020,GRS80,Bernese,IGS,F5.1(GPS),00,2020-01,2020/01/01 12:00:00,2020/12/31 12:00:00,366,2020-01-01,365,950191.20.pos.gz
950192,0192,CHOUKAI,鳥海,GSI,39.1642018,140.1620094,298.3722,-3802488.3664,3172387.7037,4006655.7466,ITRF2020,GRS80,Bernese,IGS,F5.1(GPS),00,2020-01,2020/01/01 12:00:00,2020/12/31 12:00:00,366,2020-01-01,366,950192.20.pos.gz
950193,0193,MINASE,皆瀬,GSI,39.0518885,140.6296237,344.7026,-3834360.8919,3146260.8647,3997009.2627,ITRF2020,GRS80,Bernese,IGS,F5.1(GPS),00,2020-01,2020/01/01 12:00:00,2020/12/31 12:00:00,366,2020-01-01,366,950193.20.pos.gz
950194,0194,TOBISHIMA,飛島,GSI,39.1855557,139.5476823,45.2389,-3766967.1067,3211876.0012,4008333.7036,ITRF2020,GRS80,Bernese,IGS,F5.1(GPS),00,2020-01,2020/01/01 12:00:00,2020/12/31 12:00:00,366,2020-01-01,366,950194.20.pos.gz
950195,0195,TACHIKAWA,立川,GSI,38.7597133,139.9574016,60.6234,-3812610.8210,3203993.7758,3971589.4733,ITRF2020,GRS80,Bernese,IGS,F5.1(GPS),00,2020-01,2020/01/01 12:00:00,2020/12/31 12:00:00,366,2020-01-01,366,950195.20.pos.gz
950196,0196,ASAHI,朝日,GSI,38.5940306,139.8317949,150.7988,-3814414.7328,3219803.7315,3957287.0252,ITRF2020,GRS80,Bernese,IGS,F5.1(GPS),00,2020-01,2020/01/01 12:00:00,2020/12/31 12:00:00,366,2020-01-01,366,950196.20.pos.gz
950197,0197,YAMAGATAOGUNI,山形小国,GSI,38.1461714,139.7422762,229.7239,-3832977.5261,3245742.1080,3918358.3534,ITRF2020,GRS80,Bernese,IGS,F5.1(GPS),00,2020-01,2020/01/01 12:00:00,2020/12/31 12:00:00,366,2020-01-01,365,950197.20.pos.gz
950198,0198,YONEZAWA,米沢,GSI,37.9636031,140.0935566,273.7060,-3862414.0444,3230217.5147,3902428.0517,ITRF2020,GRS80,Bernese,IGS,F5.1(GPS),00,2020-01,2020/01/01 12:00:00,2020/12/31 12:00:00,366,2020-01-01,365,950198.20.pos.gz
950199,0199,SHIRATAKA,白鷹,GSI,38.1975388,140.0776043,260.2761,-3849223.5798,3221007.7628,3922859.9165,ITRF2020,GRS80,Bernese,IGS,F5.1(GPS),00,2020-01,2020/01/01 12:00:00,2020/12/31 12:00:00,366,2020-01-01,366,950199.20.pos.gz
950200,0200,FUKUSHIMA,福島,GSI,37.6833043,140.4665217,216.0189,-3898038.7143,3217122.3664,3877816.8615,ITRF2020,GRS80,Bernese,IGS,F5.1(GPS),00,2020-01,2020/01/01 12:00:00,2020/12/31 12:00:00,366,2020-01-01,366,950200.20.pos.gz
950201,0201,NAMIE,浪江,GSI,37.5605479,140.7551125,477.6890,-3920795.4531,3202840.9039,3867184.5246,ITRF2020,GRS80,Bernese,IGS,F5.1(GPS),00,2020-01,2020/01/01 12:00:00,2020/12/31 12:00:00,366,2020-01-01,349,950201.20.pos.gz
950202,0202,INAWASHIRO1,猪苗代１,GSI,37.5669455,140.0727069,674.9387,-3882159.6273,3249132.6825,3867867.6752,ITRF2020,GRS80,Bernese,IGS,F5.1(GPS),00,2020-01,2020/01/01 12:00:00,2020/12/31 12:00:00,366,2020-01-01,365,950202.20.pos.gz
950203,0203,ODAKA,小高,GSI,37.5336851,141.0066514,53.1444,-3935969.2838,3186528.5996,3864561.8571,ITRF2020,GRS80,Bernese,IGS,F5.1(GPS),00,2020-01,2020/01/01 12:00:00,2020/12/31 12:00:00,366,2020-01-01,365,950203.20.pos.gz
950204,0204,KANEYAMA,金山,GSI,37.4734606,139.5286485,343.0455,-3855739.9156,3289780.1818,3859435.5469,ITRF2020,GRS80,Bernese,IGS,F5.1(GPS),00,2020-01,2020/01/01 12:00:00,2020/12/31 12:00:00,366,2020-01-01,366,950204.20.pos.gz
950205,0205,TAKINE,滝根,GSI,37.3254643,140.6621441,502.2004,-3927877.8055,3219266.8556,3846482.6867,ITRF2020,GRS80,Bernese,IGS,F5.1(GPS),00,2020-01,2020/01/01 12:00:00,2020/12/31 12:00:00,366,2020-01-01,366,950205.20.pos.gz
950206,0206,TADAMI,只見,GSI,37.3027974,139.3643652,466.3611,-3855094.1348,3308376.5522,3844460.0478,ITRF2020,GRS80,Bernese,IGS,F5.1(GPS),00,2020-01,2020/01/01 12:00:00,2020/12/31 12:00:00,366,2020-01-01,366,950206.20.pos.gz
950207,0207,FUKUSHIMANANGOU,福島南郷,GSI,37.2814878,139.5037878,517.8957,-3864254.1717,3299943.0674,3842609.6358,ITRF2020,GRS80,Bernese,IGS,F5.1(GPS),00,2020-01,2020/01/01 12:00:00,2020/12/31 12:00:00,366,2020-01-01,366,950207.20.pos.gz
950209,0209,SHIMOGOU,下郷,GSI,37.2610706,139.8714482,524.0913,-3886402.8957,3275966.4890,3840810.0417,ITRF2020,GRS80,Bernese,IGS,F5.1(GPS),00,2020-01,2020/01/01 12:00:00,2020/12/31 12:00:00,366,2020-01-01,366,950209.20.pos.gz
950210,0210,SHIRAKAWA,白河,GSI,37.1262919,140.2599515,394.3196,-3915400.6582,3255254.0663,3828815.3174,ITRF2020,GRS80,Bernese,IGS,F5.1(GPS),00,2020-01,2020/01/01 12:00:00,2020/12/31 12:00:00,366,2020-01-01,366,950210.20.pos.gz
950211,0211,FURUDONO,古殿,GSI,37.0892917,140.5616679,396.6418,-3934403.1324,3236165.7722,3825541.7516,ITRF2020,GRS80,Bernese,IGS,F5.1(GPS),00,2020-01,2020/01/01 12:00:00,2020/12/31 12:00:00,366,2020-01-01,366,950211.20.pos.gz
950212,0212,YAMATSURI,矢祭,GSI,36.8620893,140.4132903,209.0637,-3937582.0696,3255913.0290,3805284.5259,ITRF2020,GRS80,Bernese,IGS,F5.1(GPS),00,2020-01,2020/01/01 12:00:00,2020/12/31 12:00:00,366,2020-01-01,366,950212.20.pos.gz
950213,0213,MIWA,美和,GSI,36.6505642,140.2934410,332.9849,-3941646.3489,3273180.1506,3786551.1335,ITRF2020,GRS80,Bernese,IGS,F5.1(GPS),00,2020-01,2020/01/01 12:00:00,2020/12/31 12:00:00,366,2020-01-01,366,950213.20.pos.gz
950214,0214,KITAIBARAKI,北茨城,GSI,36.8003042,140.7539374,75.6811,-3959970.6196,3234977.9372,3799716.4100,ITRF2020,GRS80,Bernese,IGS,F5.1(GPS),00,2020-01,2020/01/01 12:00:00,2020/12/31 12:00:00,366,2020-01-01,366,950214.20.pos.gz
950215,0215,IWASE,岩瀬,GSI,36.3649103,140.0779604,100.5652,-3943628.6900,3299963.7293,3760933.4569,ITRF2020,GRS80,Bernese,IGS,F5.1(GPS),00,2020-01,2020/01/01 12:00:00,2020/12/31 12:00:00,366,2020-01-01,366,950215.20.pos.gz
950216,0216,MITO,水戸,GSI,36.3443664,140.4763487,71.4396,-3967502.7330,3273308.4685,3759080.2075,ITRF2020,GRS80,Bernese,IGS,F5.1(GPS),00,2020-01,2020/01/01 12:00:00,2020/12/31 12:00:00,366,2020-01-01,366,950216.20.pos.gz
950217,0217,OOTAWARA,大田原,GSI,36.8542332,140.0392739,242.3596,-3916665.5909,3281900.2946,3804606.8979,ITRF2020,GRS80,Bernese,IGS,F5.1(GPS),00,2020-01,2020/01/01 12:00:00,2020/12/31 12:00:00,366,2020-01-01,366,950217.20.pos.gz
950218,0218,NIKKOU,日光,GSI,36.6659829,139.6192616,390.7951,-3902117.1059,3318700.6442,3787958.3400,ITRF2020,GRS80,Bernese,IGS,F5.1(GPS),00,2020-01,2020/01/01 12:00:00,2020/12/31 12:00:00,366,2020-01-01,366,950218.20.pos.gz
950219,0219,UTSUNOMIYA,宇都宮,GSI,36.5989446,139.9234812,183.3027,-3922952.4088,3300685.8662,3781864.3869,ITRF2020,GRS80,Bernese,IGS,F5.1(GPS),00,2020-01,2020/01/01 12:00:00,2020/12/31 12:00:00,366,2020-01-01,366,950219.20.pos.gz
950220,0220,KATASHINA,片品,GSI,36.7696918,139.2249169,868.7725,-3874262.4521,3341234.5600,3797470.3714,ITRF2020,GRS80,Bernese,IGS,F5.1(GPS),00,2020-01,2020/01/01 12:00:00,2020/12/31 12:00:00,366,2020-01-01,366,950220.20.pos.gz
950221,0221,TSUMAGOI,嬬恋,GSI,36.5079955,138.5527222,1013.8245,-3847876.8706,3398006.8342,3774250.8937,ITRF2020,GRS80,Bernese,IGS,F5.1(GPS),00,2020-01,2020/01/01 12:00:00,2020/12/31 12:00:00,366,2020-01-01,366,950221.20.pos.gz
950222,0222,KIRYUU,桐生,GSI,36.4216278,139.3303978,195.4631,-3897463.7379,3348751.7552,3766056.1021,ITRF2020,GRS80,Bernese,IGS,F5.1(GPS),00,2020-01,2020/01/01 12:00:00,2020/12/31 12:00:00,366,2020-01-01,364,950222.20.pos.gz
950223,0223,CHICHIBU,秩父,GSI,35.9868911,139.0756923,284.0741,-3904122.3352,3384757.0547,3727181.7451,ITRF2020,GRS80,Bernese,IGS,F5.1(GPS),00,2020-01,2020/01/01 12:00:00,2020/12/31 12:00:00,366,2020-01-01,366,950223.20.pos.gz
950224,0224,KOSHIGAYA,越谷,GSI,35.8959690,139.7959954,48.2501,-3950741.5990,3339108.8494,3718875.2654,ITRF2020,GRS80,Bernese,IGS,F5.1(GPS),00,2020-01,2020/01/01 12:00:00,2020/12/31 12:00:00,366,2020-01-01,365,950224.20.pos.gz
950225,0225,CHIBAHANAMIGAWA,千葉花見川,GSI,35.6572046,140.0481000,43.7436,-3977265.6580,3331636.3249,3697379.4039,ITRF2020,GRS80,Bernese,IGS,F5.1(GPS),00,2020-01,2020/01/01 12:00:00,2020/12/31 12:00:00,366,2020-01-01,357,950225.20.pos.gz
950226,0226,CHIBAOOHARA,千葉大原,GSI,35.2432418,140.3849123,43.4279,-4017302.4922,3325183.9016,3659964.6226,ITRF2020,GRS80,Bernese,IGS,F5.1(GPS),00,2020-01,2020/01/01 12:00:00,2020/12/31 12:00:00,366,2020-01-01,365,950226.20.pos.gz
950227,0227,MARUYAMA,丸山,GSI,35.0027922,139.9748909,46.0648,-4005158.4879,3363719.1350,3638147.0800,ITRF2020,GRS80,Bernese,IGS,F5.1(GPS),00,2020-01,2020/01/01 12:00:00,2020/12/31 12:00:00,366,2020-01-01,366,950227.20.pos.gz
950228,0228,SETAGAYA,世田谷,GSI,35.6636970,139.6306561,82.6239,-3952590.8893,3360273.5430,3697987.3428,ITRF2020,GRS80,Bernese,IGS,F5.1(GPS),00,2020-01,2020/01/01 12:00:00,2020/12/31 12:00:00,366,2020-01-01,366,950228.20.pos.gz
950229,0229,OHI,大井,GSI,35.3362087,139.1626046,144.3512,-3941010.7323,3406280.4041,3668442.0021,ITRF2020,GRS80,Bernese,IGS,F5.1(GPS),00,2020-01,2020/01/01 12:00:00,2020/12/31 12:00:00,366,2020-01-01,366,950229.20.pos.gz
950230,0230,ODAWARA,小田原,GSI,35.2686002,139.1424180,64.2436,-3943039.4891,3410461.6659,3662274.0218,ITRF2020,GRS80,Bernese,IGS,F5.1(GPS),00,2020-01,2020/01/01 12:00:00,2020/12/31 12:00:00,366,2020-01-01,366,950230.20.pos.gz
950231,0231,AWASHIMAURA,粟島浦,GSI,38.4653878,139.2533696,47.4155,-3788393.6544,3263900.6244,3946051.2657,ITRF2020,GRS80,Bernese,IGS,F5.1(GPS),00,2020-01,2020/01/01 12:00:00,2020/12/31 12:00:00,366,2020-01-01,365,950231.20.pos.gz
950232,0232,RYOUTSU1,両津１,GSI,38.3193438,138.5131025,85.7230,-3753473.3089,3319262.7654,3933368.7782,ITRF2020,GRS80,Bernese,IGS,F5.1(GPS),00,2020-01,2020/01/01 12:00:00,2020/12/31 12:00:00,366,2020-01-01,365,950232.20.pos.gz
950233,0233,RYOUTSU2,両津２,GSI,38.0632776,138.4716966,45.9960,-3764206.6485,3333605.1249,3911004.6283,ITRF2020,GRS80,Bernese,IGS,F5.1(GPS),00,2020-01,2020/01/01 12:00:00,2020/12/31 12:00:00,366,2020-01-01,365,950233.20.pos.gz
950235,0235,OGI,小木,GSI,37.8159001,138.2730820,45.1847,-3765227.1445,3357869.4970,3889349.1849,ITRF2020,GRS80,Bernese,IGS,F5.1(GPS),00,2020-01,2020/01/01 12:00:00,2020/12/31 12:00:00,366,2020-01-01,365,950235.20.pos.gz
950236,0236,KANOSE,鹿瀬,GSI,37.6859040,139.4779086,116.4456,-3841757.2247,3283733.2484,3877984.3431,ITRF2020,GRS80,Bernese,IGS,F5.1(GPS),00,2020-01,2020/01/01 12:00:00,2020/12/31 12:00:00,366,2020-01-01,366,950236.20.pos.gz
950237,0237,TERADOMARI,寺泊,GSI,37.6675219,138.7805215,67.9916,-3802414.1663,3331046.0240,3876339.9156,ITRF2020,GRS80,Bernese,IGS,F5.1(GPS),00,2020-01,2020/01/01 12:00:00,2020/12/31 12:00:00,366,2020-01-01,366,950237.20.pos.gz
950238,0238,NIIGATAKAMO,新潟加茂,GSI,37.6622935,139.0591376,58.1821,-3818829.2346,3312743.7234,3875874.5555,ITRF2020,GRS80,Bernese,IGS,F5.1(GPS),00,2020-01,2020/01/01 12:00:00,2020/12/31 12:00:00,366,2020-01-01,366,950238.20.pos.gz
950239,0239,TOCHIO,栃尾,GSI,37.4677170,138.9980262,164.7295,-3825293.8731,3325508.5933,3858821.1232,ITRF2020,GRS80,Bernese,IGS,F5.1(GPS),00,2020-01,2020/01/01 12:00:00,2020/12/31 12:00:00,366,2020-01-01,366,950239.20.pos.gz
950240,0240,OJIYA,小千谷,GSI,37.3113141,138.7899970,103.9533,-3821087.9242,3346288.1576,3844992.2557,ITRF2020,GRS80,Bernese,IGS,F5.1(GPS),00,2020-01,2020/01/01 12:00:00,2020/12/31 12:00:00,366,2020-01-01,365,950240.20.pos.gz
950241,0241,OOGATA,大潟,GSI,37.2311212,138.3335832,77.4333,-3798321.2877,3380189.2474,3837893.6523,ITRF2020,GRS80,Bernese,IGS,F5.1(GPS),00,2020-01,2020/01/01 12:00:00,2020/12/31 12:00:00,366,2020-01-01,366,950241.20.pos.gz
950242,0242,NIIGATAYAMATO,新潟大和,GSI,37.1660348,138.9337348,176.5171,-3836870.6262,3343139.3584,3832199.6962,ITRF2020,GRS80,Bernese,IGS,F5.1(GPS),00,2020-01,2020/01/01 12:00:00,2020/12/31 12:00:00,366,2020-01-01,366,950242.20.pos.gz
950243,0243,NADACHI,名立,GSI,37.1607899,138.1002020,293.3127,-3788161.7097,3398899.0005,3831806.3624,ITRF2020,GRS80,Bernese,IGS,F5.1(GPS),00,2020-01,2020/01/01 12:00:00,2020/12/31 12:00:00,366,2020-01-01,360,950243.20.pos.gz
950244,0244,MATSUNOYAMA,松之山,GSI,37.0791350,138.6087372,447.8749,-3822374.8910,3368840.9759,3824673.3758,ITRF2020,GRS80,Bernese,IGS,F5.1(GPS),00,2020-01,2020/01/01 12:00:00,2020/12/31 12:00:00,366,2020-01-01,366,950244.20.pos.gz
950245,0245,ITOIGAWA1,糸魚川１,GSI,37.0451726,137.8738566,51.8664,-3780303.0751,3418900.4248,3821426.9127,ITRF2020,GRS80,Bernese,IGS,F5.1(GPS),00,2020-01,2020/01/01 12:00:00,2020/12/31 12:00:00,366,2020-01-01,365,950245.20.pos.gz
950246,0246,SHIOZAWA,塩沢,GSI,36.9934593,138.8308580,307.8835,-3839633.4605,3357693.9735,3816998.6918,ITRF2020,GRS80,Bernese,IGS,F5.1(GPS),00,2020-01,2020/01/01 12:00:00,2020/12/31 12:00:00,366,2020-01-01,366,950246.20.pos.gz
950247,0247,MYOUKOUKOUGEN,妙高高原,GSI,36.8654037,138.1986846,624.4980,-3808907.6092,3405713.7991,3805828.0480,ITRF2020,GRS80,Bernese,IGS,F5.1(GPS),00,2020-01,2020/01/01 12:00:00,2020/12/31 12:00:00,366,2020-01-01,366,950247.20.pos.gz
950248,0248,TAKAOKA,高岡,GSI,36.7406202,136.9961330,49.6537,-3742323.5920,3490245.4475,3794395.2260,ITRF2020,GRS80,Bernese,IGS,F5.1(GPS),00,2020-01,2020/01/01 12:00:00,2020/12/31 12:00:00,366,2020-01-01,366,950248.20.pos.gz
950249,0249,TOYAMA,富山,GSI,36.6343360,137.1952044,75.1664,-3759612.6655,3482024.0518,3784952.2561,ITRF2020,GRS80,Bernese,IGS,F5.1(GPS),00,2020-01,2020/01/01 12:00:00,2020/06/28 12:00:00,180,2020-01-01,180,950249.20.pos.gz
950250,0250,OOYAMA,大山,GSI,36.5787049,137.4399030,629.9286,-3777489.0427,3468727.0512,3780327.1000,ITRF2020,GRS80,Bernese,IGS,F5.1(GPS),00,2020-01,2020/01/01 12:00:00,2020/12/31 12:00:00,366,2020-01-01,366,950250.20.pos.gz
950251,0251,KAMITAIRA,上平,GSI,36.4018787,136.9205641,359.4063,-3754258.0748,3510646.0246,3764389.6855,ITRF2020,GRS80,Bernese,IGS,F5.1(GPS),00,2020-01,2020/01/01 12:00:00,2020/12/31 12:00:00,366,2020-01-01,366,950251.20.pos.gz
950252,0252,HEKURAJIMA,舳倉島,GSI,37.8504942,136.9192781,49.4696,-3683124.9267,3444283.6395,3892384.4391,ITRF2020,GRS80,Bernese,IGS,F5.1(GPS),00,2020-01,2020/01/01 12:00:00,2020/12/31 12:00:00,366,2020-01-01,366,950252.20.pos.gz
950253,0253,SUZU,珠洲,GSI,37.4460262,137.2700586,49.8911,-3724284.9799,3440276.4544,3856840.2401,ITRF2020,GRS80,Bernese,IGS,F5.1(GPS),00,2020-01,2020/01/01 12:00:00,2020/12/31 12:00:00,366,2020-01-01,365,950253.20.pos.gz
950255,0255,KOMATSU,小松,GSI,36.3944556,136.3889482,47.4826,-3721695.7167,3545492.0787,3763541.5552,ITRF2020,GRS80,Bernese,IGS,F5.1(GPS),00,2020-01,2020/01/01 12:00:00,2020/12/31 12:00:00,366,2020-01-01,365,950255.20.pos.gz
950256,0256,SHIRAMINE,白峰,GSI,36.1652886,136.6339524,572.2929,-3748069.8306,3540168.5883,3743351.6078,ITRF2020,GRS80,Bernese,IGS,F5.1(GPS),00,2020-01,2020/01/01 12:00:00,2020/12/31 12:00:00,366,2020-01-01,365,950256.20.pos.gz
950257,0257,MARUOKA,丸岡,GSI,36.1456188,136.2789500,54.2026,-3726691.6367,3563924.2802,3741283.5886,ITRF2020,GRS80,Bernese,IGS,F5.1(GPS),00,2020-01,2020/01/01 12:00:00,2020/12/31 12:00:00,366,2020-01-01,365,950257.20.pos.gz
950258,0258,OONO,大野,GSI,35.9849075,136.5049281,220.9348,-3748432.5908,3556517.0070,3726966.5417,ITRF2020,GRS80,Bernese,IGS,F5.1(GPS),00,2020-01,2020/01/01 12:00:00,2020/12/31 12:00:00,366,2020-01-01,365,950258.20.pos.gz
950259,0259,ECHIZEN,越前,GSI,35.9450041,135.9897679,113.6511,-3718111.7709,3591822.2246,3723319.8386,ITRF2020,GRS80,Bernese,IGS,F5.1(GPS),00,2020-01,2020/01/01 12:00:00,2020/12/31 12:00:00,366,2020-01-01,366,950259.20.pos.gz
950260,0260,IMAJOU,今庄,GSI,35.7927816,136.1973979,149.8175,-3738267.3222,3585195.3909,3709653.6986,ITRF2020,GRS80,Bernese,IGS,F5.1(GPS),00,2020-01,2020/01/01 12:00:00,2020/12/31 12:00:00,366,2020-01-01,366,950260.20.pos.gz
950261,0261,MIKATA,三方,GSI,35.5344088,135.9076433,60.8909,-3732041.0368,3615634.1034,3686310.7150,ITRF2020,GRS80,Bernese,IGS,F5.1(GPS),00,2020-01,2020/01/01 12:00:00,2020/12/31 12:00:00,366,2020-01-01,365,950261.20.pos.gz
950263,0263,KOBUCHIZAWA,小淵沢,GSI,35.8559788,138.3164007,888.3390,-3865655.9835,3442189.4393,3715771.9287,ITRF2020,GRS80,Bernese,IGS,F5.1(GPS),00,2020-01,2020/01/01 12:00:00,2020/12/31 12:00:00,366,2020-01-01,365,950263.20.pos.gz
950264,0264,MAKIOKA,牧丘,GSI,35.7468754,138.6951366,665.0522,-3893509.1817,3421117.0031,3705821.8716,ITRF2020,GRS80,Bernese,IGS,F5.1(GPS),00,2020-01,2020/01/01 12:00:00,2020/12/31 12:00:00,366,2020-01-01,366,950264.20.pos.gz
950265,0265,YAMANOUCHI,山ノ内,GSI,36.8017085,138.4361756,731.3647,-3826226.4681,3392765.1296,3800233.9814,ITRF2020,GRS80,Bernese,IGS,F5.1(GPS),00,2020-01,2020/01/01 12:00:00,2020/12/31 12:00:00,366,2020-01-01,366,950265.20.pos.gz
950266,0266,HAKUBA,白馬,GSI,36.7064671,137.8723420,728.4190,-3797343.6924,3434494.4268,3791763.0711,ITRF2020,GRS80,Bernese,IGS,F5.1(GPS),00,2020-01,2020/01/01 12:00:00,2020/12/31 12:00:00,366,2020-01-01,366,950266.20.pos.gz
950267,0267,NAGANO,長野,GSI,36.6651551,138.2474756,385.7098,-3821587.2994,3411199.5924,3787881.6085,ITRF2020,GRS80,Bernese,IGS,F5.1(GPS),00,2020-01,2020/01/01 12:00:00,2020/12/31 12:00:00,366,2020-01-01,365,950267.20.pos.gz
950268,0268,TOUBU,東部,GSI,36.3861766,138.3225309,739.0078,-3840027.8930,3418632.2489,3763212.2445,ITRF2020,GRS80,Bernese,IGS,F5.1(GPS),00,2020-01,2020/01/01 12:00:00,2020/12/31 12:00:00,366,2020-01-01,366,950268.20.pos.gz
950269,0269,KARUIZAWA,軽井沢,GSI,36.3460142,138.6378042,990.7840,-3860916.6746,3399331.0789,3759772.3399,ITRF2020,GRS80,Bernese,IGS,F5.1(GPS),00,2020-01,2020/01/01 12:00:00,2020/12/31 12:00:00,366,2020-01-01,366,950269.20.pos.gz
950270,0270,TOYOSHINA,豊科,GSI,36.3223713,137.9028219,577.9422,-3817900.8356,3449396.5875,3757414.0156,ITRF2020,GRS80,Bernese,IGS,F5.1(GPS),00,2020-01,2020/01/01 12:00:00,2020/12/31 12:00:00,366,2020-01-01,366,950270.20.pos.gz
950271,0271,WADA,和田,GSI,36.2084674,138.2164916,863.3820,-3842474.6675,3433579.2335,3747390.8924,ITRF2020,GRS80,Bernese,IGS,F5.1(GPS),00,2020-01,2020/01/01 12:00:00,2020/12/31 12:00:00,366,2020-01-01,366,950271.20.pos.gz
950272,0272,YACHIHO,八千穂,GSI,36.1306399,138.4609793,936.0456,-3860950.4790,3420570.9043,3740461.2405,ITRF2020,GRS80,Bernese,IGS,F5.1(GPS),00,2020-01,2020/01/01 12:00:00,2020/12/31 12:00:00,366,2020-01-01,366,950272.20.pos.gz
950273,0273,SHIOJIRI,塩尻,GSI,36.1211091,137.9830167,811.6323,-3832670.6143,3453009.7694,3739533.5726,ITRF2020,GRS80,Bernese,IGS,F5.1(GPS),00,2020-01,2020/01/01 12:00:00,2020/12/31 12:00:00,366,2020-01-01,366,950273.20.pos.gz
950274,0274,AGEMATSU,上松,GSI,35.7836177,137.6962638,819.8139,-3831608.5383,3486952.2663,3709220.6441,ITRF2020,GRS80,Bernese,IGS,F5.1(GPS),00,2020-01,2020/01/01 12:00:00,2020/12/31 12:00:00,366,2020-01-01,345,950274.20.pos.gz
950275,0275,OOSHIKA,大鹿,GSI,35.5561296,138.0383210,770.3295,-3863273.0332,3473830.8076,3688684.1321,ITRF2020,GRS80,Bernese,IGS,F5.1(GPS),00,2020-01,2020/01/01 12:00:00,2020/12/31 12:00:00,366,2020-01-01,366,950275.20.pos.gz
950276,0276,IIDA,飯田,GSI,35.5210919,137.8152408,570.6206,-3851272.5579,3490254.4242,3685404.4088,ITRF2020,GRS80,Bernese,IGS,F5.1(GPS),00,2020-01,2020/01/01 12:00:00,2020/12/31 12:00:00,366,2020-01-01,365,950276.20.pos.gz
950277,0277,MINAMISHINANO,南信濃,GSI,35.3171439,137.9252749,441.4206,-3867625.0583,3491569.5702,3666887.9984,ITRF2020,GRS80,Bernese,IGS,F5.1(GPS),00,2020-01,2020/01/01 12:00:00,2020/12/31 12:00:00,366,2020-01-01,366,950277.20.pos.gz
950278,0278,NEBA,根羽,GSI,35.2469990,137.5876712,680.1466,-3850447.5947,3517461.4687,3660672.5110,ITRF2020,GRS80,Bernese,IGS,F5.1(GPS),00,2020-01,2020/01/01 12:00:00,2020/12/31 12:00:00,366,2020-01-01,366,950278.20.pos.gz
950279,0279,MIYAGAWA,宮川,GSI,36.3355101,137.1471779,520.6442,-3771410.7487,3498828.5599,3758554.7432,ITRF2020,GRS80,Bernese,IGS,F5.1(GPS),00,2020-01,2020/01/01 12:00:00,2020/12/31 12:00:00,366,2020-01-01,365,950279.20.pos.gz
950280,0280,SHOUKAWA,荘川,GSI,36.0330480,136.9527673,845.9605,-3774190.8078,3525311.2054,3731655.3427,ITRF2020,GRS80,Bernese,IGS,F5.1(GPS),00,2020-01,2020/01/01 12:00:00,2020/12/31 12:00:00,366,2020-01-01,364,950280.20.pos.gz
950281,0281,TAKANE,高根,GSI,35.9734578,137.5348715,1351.6540,-3812980.7998,3489686.3090,3726602.6231,ITRF2020,GRS80,Bernese,IGS,F5.1(GPS),00,2020-01,2020/01/01 12:00:00,2020/12/31 12:00:00,366,2020-01-01,366,950281.20.pos.gz
950282,0282,SHIROTORI,白鳥,GSI,35.8669407,136.8631853,403.8975,-3776309.9090,3538362.2696,3716473.9603,ITRF2020,GRS80,Bernese,IGS,F5.1(GPS),00,2020-01,2020/01/01 12:00:00,2020/12/31 12:00:00,366,2020-01-01,366,950282.20.pos.gz
950283,0283,HACHIMAN,八幡,GSI,35.7577827,136.9753055,287.1398,-3788338.8176,3535736.9403,3706583.2874,ITRF2020,GRS80,Bernese,IGS,F5.1(GPS),00,2020-01,2020/01/01 12:00:00,2020/12/31 12:00:00,366,2020-01-01,365,950283.20.pos.gz
950284,0284,TSUKECHI,付知,GSI,35.6571890,137.4247764,513.8422,-3820891.7938,3510441.9619,3697652.0278,ITRF2020,GRS80,Bernese,IGS,F5.1(GPS),00,2020-01,2020/01/01 12:00:00,2020/12/31 12:00:00,366,2020-01-01,366,950284.20.pos.gz
950285,0285,FUJIHASHI,藤橋,GSI,35.6361528,136.4887716,267.4327,-3763877.9732,3573188.9606,3695611.6223,ITRF2020,GRS80,Bernese,IGS,F5.1(GPS),00,2020-01,2020/01/01 12:00:00,2020/12/31 12:00:00,366,2020-01-01,364,950285.20.pos.gz
950286,0286,NEO,根尾,GSI,35.6328971,136.6113979,224.1310,-3771644.1731,3565245.6049,3695292.8000,ITRF2020,GRS80,Bernese,IGS,F5.1(GPS),00,2020-01,2020/01/01 12:00:00,2020/12/31 12:00:00,366,2020-01-01,366,950286.20.pos.gz
950287,0287,KAMOSHIRAKAWA,加茂白川,GSI,35.6120861,137.1741482,242.4606,-3807476.3059,3528954.0944,3693426.4679,ITRF2020,GRS80,Bernese,IGS,F5.1(GPS),00,2020-01,2020/01/01 12:00:00,2020/12/31 12:00:00,366,2020-01-01,366,950287.20.pos.gz
950288,0288,MOTOSU,本巣,GSI,35.4883239,136.6872858,80.6904,-3783065.9364,3566566.2888,3682160.0941,ITRF2020,GRS80,Bernese,IGS,F5.1(GPS),00,2020-01,2020/01/01 12:00:00,2020/12/31 12:00:00,366,2020-01-01,366,950288.20.pos.gz
950289,0289,YAOTSU,八百津,GSI,35.4787002,137.1246906,206.9790,-3810712.7300,3538073.8214,3681363.9310,ITRF2020,GRS80,Bernese,IGS,F5.1(GPS),00,2020-01,2020/01/01 12:00:00,2020/12/31 12:00:00,366,2020-01-01,363,950289.20.pos.gz
950291,0291,TARUI,垂井,GSI,35.3717091,136.5497461,61.3627,-3779927.1383,3580784.7644,3671606.3846,ITRF2020,GRS80,Bernese,IGS,F5.1(GPS),00,2020-01,2020/01/01 12:00:00,2020/12/31 12:00:00,366,2020-01-01,366,950291.20.pos.gz
950292,0292,TAJIMI,多治見,GSI,35.3673719,137.1102346,247.8930,-3815089.8007,3543930.4774,3671321.9641,ITRF2020,GRS80,Bernese,IGS,F5.1(GPS),00,2020-01,2020/01/01 12:00:00,2020/12/31 12:00:00,366,2020-01-01,366,950292.20.pos.gz
950293,0293,KUSHIHARA,串原,GSI,35.2619669,137.4056092,495.6205,-3838434.5336,3528928.0263,3661922.1776,ITRF2020,GRS80,Bernese,IGS,F5.1(GPS),00,2020-01,2020/01/01 12:00:00,2020/12/31 12:00:00,366,2020-01-01,361,950293.20.pos.gz
950294,0294,NANNOU,南濃,GSI,35.2279051,136.5934477,73.6210,-3789362.4122,3584242.8608,3658592.2470,ITRF2020,GRS80,Bernese,IGS,F5.1(GPS),00,2020-01,2020/01/01 12:00:00,2020/12/31 12:00:00,366,2020-01-01,359,950294.20.pos.gz
950295,0295,HARUNO,春野,GSI,35.0315179,137.9804178,337.2490,-3884482.8542,3500008.7592,3640924.2167,ITRF2020,GRS80,Bernese,IGS,F5.1(GPS),00,2020-01,2020/01/01 12:00:00,2020/12/31 12:00:00,366,2020-01-01,366,950295.20.pos.gz
950296,0296,SIZUOKASIMIZUSI2,静岡清水市２,GSI,34.9864958,138.5156794,54.1220,-3918983.2448,3465312.0432,3636670.6147,ITRF2020,GRS80,Bernese,IGS,F5.1(GPS),00,2020-01,2020/01/01 12:00:00,2020/12/31 12:00:00,366,2020-01-01,366,950296.20.pos.gz
950297,0297,AMAGIYUGASHIMA2,天城湯ヶ島２,GSI,34.8655889,138.9222552,466.2189,-3949518.3082,3442683.7824,3625908.6372,ITRF2020,GRS80,Bernese,IGS,F5.1(GPS),00,2020-01,2020/01/01 12:00:00,2020/12/31 12:00:00,366,2020-01-01,365,950297.20.pos.gz
950298,0298,AICHIOOGUCHI,愛知大口,GSI,35.3347603,136.9299817,76.4703,-3805348.8923,3557249.3513,3668271.6499,ITRF2020,GRS80,Bernese,IGS,F5.1(GPS),00,2020-01,2020/01/01 12:00:00,2020/12/31 12:00:00,366,2020-01-01,364,950298.20.pos.gz
950299,0299,JIMOKUJI,甚目寺,GSI,35.1901063,136.8288352,45.5323,-3805802.1378,3570283.4280,3655149.6433,ITRF2020,GRS80,Bernese,IGS,F5.1(GPS),00,2020-01,2020/01/01 12:00:00,2020/12/31 12:00:00,366,2020-01-01,366,950299.20.pos.gz
950300,0300,AICHITOYOTA,愛知豊田,GSI,35.1387525,137.2535652,152.1579,-3834637.3038,3544259.7924,3650553.3604,ITRF2020,GRS80,Bernese,IGS,F5.1(GPS),00,2020-01,2020/01/01 12:00:00,2020/12/31 12:00:00,366,2020-01-01,366,950300.20.pos.gz
950301,0301,SHIMOYAMA,下山,GSI,35.0394647,137.3131664,439.9555,-3843149.9502,3544721.9033,3641705.0890,ITRF2020,GRS80,Bernese,IGS,F5.1(GPS),00,2020-01,2020/01/01 12:00:00,2020/12/31 12:00:00,366,2020-01-01,363,950301.20.pos.gz
950302,0302,CHIRYUU,知立,GSI,34.9949918,137.0597813,52.5594,-3829276.6360,3563395.7695,3637441.9113,ITRF2020,GRS80,Bernese,IGS,F5.1(GPS),00,2020-01,2020/01/01 12:00:00,2020/12/31 12:00:00,366,2020-01-01,365,950302.20.pos.gz
950303,0303,NUKATA,額田,GSI,34.9197462,137.2999411,139.1621,-3847746.5022,3550605.6058,3630649.7993,ITRF2020,GRS80,Bernese,IGS,F5.1(GPS),00,2020-01,2020/01/01 12:00:00,2020/12/31 12:00:00,366,2020-01-01,365,950303.20.pos.gz
950304,0304,TOKONAME1,常滑１,GSI,34.8233553,136.8676443,73.6035,-3825270.4687,3583678.7709,3621838.9012,ITRF2020,GRS80,Bernese,IGS,F5.1(GPS),00,2020-01,2020/01/01 12:00:00,2020/12/31 12:00:00,366,2020-01-01,365,950304.20.pos.gz
950305,0305,HAZU,幡豆,GSI,34.7948709,137.1190001,57.6222,-3842267.3671,3568081.5010,3619235.2195,ITRF2020,GRS80,Bernese,IGS,F5.1(GPS),00,2020-01,2020/01/01 12:00:00,2020/12/31 12:00:00,366,2020-01-01,366,950305.20.pos.gz
950306,0306,TAHARA,田原,GSI,34.6486607,137.2778401,64.7424,-3858935.9223,3563687.9426,3605907.5671,ITRF2020,GRS80,Bernese,IGS,F5.1(GPS),00,2020-01,2020/01/01 12:00:00,2020/12/31 12:00:00,366,2020-01-01,364,950306.20.pos.gz
950307,0307,ATSUMI,渥美,GSI,34.6092379,137.0680681,49.4666,-3847673.0453,3579476.5859,3602300.2733,ITRF2020,GRS80,Bernese,IGS,F5.1(GPS),00,2020-01,2020/01/01 12:00:00,2020/12/31 12:00:00,366,2020-01-01,366,950307.20.pos.gz
950309,0309,KUSU,楠,GSI,34.9138022,136.6365034,44.9358,-3806594.6403,3595126.4176,3630055.1440,ITRF2020,GRS80,Bernese,IGS,F5.1(GPS),00,2020-01,2020/01/01 12:00:00,2020/12/31 12:00:00,366,2020-01-01,365,950309.20.pos.gz
950310,0310,UENO,上野,GSI,34.7428746,136.1834538,219.5807,-3785966.4316,3632710.6294,3614589.0699,ITRF2020,GRS80,Bernese,IGS,F5.1(GPS),00,2020-01,2020/01/01 12:00:00,2020/12/31 12:00:00,366,2020-01-01,366,950310.20.pos.gz
950311,0311,MATSUSAKA,松阪,GSI,34.5470473,136.5506589,61.1004,-3818041.6303,3616775.8215,3596626.5244,ITRF2020,GRS80,Bernese,IGS,F5.1(GPS),00,2020-01,2020/01/01 12:00:00,2020/12/31 12:00:00,366,2020-01-01,365,950311.20.pos.gz
950312,0312,IITAKA,飯高,GSI,34.4331396,136.3342601,213.1327,-3809621.0661,3636197.2231,3586297.5582,ITRF2020,GRS80,Bernese,IGS,F5.1(GPS),00,2020-01,2020/01/01 12:00:00,2020/12/31 12:00:00,366,2020-01-01,365,950312.20.pos.gz
950314,0314,SHIMA,志摩,GSI,34.2534391,136.8206149,55.4836,-3848455.0806,3611335.0378,3569749.3880,ITRF2020,GRS80,Bernese,IGS,F5.1(GPS),00,2020-01,2020/01/01 12:00:00,2020/12/31 12:00:00,366,2020-01-01,363,950314.20.pos.gz
950315,0315,MIEKUMANO,三重熊野,GSI,33.8751354,136.0859020,55.8751,-3818763.6204,3676688.5670,3534986.9927,ITRF2020,GRS80,Bernese,IGS,F5.1(GPS),00,2020-01,2020/01/01 12:00:00,2020/12/31 12:00:00,366,2020-01-01,366,950315.20.pos.gz
950316,0316,UDONO,鵜殿,GSI,33.7412731,136.0109009,62.2395,-3819895.3326,3687425.7969,3522653.2621,ITRF2020,GRS80,Bernese,IGS,F5.1(GPS),00,2020-01,2020/01/01 12:00:00,2020/12/31 12:00:00,366,2020-01-01,366,950316.20.pos.gz
950317,0317,YOGO,余呉,GSI,35.5573308,136.1979493,205.6941,-3749330.6541,3595736.4362,3688464.2242,ITRF2020,GRS80,Bernese,IGS,F5.1(GPS),00,2020-01,2020/01/01 12:00:00,2020/12/31 12:00:00,366,2020-01-01,366,950317.20.pos.gz
950318,0318,MAKINO,マキノ,GSI,35.4662861,136.0536696,138.6190,-3744449.5795,3609200.6722,3680202.5372,ITRF2020,GRS80,Bernese,IGS,F5.1(GPS),00,2020-01,2020/01/01 12:00:00,2020/12/31 12:00:00,366,2020-01-01,363,950318.20.pos.gz
950319,0319,KUTSUKI,朽木,GSI,35.3512542,135.9132113,228.4790,-3740954.8065,3623565.1394,3669852.3089,ITRF2020,GRS80,Bernese,IGS,F5.1(GPS),00,2020-01,2020/01/01 12:00:00,2020/12/31 12:00:00,366,2020-01-01,366,950319.20.pos.gz
950320,0320,ADOGAWA,安曇川,GSI,35.3189742,136.0628309,128.1579,-3751837.1128,3615164.3067,3666872.5917,ITRF2020,GRS80,Bernese,IGS,F5.1(GPS),00,2020-01,2020/01/01 12:00:00,2020/12/31 12:00:00,366,2020-01-01,365,950320.20.pos.gz
950321,0321,HIKONE,彦根,GSI,35.2694405,136.2356167,128.7290,-3765015.6951,3606030.1731,3662387.3816,ITRF2020,GRS80,Bernese,IGS,F5.1(GPS),00,2020-01,2020/01/01 12:00:00,2020/12/31 12:00:00,366,2020-01-01,366,950321.20.pos.gz
950322,0322,OOTSU1,大津１,GSI,35.1370394,135.8708114,220.3289,-3748111.7130,3635877.3234,3650437.1734,ITRF2020,GRS80,Bernese,IGS,F5.1(GPS),00,2020-01,2020/01/01 12:00:00,2020/12/31 12:00:00,366,2020-01-01,365,950322.20.pos.gz
950323,0323,MINAKUCHI,水口,GSI,34.9863833,136.1450413,216.6561,-3772392.4916,3624546.8943,3636753.5910,ITRF2020,GRS80,Bernese,IGS,F5.1(GPS),00,2020-01,2020/01/01 12:00:00,2020/12/22 12:00:00,357,2020-01-01,49,950323.20.pos.gz
950324,0324,OOTSU2,大津２,GSI,34.9396020,135.9061676,130.3087,-3759333.7465,3642263.2324,3632450.7416,ITRF2020,GRS80,Bernese,IGS,F5.1(GPS),00,2020-01,2020/01/01 12:00:00,2020/12/31 12:00:00,366,2020-01-01,366,950324.20.pos.gz
950326,0326,SHIGARAKI,信楽,GSI,34.8693263,136.0548309,344.3196,-3772110.0524,3635714.5713,3626179.1519,ITRF2020,GRS80,Bernese,IGS,F5.1(GPS),00,2020-01,2020/01/01 12:00:00,2020/12/31 12:00:00,366,2020-01-01,366,950326.20.pos.gz
950327,0327,TANGO,丹後,GSI,35.7523524,135.1732194,65.2672,-3675398.3199,3653241.9472,3705964.6730,ITRF2020,GRS80,Bernese,IGS,F5.1(GPS),00,2020-01,2020/01/01 12:00:00,2020/12/31 12:00:00,366,2020-01-01,366,950327.20.pos.gz
950328,0328,KUMIHAMA,久美浜,GSI,35.5556809,134.9322898,68.1182,-3668988.9615,3677671.0022,3688235.2967,ITRF2020,GRS80,Bernese,IGS,F5.1(GPS),00,2020-01,2020/01/01 12:00:00,2020/12/31 12:00:00,366,2020-01-01,366,950328.20.pos.gz
950329,0329,FUKUCHIYAMA,福知山,GSI,35.2923358,135.1640381,109.0319,-3695867.3109,3674765.0909,3664449.6308,ITRF2020,GRS80,Bernese,IGS,F5.1(GPS),00,2020-01,2020/01/01 12:00:00,2020/12/31 12:00:00,366,2020-01-01,366,950329.20.pos.gz
950331,0331,MIZUHO,瑞穂,GSI,35.1637864,135.3669082,264.8064,-3714800.5664,3667525.2998,3652889.1502,ITRF2020,GRS80,Bernese,IGS,F5.1(GPS),00,2020-01,2020/01/01 12:00:00,2020/12/31 12:00:00,366,2020-01-01,366,950331.20.pos.gz
950332,0332,KYOTOKAMEOKA,亀岡,GSI,35.0775814,135.5645253,168.0149,-3731300.2923,3658487.6409,3645010.5494,ITRF2020,GRS80,Bernese,IGS,F5.1(GPS),00,2020-01,2020/01/01 12:00:00,2020/12/31 12:00:00,366,2020-01-01,366,950332.20.pos.gz
950333,0333,KYOTONISHIKYOU,京都西京,GSI,34.9885710,135.6654393,219.2166,-3741822.8877,3655901.0670,3636953.9077,ITRF2020,GRS80,Bernese,IGS,F5.1(GPS),00,2020-01,2020/01/01 12:00:00,2020/12/31 12:00:00,366,2020-01-01,182,950333.20.pos.gz
950334,0334,KYOTOKAMO,京都加茂,GSI,34.7469704,135.8641528,87.0290,-3765399.1549,3653496.5675,3614886.8945,ITRF2020,GRS80,Bernese,IGS,F5.1(GPS),00,2020-01,2020/01/01 12:00:00,2020/12/31 12:00:00,366,2020-01-01,363,950334.20.pos.gz
950335,0335,KATANO,交野,GSI,34.7778377,135.6854557,74.3738,-3752581.6722,3663851.2524,3617692.8607,ITRF2020,GRS80,Bernese,IGS,F5.1(GPS),00,2020-01,2020/01/01 12:00:00,2020/12/31 12:00:00,366,2020-01-01,366,950335.20.pos.gz
950337,0337,SAKAI,堺,GSI,34.5273092,135.4813448,73.6425,-3750773.0635,3688275.7603,3594829.9224,ITRF2020,GRS80,Bernese,IGS,F5.1(GPS),00,2020-01,2020/01/01 12:00:00,2020/12/31 12:00:00,366,2020-01-01,366,950337.20.pos.gz
950338,0338,KANAN,河南,GSI,34.4791078,135.6273368,147.6284,-3762367.4165,3680867.4886,3590465.2838,ITRF2020,GRS80,Bernese,IGS,F5.1(GPS),00,2020-01,2020/01/14 12:00:00,2020/12/31 12:00:00,353,2020-01-14,335,950338.20.pos.gz
950339,0339,KAWACHINAGANO,河内長野,GSI,34.4248089,135.5869486,301.8863,-3762296.8037,3685992.4795,3585585.4658,ITRF2020,GRS80,Bernese,IGS,F5.1(GPS),00,2020-01,2020/01/01 12:00:00,2020/12/31 12:00:00,366,2020-01-01,366,950339.20.pos.gz
950340,0340,KUMATORI,熊取,GSI,34.4064516,135.3641584,91.9964,-3748631.5145,3701280.9967,3583786.8550,ITRF2020,GRS80,Bernese,IGS,F5.1(GPS),00,2020-01,2020/01/01 12:00:00,2020/12/31 12:00:00,366,2020-01-01,365,950340.20.pos.gz
950341,0341,MURAOKA,村岡,GSI,35.4367462,134.5824977,587.8522,-3652144.0636,3705760.5205,3677793.1383,ITRF2020,GRS80,Bernese,IGS,F5.1(GPS),00,2020-01,2020/01/01 12:00:00,2020/12/31 12:00:00,366,2020-01-01,366,950341.20.pos.gz
950342,0342,WADAYAMA,和田山,GSI,35.3148977,134.8185060,258.3269,-3672705.1278,3696046.9667,3666578.7943,ITRF2020,GRS80,Bernese,IGS,F5.1(GPS),00,2020-01,2020/01/01 12:00:00,2020/12/31 12:00:00,366,2020-01-01,366,950342.20.pos.gz
950343,0343,HYOUGONISHIKI,西紀,GSI,35.1052846,135.1819013,257.3359,-3705584.1869,3682129.7620,3647576.7882,ITRF2020,GRS80,Bernese,IGS,F5.1(GPS),00,2020-01,2020/01/01 12:00:00,2020/12/31 12:00:00,366,2020-01-01,366,950343.20.pos.gz
950344,0344,HYOUGOICHINOMIYA,兵庫一宮,GSI,35.0944536,134.5859627,210.3672,-3667544.3357,3720936.7491,3646566.6394,ITRF2020,GRS80,Bernese,IGS,F5.1(GPS),00,2020-01,2020/01/01 12:00:00,2020/12/31 12:00:00,366,2020-01-01,366,950344.20.pos.gz
950345,0345,SANNAN,山南,GSI,35.0907840,134.9725916,139.7890,-3692693.9361,3696228.5526,3646192.9476,ITRF2020,GRS80,Bernese,IGS,F5.1(GPS),00,2020-01,2020/01/01 12:00:00,2020/12/31 12:00:00,366,2020-01-01,366,950345.20.pos.gz
950346,0346,NANKOU,南光,GSI,34.9975943,134.4037806,155.1111,-3659980.5049,3736955.7415,3637737.2464,ITRF2020,GRS80,Bernese,IGS,F5.1(GPS),00,2020-01,2020/01/01 12:00:00,2020/12/31 12:00:00,366,2020-01-01,366,950346.20.pos.gz
950347,0347,HYOUGOICHIKAWA,兵庫市川,GSI,34.9846846,134.7673043,124.6207,-3684177.2907,3714224.6347,3636546.4161,ITRF2020,GRS80,Bernese,IGS,F5.1(GPS),00,2020-01,2020/01/01 12:00:00,2020/12/31 12:00:00,366,2020-01-01,366,950347.20.pos.gz
950348,0348,HYOUGOINAGAWA,猪名川,GSI,34.9767890,135.3259991,232.6343,-3720639.2630,3678539.2779,3635890.6181,ITRF2020,GRS80,Bernese,IGS,F5.1(GPS),00,2020-01,2020/01/01 12:00:00,2020/12/31 12:00:00,366,2020-01-01,366,950348.20.pos.gz
950349,0349,SANDA,三田,GSI,34.9447921,135.1764202,219.8989,-3712458.5974,3689666.5436,3632974.0603,ITRF2020,GRS80,Bernese,IGS,F5.1(GPS),00,2020-01,2020/01/01 12:00:00,2020/12/31 12:00:00,366,2020-01-01,366,950349.20.pos.gz
950350,0350,SHINGUU,新宮,GSI,34.8972652,134.5452392,78.9755,-3673624.3353,3732407.7940,3628570.0647,ITRF2020,GRS80,Bernese,IGS,F5.1(GPS),00,2020-01,2020/01/01 12:00:00,2020/12/31 12:00:00,366,2020-01-01,366,950350.20.pos.gz
950351,0351,KOBEKITA,神戸北,GSI,34.8121884,135.2159089,312.3957,-3721025.4732,3693086.5911,3620958.1723,ITRF2020,GRS80,Bernese,IGS,F5.1(GPS),00,2020-01,2020/01/01 12:00:00,2020/12/31 12:00:00,366,2020-01-01,366,950351.20.pos.gz
950352,0352,MIKI,三木,GSI,34.8049163,134.9972368,100.3514,-3707106.0960,3707463.6807,3620174.7156,ITRF2020,GRS80,Bernese,IGS,F5.1(GPS),00,2020-01,2020/01/01 12:00:00,2020/12/31 12:00:00,366,2020-01-01,366,950352.20.pos.gz
950353,0353,TAKARAZUKA,宝塚,GSI,34.7909039,135.3417814,130.0197,-3729981.8994,3685745.0021,3618915.1221,ITRF2020,GRS80,Bernese,IGS,F5.1(GPS),00,2020-01,2020/01/01 12:00:00,2020/12/31 12:00:00,366,2020-01-01,366,950353.20.pos.gz
950354,0354,KAKOGAWA,加古川,GSI,34.7869619,134.8287821,47.6867,-3696960.6540,3719122.3212,3618508.9913,ITRF2020,GRS80,Bernese,IGS,F5.1(GPS),00,2020-01,2020/01/01 12:00:00,2020/12/31 12:00:00,366,2020-01-01,366,950354.20.pos.gz
950355,0355,NISHIMIYA,西宮,GSI,34.7242499,135.3803835,44.0725,-3735414.6154,3686142.5820,3612791.0626,ITRF2020,GRS80,Bernese,IGS,F5.1(GPS),00,2020-01,2020/01/01 12:00:00,2020/12/31 12:00:00,366,2020-01-01,366,950355.20.pos.gz
950356,0356,KOBECHUUOU,神戸中央,GSI,34.6869874,135.1722909,84.7276,-3723695.2534,3701367.6951,3609415.8876,ITRF2020,GRS80,Bernese,IGS,F5.1(GPS),00,2020-01,2020/01/01 12:00:00,2020/12/31 12:00:00,366,2020-01-01,366,950356.20.pos.gz
950357,0357,IESHIMA,家島,GSI,34.6698783,134.5195705,102.7460,-3682055.6863,3744327.9381,3607865.2886,ITRF2020,GRS80,Bernese,IGS,F5.1(GPS),00,2020-01,2020/01/01 12:00:00,2020/12/31 12:00:00,366,2020-01-01,366,950357.20.pos.gz
950358,0358,AKASHI,明石,GSI,34.6697367,134.9657085,66.4419,-3711084.4771,3715529.3066,3607831.7200,ITRF2020,GRS80,Bernese,IGS,F5.1(GPS),00,2020-01,2020/01/01 12:00:00,2020/12/31 12:00:00,366,2020-01-01,365,950358.20.pos.gz
950359,0359,AWAJI,淡路,GSI,34.5770532,135.0240774,50.3547,-3718990.9090,3715866.5544,3599361.6226,ITRF2020,GRS80,Bernese,IGS,F5.1(GPS),00,2020-01,2020/01/01 12:00:00,2020/12/31 12:00:00,366,2020-01-01,366,950359.20.pos.gz
950360,0360,AWAJIICHINOMIYA,淡路一宮,GSI,34.4933192,134.8609747,50.2887,-3712112.4850,3730170.8497,3591709.6282,ITRF2020,GRS80,Bernese,IGS,F5.1(GPS),00,2020-01,2020/01/01 12:00:00,2020/12/31 12:00:00,366,2020-01-01,366,950360.20.pos.gz
950361,0361,SUMOTO,洲本,GSI,34.3497672,134.8815300,107.1069,-3719835.5450,3735250.3871,3578605.6772,ITRF2020,GRS80,Bernese,IGS,F5.1(GPS),00,2020-01,2020/01/01 12:00:00,2020/12/31 12:00:00,366,2020-01-01,366,950361.20.pos.gz
950362,0362,SEIDAN,西淡,GSI,34.3343295,134.7351932,45.5714,-3710927.5696,3745389.0473,3577156.9773,ITRF2020,GRS80,Bernese,IGS,F5.1(GPS),00,2020-01,2020/01/01 12:00:00,2020/12/31 12:00:00,366,2020-01-01,366,950362.20.pos.gz
950363,0363,NANDAN,南淡,GSI,34.2236698,134.7365379,49.6944,-3715884.0836,3750215.5483,3567016.1633,ITRF2020,GRS80,Bernese,IGS,F5.1(GPS),00,2020-01,2020/01/01 12:00:00,2020/12/31 12:00:00,366,2020-01-01,366,950363.20.pos.gz
950364,0364,MUROU,室生,GSI,34.5670321,136.0503881,367.6564,-3785593.4555,3649276.7141,3598626.2845,ITRF2020,GRS80,Bernese,IGS,F5.1(GPS),00,2020-01,2020/01/01 12:00:00,2020/12/31 12:00:00,366,2020-01-01,366,950364.20.pos.gz
950365,0365,KOURYOU,広陵,GSI,34.5392220,135.7310030,109.3032,-3766293.1280,3671394.9152,3595938.8113,ITRF2020,GRS80,Bernese,IGS,F5.1(GPS),00,2020-01,2020/01/01 12:00:00,2020/12/31 12:00:00,366,2020-01-01,366,950365.20.pos.gz
950366,0366,GOJOU,五條,GSI,34.3882998,135.7041765,273.9475,-3771452.0454,3679869.2145,3582228.1263,ITRF2020,GRS80,Bernese,IGS,F5.1(GPS),00,2020-01,2020/01/01 12:00:00,2020/12/31 12:00:00,366,2020-01-01,366,950366.20.pos.gz
950367,0367,SHIMOKITAYAMA,下北山,GSI,34.0381643,135.9637387,287.2681,-3803792.0265,3677934.4241,3550116.1275,ITRF2020,GRS80,Bernese,IGS,F5.1(GPS),00,2020-01,2020/04/25 12:00:00,2020/12/31 12:00:00,251,2020-04-25,248,950367.20.pos.gz
950368,0368,UCHITA,打田,GSI,34.2561378,135.3579643,69.8613,-3754909.3340,3708281.2768,3570004.9200,ITRF2020,GRS80,Bernese,IGS,F5.1(GPS),00,2020-01,2020/01/01 12:00:00,2020/12/31 12:00:00,366,2020-01-01,359,950368.20.pos.gz
950369,0369,WAKAYAMA,和歌山,GSI,34.2714623,135.0659765,88.4234,-3735296.0345,3726703.4880,3571420.2816,ITRF2020,GRS80,Bernese,IGS,F5.1(GPS),00,2020-01,2020/01/01 12:00:00,2020/12/31 12:00:00,366,2020-01-01,366,950369.20.pos.gz
950370,0370,KOUYA,高野,GSI,34.2218268,135.5901223,847.1484,-3771893.0086,3694984.6094,3567295.6098,ITRF2020,GRS80,Bernese,IGS,F5.1(GPS),00,2020-01,2020/01/01 12:00:00,2020/12/31 12:00:00,366,2020-01-01,349,950370.20.pos.gz
950371,0371,WAKAYAMAMIYAMA,和歌山美山,GSI,33.9616739,135.3848656,262.9595,-3769802.5672,3719494.9073,3543068.2532,ITRF2020,GRS80,Bernese,IGS,F5.1(GPS),00,2020-01,2020/01/01 12:00:00,2020/12/31 12:00:00,366,2020-01-01,366,950371.20.pos.gz
950372,0372,WAKAYAMAKAWABE,川辺,GSI,33.9138525,135.1800855,66.4100,-3758469.7087,3734917.2762,3538557.6360,ITRF2020,GRS80,Bernese,IGS,F5.1(GPS),00,2020-01,2020/01/01 12:00:00,2020/12/31 12:00:00,366,2020-01-01,366,950372.20.pos.gz
950373,0373,HONGUU,本宮,GSI,33.8152019,135.7820843,104.6028,-3801896.5371,3699496.5702,3529492.7561,ITRF2020,GRS80,Bernese,IGS,F5.1(GPS),00,2020-01,2020/01/01 12:00:00,2020/12/31 12:00:00,366,2020-01-01,366,950373.20.pos.gz
950374,0374,NAKAHECHI,中辺路,GSI,33.7854886,135.5083973,227.6098,-3785562.5353,3718971.5052,3526822.4040,ITRF2020,GRS80,Bernese,IGS,F5.1(GPS),00,2020-01,2020/01/01 12:00:00,2020/12/31 12:00:00,366,2020-01-01,366,950374.20.pos.gz
950376,0376,NACHIKATSUURA,那智勝浦,GSI,33.5839135,135.9207101,48.8724,-3821028.2342,3700156.7341,3508118.6906,ITRF2020,GRS80,Bernese,IGS,F5.1(GPS),00,2020-01,2020/01/01 12:00:00,2020/12/31 12:00:00,366,2020-01-01,366,950376.20.pos.gz
950378,0378,SHIKANO,鹿野,GSI,35.4567542,134.0466738,101.4822,-3616158.4219,3738542.2294,3679319.5905,ITRF2020,GRS80,Bernese,IGS,F5.1(GPS),00,2020-01,2020/01/01 12:00:00,2020/12/31 12:00:00,366,2020-01-01,241,950378.20.pos.gz
950379,0379,MIZOGUCHI,溝口,GSI,35.3455350,133.4390752,125.5199,-3581238.6835,3781883.9166,3669275.1800,ITRF2020,GRS80,Bernese,IGS,F5.1(GPS),00,2020-01,2020/01/01 12:00:00,2020/12/31 12:00:00,366,2020-01-01,366,950379.20.pos.gz
950380,0380,CHIZU,智頭,GSI,35.2658620,134.2373706,221.6046,-3637200.6781,3735337.8723,3662116.8457,ITRF2020,GRS80,Bernese,IGS,F5.1(GPS),00,2020-01,2020/01/01 12:00:00,2020/12/31 12:00:00,366,2020-01-01,366,950380.20.pos.gz
950381,0381,NICHINAN,日南,GSI,35.1645738,133.3085353,357.3676,-3580692.0796,3798604.2246,3653013.8734,ITRF2020,GRS80,Bernese,IGS,F5.1(GPS),00,2020-01,2020/01/01 12:00:00,2020/12/31 12:00:00,366,2020-01-01,366,950381.20.pos.gz
950382,0382,GOKA,五箇,GSI,36.2852894,133.2398844,77.2737,-3526242.3323,3749832.3157,3753801.3642,ITRF2020,GRS80,Bernese,IGS,F5.1(GPS),00,2020-01,2020/01/01 12:00:00,2020/12/31 12:00:00,366,2020-01-01,366,950382.20.pos.gz
950383,0383,NISHINOSHIMA,西ノ島,GSI,36.0932088,132.9843827,40.2818,-3518045.5457,3774704.2264,3736577.6639,ITRF2020,GRS80,Bernese,IGS,F5.1(GPS),00,2020-01,2020/01/01 12:00:00,2020/12/31 12:00:00,366,2020-01-01,366,950383.20.pos.gz
950384,0384,IZUMO,出雲,GSI,35.3926142,132.7432178,43.7164,-3532947.3348,3822828.6286,3673487.1839,ITRF2020,GRS80,Bernese,IGS,F5.1(GPS),00,2020-01,2020/01/01 12:00:00,2020/12/31 12:00:00,366,2020-01-01,365,950384.20.pos.gz
950385,0385,NITA,仁多,GSI,35.1956125,132.9954266,343.3476,-3558519.3276,3816655.5213,3655820.5257,ITRF2020,GRS80,Bernese,IGS,F5.1(GPS),00,2020-01,2020/01/01 12:00:00,2020/12/31 12:00:00,366,2020-01-01,366,950385.20.pos.gz
950386,0386,OODA,大田,GSI,35.1859535,132.5073249,74.5200,-3526145.4239,3847124.9485,3654789.8136,ITRF2020,GRS80,Bernese,IGS,F5.1(GPS),00,2020-01,2020/01/01 12:00:00,2020/12/31 12:00:00,366,2020-01-01,366,950386.20.pos.gz
950387,0387,AKAGI,赤来,GSI,35.0197723,132.7205086,473.8919,-3547849.7297,3842007.6839,3639935.4893,ITRF2020,GRS80,Bernese,IGS,F5.1(GPS),00,2020-01,2020/01/01 12:00:00,2020/12/31 12:00:00,366,2020-01-01,366,950387.20.pos.gz
950388,0388,MISUMI,三隅,GSI,34.7673435,131.9231472,65.6694,-3504520.4145,3902678.7985,3616731.5923,ITRF2020,GRS80,Bernese,IGS,F5.1(GPS),00,2020-01,2020/01/01 12:00:00,2020/12/31 12:00:00,366,2020-01-01,366,950388.20.pos.gz
950389,0389,CHUUKA,中和,GSI,35.2635376,133.7924800,602.7106,-3608405.5435,3763799.2422,3662126.3025,ITRF2020,GRS80,Bernese,IGS,F5.1(GPS),00,2020-01,2020/01/01 12:00:00,2020/12/31 12:00:00,366,2020-01-01,366,950389.20.pos.gz
950390,0390,OKAYAMAOOHARA,岡山大原,GSI,35.0996409,134.3196433,321.7511,-3650041.7818,3737772.2474,3647101.5620,ITRF2020,GRS80,Bernese,IGS,F5.1(GPS),00,2020-01,2020/01/01 12:00:00,2020/12/31 12:00:00,366,2020-01-01,366,950390.20.pos.gz
950391,0391,SAKUTOU,作東,GSI,35.0208808,134.2347730,228.1946,-3647949.3439,3746716.3835,3639895.2183,ITRF2020,GRS80,Bernese,IGS,F5.1(GPS),00,2020-01,2020/01/01 12:00:00,2020/12/31 12:00:00,366,2020-01-01,366,950391.20.pos.gz
950392,0392,OCHIAI,落合,GSI,35.0029607,133.7345051,172.1411,-3615853.7644,3779215.6148,3638234.7049,ITRF2020,GRS80,Bernese,IGS,F5.1(GPS),00,2020-01,2020/01/01 12:00:00,2020/12/31 12:00:00,366,2020-01-01,366,950392.20.pos.gz
950393,0393,OKAYAMACHUUOU,岡山中央,GSI,34.9825429,133.9608655,202.2605,-3631675.0641,3765853.7141,3636396.2500,ITRF2020,GRS80,Bernese,IGS,F5.1(GPS),00,2020-01,2020/01/01 12:00:00,2020/12/31 12:00:00,366,2020-01-01,366,950393.20.pos.gz
950394,0394,TAKAHASHI,高梁,GSI,34.8096918,133.5980927,471.5756,-3615476.4373,3796877.3555,3620821.6272,ITRF2020,GRS80,Bernese,IGS,F5.1(GPS),00,2020-01,2020/01/01 12:00:00,2020/12/31 12:00:00,366,2020-01-01,366,950394.20.pos.gz
950395,0395,OKAYAMAMITSU,岡山御津,GSI,34.7913838,133.9290513,113.4958,-3637948.1954,3776553.0877,3618949.4145,ITRF2020,GRS80,Bernese,IGS,F5.1(GPS),00,2020-01,2020/01/01 12:00:00,2020/12/31 12:00:00,366,2020-01-01,366,950395.20.pos.gz
950396,0396,OKU,邑久,GSI,34.6577230,134.1657634,153.8629,-3659427.6923,3767573.7836,3606785.2406,ITRF2020,GRS80,Bernese,IGS,F5.1(GPS),00,2020-01,2020/01/01 12:00:00,2020/12/31 12:00:00,366,2020-01-01,366,950396.20.pos.gz
950397,0397,KURASHIKI,倉敷１,GSI,34.4385686,133.7967358,59.5462,-3644574.3066,3800960.3984,3586707.4198,ITRF2020,GRS80,Bernese,IGS,F5.1(GPS),00,2020-01,2020/01/01 12:00:00,2020/12/31 12:00:00,366,2020-01-01,366,950397.20.pos.gz
950398,0398,SAIJOU,西城,GSI,34.9434490,133.1202326,392.0960,-3577839.5074,3820657.4888,3632950.5422,ITRF2020,GRS80,Bernese,IGS,F5.1(GPS),00,2020-01,2020/01/01 12:00:00,2020/12/31 12:00:00,366,2020-01-01,366,950398.20.pos.gz
950399,0399,GEIHOKU,芸北,GSI,34.7268980,132.2773374,622.1178,-3530606.8430,3883170.7238,3613361.8022,ITRF2020,GRS80,Bernese,IGS,F5.1(GPS),00,2020-01,2020/01/01 12:00:00,2020/12/31 12:00:00,366,2020-01-01,366,950399.20.pos.gz
950400,0400,CHIYODA,千代田,GSI,34.6788148,132.5402433,311.1415,-3550268.3526,3868978.7818,3608799.1684,ITRF2020,GRS80,Bernese,IGS,F5.1(GPS),00,2020-01,2020/01/01 12:00:00,2020/12/31 12:00:00,366,2020-01-01,366,950400.20.pos.gz
950401,0401,JOUGE,上下,GSI,34.6724520,133.1075371,417.8647,-3588735.4447,3833995.2733,3608279.3692,ITRF2020,GRS80,Bernese,IGS,F5.1(GPS),00,2020-01,2020/01/01 12:00:00,2020/12/31 12:00:00,366,2020-01-01,366,950401.20.pos.gz
950402,0402,HIROSIMATOYOSAKA,豊栄,GSI,34.5713005,132.8240042,426.4885,-3574057.4897,3856388.9022,3599049.5938,ITRF2020,GRS80,Bernese,IGS,F5.1(GPS),00,2020-01,2020/01/01 12:00:00,2020/12/31 12:00:00,366,2020-01-01,366,950402.20.pos.gz
950403,0403,HIROSHIMA1,広島１,GSI,34.5391572,132.4634716,194.5276,-3550957.1565,3880153.2395,3595981.2128,ITRF2020,GRS80,Bernese,IGS,F5.1(GPS),00,2020-01,2020/01/01 12:00:00,2020/12/31 12:00:00,366,2020-01-01,366,950403.20.pos.gz
950405,0405,MIHARA,三原,GSI,34.3786831,133.0098025,61.2498,-3594589.2602,3853403.0865,3581227.5993,ITRF2020,GRS80,Bernese,IGS,F5.1(GPS),00,2020-01,2020/01/01 12:00:00,2020/12/31 12:00:00,366,2020-01-01,366,950405.20.pos.gz
950407,0407,HAGI1,萩１,GSI,34.4398594,131.4165479,53.6662,-3483518.6508,3948976.5365,3586822.1908,ITRF2020,GRS80,Bernese,IGS,F5.1(GPS),00,2020-01,2020/01/01 12:00:00,2020/12/31 12:00:00,366,2020-01-01,366,950407.20.pos.gz
950408,0408,HOUHOKU,豊北,GSI,34.2946073,130.9431475,126.7895,-3456772.1342,3984539.7166,3573563.2896,ITRF2020,GRS80,Bernese,IGS,F5.1(GPS),00,2020-01,2020/01/01 12:00:00,2020/12/31 12:00:00,366,2020-01-01,366,950408.20.pos.gz
950409,0409,ATOU,阿東,GSI,34.2837354,131.5627912,305.9178,-3500210.1895,3947542.1652,3572667.7786,ITRF2020,GRS80,Bernese,IGS,F5.1(GPS),00,2020-01,2020/01/01 12:00:00,2020/12/31 12:00:00,366,2020-01-01,364,950409.20.pos.gz
950410,0410,YAMAGUCHINISHIKI,錦,GSI,34.2590807,131.9532901,158.5073,-3527981.2927,3924649.7802,3570324.6342,ITRF2020,GRS80,Bernese,IGS,F5.1(GPS),00,2020-01,2020/01/01 12:00:00,2020/12/31 12:00:00,366,2020-01-01,366,950410.20.pos.gz
950411,0411,MITOU,美東,GSI,34.1894895,131.3460839,135.8107,-3489047.3368,3965062.7920,3563928.9133,ITRF2020,GRS80,Bernese,IGS,F5.1(GPS),00,2020-01,2020/01/01 12:00:00,2020/12/31 12:00:00,366,2020-01-01,366,950411.20.pos.gz
950412,0412,HOUFU,防府,GSI,34.0572396,131.5308241,44.1018,-3507219.8452,3959896.1505,3551733.2009,ITRF2020,GRS80,Bernese,IGS,F5.1(GPS),00,2020-01,2020/01/01 12:00:00,2020/12/31 12:00:00,366,2020-01-01,365,950412.20.pos.gz
950413,0413,UBE,宇部,GSI,33.9777132,131.2860432,104.6751,-3493559.6832,3978589.7040,3544455.3279,ITRF2020,GRS80,Bernese,IGS,F5.1(GPS),00,2020-01,2020/01/01 12:00:00,2020/12/31 12:00:00,366,2020-01-01,366,950413.20.pos.gz
950414,0414,YANAI,柳井,GSI,33.9750681,132.1044443,45.2329,-3550107.6123,3928369.3305,3544178.7984,ITRF2020,GRS80,Bernese,IGS,F5.1(GPS),00,2020-01,2020/01/01 12:00:00,2020/12/31 12:00:00,366,2020-01-01,366,950414.20.pos.gz
950415,0415,TOKUSHIMAYOSHINO,徳島吉野,GSI,34.0969893,134.3519735,65.1112,-3696154.2987,3780722.8481,3555397.0575,ITRF2020,GRS80,Bernese,IGS,F5.1(GPS),00,2020-01,2020/01/01 12:00:00,2020/12/31 12:00:00,366,2020-01-01,366,950415.20.pos.gz
950416,0416,TOKUSHIMA,徳島,GSI,34.0599061,134.5601407,42.7074,-3711470.2201,3768898.0765,3551977.4619,ITRF2020,GRS80,Bernese,IGS,F5.1(GPS),00,2020-01,2020/01/01 12:00:00,2020/12/31 12:00:00,366,2020-01-01,366,950416.20.pos.gz
950418,0418,YAMAKAWA,山川,GSI,34.0384170,134.2302324,87.1563,-3690664.1986,3791188.7801,3550027.3444,ITRF2020,GRS80,Bernese,IGS,F5.1(GPS),00,2020-01,2020/01/01 12:00:00,2020/12/31 12:00:00,366,2020-01-01,366,950418.20.pos.gz
950419,0419,YAMASHIRO,山城,GSI,33.9366740,133.6812871,833.2809,-3658957.0686,3831384.3271,3541086.2379,ITRF2020,GRS80,Bernese,IGS,F5.1(GPS),00,2020-01,2020/01/01 12:00:00,2020/12/31 12:00:00,366,2020-01-01,366,950419.20.pos.gz
950420,0420,KAMIKATSU,上勝,GSI,33.8789311,134.3891057,326.7903,-3708214.2828,3788144.3622,3535487.5604,ITRF2020,GRS80,Bernese,IGS,F5.1(GPS),00,2020-01,2020/01/01 12:00:00,2020/12/31 12:00:00,366,2020-01-01,366,950420.20.pos.gz
950421,0421,ICHIU,一宇,GSI,33.8775160,134.0581961,1410.0446,-3686960.5231,3810206.9021,3535961.0619,ITRF2020,GRS80,Bernese,IGS,F5.1(GPS),00,2020-01,2020/01/01 12:00:00,2020/12/31 12:00:00,366,2020-01-01,366,950421.20.pos.gz
950422,0422,ANAN2,阿南２,GSI,33.8302411,134.6677951,47.2190,-3728547.9731,3772037.3748,3530846.6588,ITRF2020,GRS80,Bernese,IGS,F5.1(GPS),00,2020-01,2020/01/01 12:00:00,2020/12/31 12:00:00,366,2020-01-01,366,950422.20.pos.gz
950423,0423,HIWASA,日和佐,GSI,33.7250886,134.5330063,44.3998,-3724210.0085,3785419.1731,3521150.4366,ITRF2020,GRS80,Bernese,IGS,F5.1(GPS),00,2020-01,2020/01/01 12:00:00,2020/12/31 12:00:00,366,2020-01-01,366,950423.20.pos.gz
950424,0424,TOKUSHIMAKAINAN,徳島海南,GSI,33.6184993,134.3720272,51.6146,-3718147.8536,3800557.6176,3511315.3514,ITRF2020,GRS80,Bernese,IGS,F5.1(GPS),00,2020-01,2020/01/01 12:00:00,2020/12/31 12:00:00,366,2020-01-01,366,950424.20.pos.gz
950425,0425,UCHINOMI,内海,GSI,34.4723740,134.3142079,44.0104,-3677262.7873,3766362.2527,3589790.8284,ITRF2020,GRS80,Bernese,IGS,F5.1(GPS),00,2020-01,2020/01/01 12:00:00,2020/12/31 12:00:00,366,2020-01-01,366,950425.20.pos.gz
950426,0426,KAGAWAOOKAWA,香川大川,GSI,34.2545779,134.2419829,141.3426,-3682082.6032,3780821.8029,3569902.1311,ITRF2020,GRS80,Bernese,IGS,F5.1(GPS),00,2020-01,2020/01/01 12:00:00,2020/12/31 12:00:00,366,2020-01-01,366,950426.20.pos.gz
950427,0427,KAGAWAMINO,三野,GSI,34.2173939,133.7150676,52.3280,-3648710.2626,3816147.4776,3566442.0048,ITRF2020,GRS80,Bernese,IGS,F5.1(GPS),00,2020-01,2020/01/01 12:00:00,2020/12/31 12:00:00,366,2020-01-01,366,950427.20.pos.gz
950428,0428,TOYOHAMA,豊浜,GSI,34.0680748,133.6475199,59.1424,-3650629.1361,3827177.2790,3552737.2928,ITRF2020,GRS80,Bernese,IGS,F5.1(GPS),00,2020-01,2020/01/01 12:00:00,2020/12/31 12:00:00,366,2020-01-01,366,950428.20.pos.gz
950429,0429,KOTONAMI,琴南,GSI,34.1641679,133.9255069,221.3416,-3665100.4767,3805210.9631,3561653.1428,ITRF2020,GRS80,Bernese,IGS,F5.1(GPS),00,2020-01,2020/01/01 12:00:00,2020/12/31 12:00:00,366,2020-01-01,366,950429.20.pos.gz
950431,0431,IYOMISHIMA,伊予三島,GSI,33.9386609,133.5382369,760.7243,-3649253.6324,3840374.8386,3541228.6050,ITRF2020,GRS80,Bernese,IGS,F5.1(GPS),00,2020-01,2020/01/01 12:00:00,2020/12/31 12:00:00,366,2020-01-01,366,950431.20.pos.gz
950433,0433,EHIMEKAWAUCHI,愛媛川内,GSI,33.7964965,132.9116449,172.2887,-3612688.5333,3886131.6818,3527806.3894,ITRF2020,GRS80,Bernese,IGS,F5.1(GPS),00,2020-01,2020/01/01 12:00:00,2020/12/31 12:00:00,366,2020-01-01,366,950433.20.pos.gz
950434,0434,IYO,伊予,GSI,33.7225971,132.6839708,89.2348,-3600259.2244,3903754.2939,3520945.4813,ITRF2020,GRS80,Bernese,IGS,F5.1(GPS),00,2020-01,2020/01/01 12:00:00,2020/12/31 12:00:00,366,2020-01-01,366,950434.20.pos.gz
950435,0435,MIKAWA,美川,GSI,33.5692237,132.9378815,1545.3542,-3624770.8143,3895549.7672,3507588.6979,ITRF2020,GRS80,Bernese,IGS,F5.1(GPS),00,2020-01,2020/01/01 12:00:00,2020/12/31 12:00:00,366,2020-01-01,301,950435.20.pos.gz
950436,0436,HIJIKAWA,肱川,GSI,33.4467640,132.6934122,239.2663,-3612462.9965,3915691.9031,3495540.9189,ITRF2020,GRS80,Bernese,IGS,F5.1(GPS),00,2020-01,2020/01/01 12:00:00,2020/12/31 12:00:00,366,2020-01-01,366,950436.20.pos.gz
950437,0437,MISHOU,御荘,GSI,32.9639044,132.5618235,49.2792,-3623190.2747,3945462.8694,3450627.4465,ITRF2020,GRS80,Bernese,IGS,F5.1(GPS),00,2020-01,2020/01/01 12:00:00,2020/12/31 12:00:00,366,2020-01-01,366,950437.20.pos.gz
950439,0439,KAHOKU,香北,GSI,33.6541536,133.8050264,206.6812,-3678928.9959,3835678.0537,3514693.8199,ITRF2020,GRS80,Bernese,IGS,F5.1(GPS),00,2020-01,2020/01/01 12:00:00,2020/12/31 12:00:00,366,2020-01-01,366,950439.20.pos.gz
950440,0440,UMAJI,馬路,GSI,33.6037876,134.1069060,500.8346,-3701411.1071,3818638.8639,3510205.0160,ITRF2020,GRS80,Bernese,IGS,F5.1(GPS),00,2020-01,2020/01/01 12:00:00,2020/12/31 12:00:00,366,2020-01-01,366,950440.20.pos.gz
950441,0441,TOUYOU,東洋,GSI,33.5277605,134.2808021,49.2848,-3715976.3830,3810455.9121,3502928.6508,ITRF2020,GRS80,Bernese,IGS,F5.1(GPS),00,2020-01,2020/01/01 12:00:00,2020/12/31 12:00:00,366,2020-01-01,366,950441.20.pos.gz
950442,0442,KOUCHIAKI,安芸,GSI,33.5057360,133.9036471,49.6675,-3691748.9653,3835806.0746,3500892.2028,ITRF2020,GRS80,Bernese,IGS,F5.1(GPS),00,2020-01,2020/01/01 12:00:00,2020/12/31 12:00:00,366,2020-01-01,366,950442.20.pos.gz
950443,0443,SAKAWA,佐川,GSI,33.4684019,133.2809145,149.0436,-3651464.5653,3877426.9952,3497493.4723,ITRF2020,GRS80,Bernese,IGS,F5.1(GPS),00,2020-01,2020/01/01 12:00:00,2020/12/31 12:00:00,366,2020-01-01,366,950443.20.pos.gz
950444,0444,KOUCHITANO,高知田野,GSI,33.4277967,134.0071331,45.6837,-3701980.6540,3832558.2201,3493678.6886,ITRF2020,GRS80,Bernese,IGS,F5.1(GPS),00,2020-01,2020/01/01 12:00:00,2020/12/31 12:00:00,366,2020-01-01,366,950444.20.pos.gz
950445,0445,SUSAKI,須崎,GSI,33.4077047,133.4029838,179.5101,-3662283.6695,3872352.4237,3491892.3342,ITRF2020,GRS80,Bernese,IGS,F5.1(GPS),00,2020-01,2020/01/01 12:00:00,2020/12/31 12:00:00,366,2020-01-01,366,950445.20.pos.gz
950447,0447,NISHITOSA,西土佐,GSI,33.1716449,132.7926916,111.5553,-3630553.8964,3921644.8641,3469969.4307,ITRF2020,GRS80,Bernese,IGS,F5.1(GPS),00,2020-01,2020/01/01 12:00:00,2020/12/31 12:00:00,366,2020-01-01,366,950447.20.pos.gz
950448,0448,OHGATA,大方,GSI,32.9912325,132.9992318,60.1190,-3652086.0323,3916488.0693,3453175.8503,ITRF2020,GRS80,Bernese,IGS,F5.1(GPS),00,2020-01,2020/01/01 12:00:00,2020/12/31 12:00:00,366,2020-01-01,366,950448.20.pos.gz
950449,0449,KOUCHIOOTSUKI,高知大月,GSI,32.8406076,132.7037271,116.7541,-3638026.8951,3941977.4437,3439183.3213,ITRF2020,GRS80,Bernese,IGS,F5.1(GPS),00,2020-01,2020/01/01 12:00:00,2020/12/31 12:00:00,366,2020-01-01,366,950449.20.pos.gz
950450,0450,MAEBARU,前原,GSI,33.5361416,130.2508243,78.0642,-3438679.2793,4061813.5111,3503719.4295,ITRF2020,GRS80,Bernese,IGS,F5.1(GPS),00,2020-01,2020/01/01 12:00:00,2020/12/31 12:00:00,366,2020-01-01,366,950450.20.pos.gz
950451,0451,CHIKUSHINO,筑紫野,GSI,33.5003782,130.5219622,87.6495,-3459290.6102,4047166.5468,3500417.6462,ITRF2020,GRS80,Bernese,IGS,F5.1(GPS),00,2020-01,2020/01/01 12:00:00,2020/12/31 12:00:00,366,2020-01-01,366,950451.20.pos.gz
950452,0452,KOISHIWARA,小石原,GSI,33.4654608,130.8287547,527.5029,-3482548.4419,4030480.0592,3497430.0428,ITRF2020,GRS80,Bernese,IGS,F5.1(GPS),00,2020-01,2020/01/01 12:00:00,2020/12/31 12:00:00,366,2020-01-01,366,950452.20.pos.gz
950453,0453,YAME,八女,GSI,33.2058743,130.5646477,69.7561,-3473973.6618,4058219.5453,3473123.6182,ITRF2020,GRS80,Bernese,IGS,F5.1(GPS),00,2020-01,2020/01/01 12:00:00,2020/12/31 12:00:00,366,2020-01-01,366,950453.20.pos.gz
950454,0454,SAGA,佐賀,GSI,33.2748506,130.2687214,42.8107,-3450242.0696,4072891.1391,3479507.2622,ITRF2020,GRS80,Bernese,IGS,F5.1(GPS),00,2020-01,2020/01/01 12:00:00,2020/12/31 12:00:00,366,2020-01-01,365,950454.20.pos.gz
950455,0455,SAGAKASHIMA,佐賀鹿島,GSI,33.0984742,130.0941718,52.5595,-3444719.4884,4091580.5502,3463141.6131,ITRF2020,GRS80,Bernese,IGS,F5.1(GPS),00,2020-01,2020/01/01 12:00:00,2020/12/31 12:00:00,366,2020-01-01,366,950455.20.pos.gz
950456,0456,KAMITSUSHIMA,上対馬,GSI,34.6555506,129.4820650,67.8408,-3339608.7298,4053854.0990,3606538.0882,ITRF2020,GRS80,Bernese,IGS,F5.1(GPS),00,2020-01,2020/01/01 12:00:00,2020/12/31 12:00:00,366,2020-01-01,366,950456.20.pos.gz
950457,0457,MITSUSHIMA,美津島,GSI,34.2682048,129.3115058,43.3848,-3342917.5539,4082574.1938,3571096.3043,ITRF2020,GRS80,Bernese,IGS,F5.1(GPS),00,2020-01,2020/01/01 12:00:00,2020/12/31 12:00:00,366,2020-01-01,366,950457.20.pos.gz
950458,0458,ISHIDA,石田,GSI,33.7426546,129.7347282,127.9154,-3393868.4245,4082896.3492,3522817.1624,ITRF2020,GRS80,Bernese,IGS,F5.1(GPS),00,2020-01,2020/01/01 12:00:00,2020/12/31 12:00:00,366,2020-01-01,366,950458.20.pos.gz
950459,0459,HIRADO,平戸,GSI,33.3622019,129.5370172,172.3211,-3394629.8894,4112598.9335,3487674.2360,ITRF2020,GRS80,Bernese,IGS,F5.1(GPS),00,2020-01,2020/01/01 12:00:00,2020/12/31 12:00:00,366,2020-01-01,366,950459.20.pos.gz
950460,0460,SAIKAI,西海,GSI,33.0631006,129.6906612,111.4655,-3417218.0689,4117424.3945,3459886.5104,ITRF2020,GRS80,Bernese,IGS,F5.1(GPS),00,2020-01,2020/01/01 12:00:00,2020/12/31 12:00:00,366,2020-01-01,366,950460.20.pos.gz
950461,0461,NAGASAKIKUNIMI,長崎国見,GSI,32.8706856,130.2713354,43.2798,-3466239.8411,4091397.4644,3441945.6170,ITRF2020,GRS80,Bernese,IGS,F5.1(GPS),00,2020-01,2020/01/01 12:00:00,2020/12/31 12:00:00,366,2020-01-01,366,950461.20.pos.gz
950462,0462,FUKUE,福江,GSI,32.6693835,128.8431196,150.7955,-3370822.5115,4186002.6760,3423232.0056,ITRF2020,GRS80,Bernese,IGS,F5.1(GPS),00,2020-01,2020/01/01 12:00:00,2020/12/31 12:00:00,366,2020-01-01,366,950462.20.pos.gz
950463,0463,KAZUSA,加津佐,GSI,32.6369134,130.1546094,71.1406,-3466957.5798,4109189.0572,3420157.2046,ITRF2020,GRS80,Bernese,IGS,F5.1(GPS),00,2020-01,2020/01/01 12:00:00,2020/12/31 12:00:00,366,2020-01-01,366,950463.20.pos.gz
950464,0464,TAMANA,玉名,GSI,32.9334954,130.5477277,51.4344,-3483480.7744,4071758.9055,3447798.5648,ITRF2020,GRS80,Bernese,IGS,F5.1(GPS),00,2020-01,2020/01/01 12:00:00,2020/12/31 12:00:00,366,2020-01-01,366,950464.20.pos.gz
950465,0465,KUMAMOTO,熊本,GSI,32.8421019,130.7648049,92.0643,-3502498.4309,4062726.1597,3439309.1701,ITRF2020,GRS80,Bernese,IGS,F5.1(GPS),00,2020-01,2020/01/01 12:00:00,2020/12/31 12:00:00,366,2020-01-01,366,950465.20.pos.gz
950466,0466,SEIWA,清和,GSI,32.7406470,131.0993046,725.2676,-3530513.1684,4047202.3912,3430193.0041,ITRF2020,GRS80,Bernese,IGS,F5.1(GPS),00,2020-01,2020/01/01 12:00:00,2020/12/31 12:00:00,366,2020-01-01,366,950466.20.pos.gz
950467,0467,AMAKUSA,天草,GSI,32.3262399,129.9873007,66.6057,-3466830.8813,4133468.3986,3391091.8329,ITRF2020,GRS80,Bernese,IGS,F5.1(GPS),00,2020-01,2020/01/01 12:00:00,2020/12/31 12:00:00,366,2020-01-01,366,950467.20.pos.gz
950468,0468,ASHIKITA,芦北,GSI,32.2991550,130.5068346,42.8146,-3505198.1681,4103068.5680,3388540.7028,ITRF2020,GRS80,Bernese,IGS,F5.1(GPS),00,2020-01,2020/01/01 12:00:00,2020/12/31 12:00:00,366,2020-01-01,366,950468.20.pos.gz
950469,0469,KUMAMOTOSAGARA,熊本相良,GSI,32.2386711,130.8026253,193.5313,-3528756.8281,4087725.4514,3382949.8144,ITRF2020,GRS80,Bernese,IGS,F5.1(GPS),00,2020-01,2020/01/01 12:00:00,2020/12/31 12:00:00,366,2020-01-01,366,950469.20.pos.gz
950470,0470,OOITAKUNIMI,大分国見,GSI,33.6711933,131.5641680,39.8097,-3525351.9625,3975704.6301,3516174.4160,ITRF2020,GRS80,Bernese,IGS,F5.1(GPS),00,2020-01,2020/01/01 12:00:00,2020/12/31 12:00:00,366,2020-01-01,366,950470.20.pos.gz
950471,0471,HONYABAKEI,本耶馬渓,GSI,33.4962335,131.1689349,129.0892,-3504958.6785,4008064.7406,3500057.1640,ITRF2020,GRS80,Bernese,IGS,F5.1(GPS),00,2020-01,2020/01/01 12:00:00,2020/12/31 12:00:00,366,2020-01-01,366,950471.20.pos.gz
950472,0472,YUFUIN,湯布院,GSI,33.2540422,131.3472803,487.7454,-3527378.0547,4008454.2507,3477821.5373,ITRF2020,GRS80,Bernese,IGS,F5.1(GPS),00,2020-01,2020/01/01 12:00:00,2020/12/31 12:00:00,366,2020-01-01,365,950472.20.pos.gz
950473,0473,SAGANOSEKI,佐賀関,GSI,33.2394349,131.7980666,54.4062,-3559156.3629,3980970.1083,3476229.0031,ITRF2020,GRS80,Bernese,IGS,F5.1(GPS),00,2020-01,2020/01/01 12:00:00,2020/12/31 12:00:00,366,2020-01-01,366,950473.20.pos.gz
950474,0474,KUJUU,久住,GSI,33.0090263,131.2860864,579.8041,-3532946.3639,4023438.5441,3455114.0134,ITRF2020,GRS80,Bernese,IGS,F5.1(GPS),00,2020-01,2020/01/01 12:00:00,2020/12/31 12:00:00,366,2020-01-01,366,950474.20.pos.gz
950475,0475,OOITAMIE,大分三重,GSI,32.9868568,131.5878443,200.5072,-3554765.0928,4005539.6119,3452845.2361,ITRF2020,GRS80,Bernese,IGS,F5.1(GPS),00,2020-01,2020/01/01 12:00:00,2020/12/31 12:00:00,366,2020-01-01,366,950475.20.pos.gz
950476,0476,KITAGAWA,北川,GSI,32.7040161,131.7568425,580.3644,-3578107.5898,4007967.2674,3426696.6693,ITRF2020,GRS80,Bernese,IGS,F5.1(GPS),00,2020-01,2020/01/01 12:00:00,2020/12/31 12:00:00,366,2020-01-01,366,950476.20.pos.gz
950477,0477,HINOKAGE,日之影,GSI,32.6848325,131.3276164,346.4828,-3548611.0866,4035374.8297,3424779.8259,ITRF2020,GRS80,Bernese,IGS,F5.1(GPS),00,2020-01,2020/01/01 12:00:00,2020/12/31 12:00:00,366,2020-01-01,366,950477.20.pos.gz
950478,0478,SHIIBA,椎葉,GSI,32.4566384,131.1488687,617.8850,-3545120.0493,4056857.2400,3403598.2563,ITRF2020,GRS80,Bernese,IGS,F5.1(GPS),00,2020-01,2020/01/01 12:00:00,2020/12/31 12:00:00,366,2020-01-01,366,950478.20.pos.gz
950479,0479,NISHIMERA,西米良,GSI,32.2458542,131.1852266,943.0715,-3556111.9641,4064227.9437,3384023.4690,ITRF2020,GRS80,Bernese,IGS,F5.1(GPS),00,2020-01,2020/01/01 12:00:00,2020/12/31 12:00:00,366,2020-01-01,366,950479.20.pos.gz
950480,0480,KAWAMINAMI,川南,GSI,32.1704318,131.5158484,97.1095,-3581985.5452,4046442.2444,3376495.3911,ITRF2020,GRS80,Bernese,IGS,F5.1(GPS),00,2020-01,2020/01/01 12:00:00,2020/12/31 12:00:00,366,2020-01-01,366,950480.20.pos.gz
950481,0481,NOJIRI,野尻,GSI,31.9650469,131.0785715,215.8583,-3559011.0147,4082852.3932,3357258.1977,ITRF2020,GRS80,Bernese,IGS,F5.1(GPS),00,2020-01,2020/01/01 12:00:00,2020/12/31 12:00:00,366,2020-01-01,366,950481.20.pos.gz
950482,0482,MIYAKONOJOU,都城,GSI,31.7403127,131.0215173,201.3857,-3563567.3343,4096307.3125,3336083.0784,ITRF2020,GRS80,Bernese,IGS,F5.1(GPS),00,2020-01,2020/01/01 12:00:00,2020/12/31 12:00:00,366,2020-01-01,364,950482.20.pos.gz
950483,0483,KITAGOU,北郷,GSI,31.6765445,131.3688707,83.8748,-3590725.5405,4077342.2312,3330005.8663,ITRF2020,GRS80,Bernese,IGS,F5.1(GPS),00,2020-01,2020/01/01 12:00:00,2020/12/31 12:00:00,366,2020-01-01,366,950483.20.pos.gz
950484,0484,KUSHIMA1,串間１,GSI,31.4693742,131.2173939,60.1464,-3587845.1527,4095852.9445,3310422.6165,ITRF2020,GRS80,Bernese,IGS,F5.1(GPS),00,2020-01,2020/01/01 12:00:00,2020/12/31 12:00:00,366,2020-01-01,366,950484.20.pos.gz
950485,0485,KAGOSHIMAOOKUCHI,鹿児島大口,GSI,32.0574998,130.5978176,215.6735,-3521091.3897,4108444.5081,3365951.3633,ITRF2020,GRS80,Bernese,IGS,F5.1(GPS),00,2020-01,2020/01/01 12:00:00,2020/12/31 12:00:00,366,2020-01-01,366,950485.20.pos.gz
950486,0486,MAKIZONO,牧園,GSI,31.8555259,130.7596762,254.5673,-3540444.4973,4107485.1342,3346969.2914,ITRF2020,GRS80,Bernese,IGS,F5.1(GPS),00,2020-01,2020/01/01 12:00:00,2020/12/31 12:00:00,366,2020-01-01,366,950486.20.pos.gz
950487,0487,KAGOSHIMAKASHIMA,鹿児島鹿島,GSI,31.7686816,129.7954448,51.4727,-3473960.0639,4170250.5017,3338678.9844,ITRF2020,GRS80,Bernese,IGS,F5.1(GPS),00,2020-01,2020/01/01 12:00:00,2020/12/31 12:00:00,366,2020-01-01,366,950487.20.pos.gz
950488,0488,KUSHIKINO,串木野,GSI,31.7173767,130.2781495,62.2955,-3510910.7365,4143125.8799,3333846.7818,ITRF2020,GRS80,Bernese,IGS,F5.1(GPS),00,2020-01,2020/01/01 12:00:00,2020/12/31 12:00:00,366,2020-01-01,366,950488.20.pos.gz
950489,0489,KAGOSIMAFUKUYAMA,鹿児島福山,GSI,31.6173734,130.8360701,451.3026,-3555110.7297,4113397.2991,3324613.1182,ITRF2020,GRS80,Bernese,IGS,F5.1(GPS),00,2020-01,2020/01/01 12:00:00,2020/12/31 12:00:00,366,2020-01-01,366,950489.20.pos.gz
950490,0490,IBUSUKI,指宿,GSI,31.2352223,130.6403614,46.6702,-3555204.4371,4142019.5088,3288244.5326,ITRF2020,GRS80,Bernese,IGS,F5.1(GPS),00,2020-01,2020/01/01 12:00:00,2020/12/31 12:00:00,366,2020-01-01,365,950490.20.pos.gz
950491,0491,SATA,佐多,GSI,31.1062029,130.7230623,368.0766,-3566189.2807,4142703.4528,3276170.9835,ITRF2020,GRS80,Bernese,IGS,F5.1(GPS),00,2020-01,2020/01/01 12:00:00,2020/12/31 12:00:00,366,2020-01-01,366,950491.20.pos.gz
950492,0492,NAKATANE,中種子,GSI,30.5308649,130.9642229,129.5608,-3604884.6851,4152179.0445,3221268.1494,ITRF2020,GRS80,Bernese,IGS,F5.1(GPS),00,2020-01,2020/01/01 12:00:00,2020/12/31 12:00:00,366,2020-01-01,366,950492.20.pos.gz
950493,0493,KAMIYAKU1,上屋久１,GSI,30.3817196,130.6383789,177.4541,-3586698.2231,4179004.1570,3207039.2769,ITRF2020,GRS80,Bernese,IGS,F5.1(GPS),00,2020-01,2020/01/01 12:00:00,2020/12/31 12:00:00,366,2020-01-01,366,950493.20.pos.gz
950494,0494,NAZE,名瀬,GSI,28.3990851,129.4890272,199.3132,-3570746.6833,4333352.6816,3015578.1654,ITRF2020,GRS80,Bernese,IGS,F5.1(GPS),00,2020-01,2020/01/01 12:00:00,2020/12/29 12:00:00,364,2020-01-01,363,950494.20.pos.gz
950495,0495,YORON,与論,GSI,27.0321802,128.4323302,119.8376,-3533970.6352,4453596.5155,2881446.6362,ITRF2020,GRS80,Bernese,IGS,F5.1(GPS),00,2020-01,2020/01/01 12:00:00,2020/12/31 12:00:00,366,2020-01-01,366,950495.20.pos.gz
950496,0496,MOTOBU,本部,GSI,26.6948069,127.8984521,71.4057,-3502668.9001,4499627.1095,2848076.8641,ITRF2020,GRS80,Bernese,IGS,F5.1(GPS),00,2020-01,2020/01/01 12:00:00,2020/12/31 12:00:00,366,2020-01-01,366,950496.20.pos.gz
950497,0497,MINAMIDAITOU,南大東,GSI,25.8312142,131.2277967,54.7772,-3785967.2268,4320444.5036,2762267.0178,ITRF2020,GRS80,Bernese,IGS,F5.1(GPS),00,2020-01,2020/01/01 12:00:00,2020/12/31 12:00:00,366,2020-01-01,366,950497.20.pos.gz
950498,0498,GUSUKUBE,城辺,GSI,24.7531151,125.3738008,126.9846,-3355140.9047,4725716.7403,2654317.3798,ITRF2020,GRS80,Bernese,IGS,F5.1(GPS),00,2020-01,2020/01/01 12:00:00,2020/12/31 12:00:00,366,2020-01-01,366,950498.20.pos.gz
950500,0500,IRIOMOTEJIMA,西表島,GSI,24.4262659,123.7920397,40.5522,-3231751.7434,4828984.3100,2621360.2831,ITRF2020,GRS80,Bernese,IGS,F5.1(GPS),00,2020-01,2020/01/01 12:00:00,2020/12/31 12:00:00,366,2020-01-01,366,950500.20.pos.gz
95105,5105,HATSUSHIMA,初島,GSI,35.0406282,139.1710361,77.5337,-3955769.9037,3418020.1396,3641602.7017,ITRF2020,GRS80,Bernese,IGS,F5.1(GPS),00,2020-01,2020/01/01 12:00:00,2020/12/31 12:00:00,366,2020-01-01,366,95105.20.pos.gz
95113,5113,HACHIJOU,八丈,GSI,33.1199514,139.7972430,112.1558,-4084089.2520,3451659.8855,3465169.3920,ITRF2020,GRS80,Bernese,IGS,F5.1(GPS),00,2020-01,2020/01/01 12:00:00,2020/12/31 12:00:00,366,2020-01-01,366,95113.20.pos.gz
960501,0501,RISHIRI,利尻,GSI,45.1377104,141.1670988,56.3225,-3510694.9584,2825991.9331,4498197.0059,ITRF2020,GRS80,Bernese,IGS,F5.1(GPS),00,2020-01,2020/01/01 12:00:00,2020/12/31 12:00:00,366,2020-01-01,366,960501.20.pos.gz
960502,0502,OUMU,雄武,GSI,44.5820417,142.9644624,45.9693,-3632368.9489,2740720.2886,4454418.3729,ITRF2020,GRS80,Bernese,IGS,F5.1(GPS),00,2020-01,2020/01/01 12:00:00,2020/12/31 12:00:00,366,2020-01-01,366,960502.20.pos.gz
960503,0503,YUUBETSU,湧別,GSI,44.2197218,143.6156700,39.7167,-3685958.5452,2715967.2868,4425648.8893,ITRF2020,GRS80,Bernese,IGS,F5.1(GPS),00,2020-01,2020/01/01 12:00:00,2020/12/31 12:00:00,366,2020-01-01,365,960503.20.pos.gz
960504,0504,TAKINOUE,滝上,GSI,44.1919419,143.0768192,169.2205,-3662047.8252,2751860.8039,4423526.4124,ITRF2020,GRS80,Bernese,IGS,F5.1(GPS),00,2020-01,2020/01/01 12:00:00,2020/12/31 12:00:00,366,2020-01-01,366,960504.20.pos.gz
960505,0505,ABASHIRI,網走,GSI,43.9887887,144.2933012,71.7238,-3732341.5999,2682621.2530,4407245.2496,ITRF2020,GRS80,Bernese,IGS,F5.1(GPS),00,2020-01,2020/01/01 12:00:00,2020/12/31 12:00:00,366,2020-01-01,366,960505.20.pos.gz
960506,0506,AIBETSU,愛別,GSI,43.9084044,142.5777156,250.3705,-3655380.9880,2797003.2289,4400938.6543,ITRF2020,GRS80,Bernese,IGS,F5.1(GPS),00,2020-01,2020/01/01 12:00:00,2020/12/31 12:00:00,366,2020-01-01,366,960506.20.pos.gz
960507,0507,BIHORO,美幌,GSI,43.8280781,144.1152543,50.5428,-3734008.3168,2701456.4678,4394365.6537,ITRF2020,GRS80,Bernese,IGS,F5.1(GPS),00,2020-01,2020/01/01 12:00:00,2020/12/31 12:00:00,366,2020-01-01,365,960507.20.pos.gz
960508,0508,ASAHIKAWA,旭川,GSI,43.7385223,142.4096103,176.1515,-3657473.4038,2815656.5241,4387268.6510,ITRF2020,GRS80,Bernese,IGS,F5.1(GPS),00,2020-01,2020/01/01 12:00:00,2020/12/31 12:00:00,366,2020-01-01,365,960508.20.pos.gz
960509,0509,HOKURYUU,北竜,GSI,43.7408388,141.8738482,96.7105,-3630800.0717,2849587.9785,4387399.6858,ITRF2020,GRS80,Bernese,IGS,F5.1(GPS),00,2020-01,2020/01/01 12:00:00,2020/12/31 12:00:00,366,2020-01-01,366,960509.20.pos.gz
960510,0510,KAMIKAWA,上川,GSI,43.7714131,142.9030197,527.2321,-3679771.1794,2782684.2303,4390151.1962,ITRF2020,GRS80,Bernese,IGS,F5.1(GPS),00,2020-01,2020/01/01 12:00:00,2020/12/31 12:00:00,366,2020-01-01,359,960510.20.pos.gz
960511,0511,OKETO,置戸,GSI,43.6705015,143.5781552,266.1717,-3718388.2983,2743621.1877,4381867.2085,ITRF2020,GRS80,Bernese,IGS,F5.1(GPS),00,2020-01,2020/01/01 12:00:00,2020/12/31 12:00:00,366,2020-01-01,366,960511.20.pos.gz
960512,0512,NEMURO3,根室３,GSI,43.2321056,145.2589484,73.5442,-3824673.7415,2652385.8743,4346374.9838,ITRF2020,GRS80,Bernese,IGS,F5.1(GPS),00,2020-01,2020/01/01 12:00:00,2020/12/31 12:00:00,366,2020-01-01,355,960512.20.pos.gz
960513,0513,AKAN2,阿寒２,GSI,43.4388364,144.0796199,467.9360,-3756740.1397,2721463.3353,4363351.8127,ITRF2020,GRS80,Bernese,IGS,F5.1(GPS),00,2020-01,2020/01/01 12:00:00,2020/12/31 12:00:00,366,2020-01-01,365,960513.20.pos.gz
960514,0514,FURANO,富良野,GSI,43.3362637,142.3953477,210.8389,-3681182.3111,2835368.2184,4354893.1184,ITRF2020,GRS80,Bernese,IGS,F5.1(GPS),00,2020-01,2020/01/01 12:00:00,2020/12/31 12:00:00,366,2020-01-01,365,960514.20.pos.gz
960515,0515,SHIBECHA,標茶,GSI,43.3070097,144.5976586,70.5968,-3789155.5669,2693045.7526,4352432.3599,ITRF2020,GRS80,Bernese,IGS,F5.1(GPS),00,2020-01,2020/01/01 12:00:00,2020/12/31 12:00:00,366,2020-01-01,366,960515.20.pos.gz
960516,0516,MIKASA,三笠,GSI,43.2484096,141.8909332,77.9218,-3661268.5227,2871736.9300,4347697.5288,ITRF2020,GRS80,Bernese,IGS,F5.1(GPS),00,2020-01,2020/01/01 12:00:00,2020/12/31 12:00:00,366,2020-01-01,365,960516.20.pos.gz
960517,0517,OTARU2,小樽２,GSI,43.2095068,140.8606189,41.1812,-3611313.9276,2938959.0177,4344523.2349,ITRF2020,GRS80,Bernese,IGS,F5.1(GPS),00,2020-01,2020/01/01 12:00:00,2020/12/31 12:00:00,366,2020-01-01,366,960517.20.pos.gz
960518,0518,SHINTOKU,新得,GSI,43.1655272,142.8097295,442.0455,-3712080.7267,2816629.2224,4341234.9942,ITRF2020,GRS80,Bernese,IGS,F5.1(GPS),00,2020-01,2020/01/01 12:00:00,2020/12/31 12:00:00,366,2020-01-01,366,960518.20.pos.gz
960519,0519,NEMURO4,根室４,GSI,43.1951656,145.5204939,83.2813,-3839063.8150,2636494.1524,4343390.6505,ITRF2020,GRS80,Bernese,IGS,F5.1(GPS),00,2020-01,2020/01/01 12:00:00,2020/12/31 12:00:00,366,2020-01-01,366,960519.20.pos.gz
960520,0520,EBETSU,江別,GSI,43.0775869,141.5401174,54.6371,-3653769.1015,2902164.5126,4333838.9263,ITRF2020,GRS80,Bernese,IGS,F5.1(GPS),00,2020-01,2020/01/01 12:00:00,2020/12/31 12:00:00,366,2020-01-01,353,960520.20.pos.gz
960521,0521,OBIHIRO,帯広,GSI,42.9388601,143.1705660,74.0561,-3743290.4084,2803339.3685,4322582.2672,ITRF2020,GRS80,Bernese,IGS,F5.1(GPS),00,2020-01,2020/01/01 12:00:00,2020/12/31 12:00:00,366,2020-01-01,365,960521.20.pos.gz
960522,0522,ENIWA,恵庭,GSI,42.8844294,141.5774182,67.2090,-3667126.3415,2908882.5195,4318148.8776,ITRF2020,GRS80,Bernese,IGS,F5.1(GPS),00,2020-01,2020/01/01 12:00:00,2020/12/31 12:00:00,366,2020-01-01,365,960522.20.pos.gz
960523,0523,CHITOSE,千歳,GSI,42.7731877,141.4070950,329.2122,-3665179.4590,2925131.3054,4309263.6616,ITRF2020,GRS80,Bernese,IGS,F5.1(GPS),00,2020-01,2020/01/01 12:00:00,2020/12/31 12:00:00,366,2020-01-01,366,960523.20.pos.gz
960525,0525,ABUTA,虻田,GSI,42.5513772,140.7676252,59.5588,-3645085.7374,2976290.6280,4290961.0371,ITRF2020,GRS80,Bernese,IGS,F5.1(GPS),00,2020-01,2020/01/01 12:00:00,2020/12/31 12:00:00,366,2020-01-01,366,960525.20.pos.gz
960526,0526,DATE,伊達,GSI,42.4738994,140.8763743,56.3595,-3655238.3311,2973035.1138,4284614.7341,ITRF2020,GRS80,Bernese,IGS,F5.1(GPS),00,2020-01,2020/01/01 12:00:00,2020/12/31 12:00:00,366,2020-01-01,366,960526.20.pos.gz
960527,0527,OKUSHIRI2,奥尻２,GSI,42.0605017,139.4461535,59.4274,-3603362.3850,3083423.6044,4250635.3229,ITRF2020,GRS80,Bernese,IGS,F5.1(GPS),00,2020-01,2020/01/01 12:00:00,2020/12/31 12:00:00,366,2020-01-01,366,960527.20.pos.gz
960528,0528,SAWARA,砂原,GSI,42.1231404,140.6668708,45.7757,-3664618.3951,3002995.5419,4255789.2532,ITRF2020,GRS80,Bernese,IGS,F5.1(GPS),00,2020-01,2020/01/01 12:00:00,2020/12/31 12:00:00,366,2020-01-01,296,960528.20.pos.gz
960529,0529,NANAE,七飯,GSI,41.9766836,140.7154394,203.8611,-3675687.0509,3006861.3203,4243815.2208,ITRF2020,GRS80,Bernese,IGS,F5.1(GPS),00,2020-01,2020/01/01 12:00:00,2020/12/31 12:00:00,366,2020-01-01,366,960529.20.pos.gz
960530,0530,KAMINOKUNI,上ノ国,GSI,41.8030238,140.0712337,74.3990,-3651450.2412,3056202.5417,4229369.4603,ITRF2020,GRS80,Bernese,IGS,F5.1(GPS),00,2020-01,2020/01/01 12:00:00,2020/12/31 12:00:00,366,2020-01-01,366,960530.20.pos.gz
960531,0531,KUSHIROCHOU,釧路町,GSI,42.9825715,144.7191456,52.9122,-3814967.9887,2699234.4977,4326121.5988,ITRF2020,GRS80,Bernese,IGS,F5.1(GPS),00,2020-01,2020/01/01 12:00:00,2020/12/31 12:00:00,366,2020-01-01,366,960531.20.pos.gz
960532,0532,ERIMO2,えりも２,GSI,42.1255868,143.3156944,30.1169,-3799328.5803,2830313.6631,4255980.2950,ITRF2020,GRS80,Bernese,IGS,F5.1(GPS),00,2020-01,2020/01/01 12:00:00,2020/12/31 12:00:00,366,2020-01-01,366,960532.20.pos.gz
960533,0533,HIGASHIDOORI,東通,GSI,41.4047021,141.4475909,66.5070,-3746773.0419,2985917.5992,4196283.4353,ITRF2020,GRS80,Bernese,IGS,F5.1(GPS),00,2020-01,2020/01/01 12:00:00,2020/12/31 12:00:00,366,2020-01-01,362,960533.20.pos.gz
960534,0534,IMABETSU,今別,GSI,41.1850732,140.4907730,45.1454,-3708796.1784,3058298.9090,4177942.9977,ITRF2020,GRS80,Bernese,IGS,F5.1(GPS),00,2020-01,2020/01/01 12:00:00,2020/12/31 12:00:00,366,2020-01-01,366,960534.20.pos.gz
960535,0535,WAKINOSAWA,脇野沢,GSI,41.1455406,140.8219909,57.3600,-3728661.0129,3038639.4202,4174645.8734,ITRF2020,GRS80,Bernese,IGS,F5.1(GPS),00,2020-01,2020/01/01 12:00:00,2020/12/31 12:00:00,366,2020-01-01,366,960535.20.pos.gz
960537,0537,NOHEJI,野辺地,GSI,40.8623536,141.1318141,69.8359,-3761110.6512,3031387.1389,4150920.3717,ITRF2020,GRS80,Bernese,IGS,F5.1(GPS),00,2020-01,2020/01/01 12:00:00,2020/12/31 12:00:00,366,2020-01-01,366,960537.20.pos.gz
960538,0538,NAMIOKA,浪岡,GSI,40.7062681,140.5892343,67.2797,-3740982.1714,3074054.7693,4137794.2796,ITRF2020,GRS80,Bernese,IGS,F5.1(GPS),00,2020-01,2020/01/01 12:00:00,2020/12/31 12:00:00,366,2020-01-01,366,960538.20.pos.gz
960539,0539,MISAWA,三沢,GSI,40.6763899,141.3762185,87.3293,-3784553.4735,3023742.0818,4135291.5650,ITRF2020,GRS80,Bernese,IGS,F5.1(GPS),00,2020-01,2020/01/01 12:00:00,2020/12/31 12:00:00,366,2020-01-01,366,960539.20.pos.gz
960540,0540,HIROSAKI,弘前,GSI,40.6243376,140.4785384,66.8492,-3739609.2257,3085049.3142,4130892.7001,ITRF2020,GRS80,Bernese,IGS,F5.1(GPS),00,2020-01,2020/01/01 12:00:00,2020/12/31 12:00:00,366,2020-01-01,365,960540.20.pos.gz
960541,0541,KUROISHI,黒石,GSI,40.6435581,140.8033575,743.8921,-3756359.6139,3063245.6261,4132953.4514,ITRF2020,GRS80,Bernese,IGS,F5.1(GPS),00,2020-01,2020/01/01 12:00:00,2020/12/31 12:00:00,366,2020-01-01,274,960541.20.pos.gz
960542,0542,KANAGI,金木,GSI,40.9101707,140.4515729,56.3423,-3722168.3857,3073606.3581,4154926.1253,ITRF2020,GRS80,Bernese,IGS,F5.1(GPS),00,2020-01,2020/01/01 12:00:00,2020/12/31 12:00:00,366,2020-01-01,365,960542.20.pos.gz
960543,0543,IWATEMATSUO,岩手松尾,GSI,39.9530654,141.0663515,317.9418,-3808705.1648,3076932.4904,4074196.2469,ITRF2020,GRS80,Bernese,IGS,F5.1(GPS),00,2020-01,2020/01/01 12:00:00,2020/12/31 12:00:00,366,2020-01-01,366,960543.20.pos.gz
960544,0544,YUDA,湯田,GSI,39.3512852,140.7692167,300.7303,-3825714.3399,3123600.6424,4022740.4047,ITRF2020,GRS80,Bernese,IGS,F5.1(GPS),00,2020-01,2020/01/01 12:00:00,2020/12/31 12:00:00,366,2020-01-01,365,960544.20.pos.gz
960547,0547,KAWAI,川井,GSI,39.5961071,141.6753240,279.6117,-3861062.7047,3051984.5251,4043709.5732,ITRF2020,GRS80,Bernese,IGS,F5.1(GPS),00,2020-01,2020/01/01 12:00:00,2020/12/31 12:00:00,366,2020-01-01,365,960547.20.pos.gz
960549,0549,YAMOTO,矢本,GSI,38.4250415,141.2129713,49.0698,-3899958.3053,3134193.5686,3942544.5859,ITRF2020,GRS80,Bernese,IGS,F5.1(GPS),00,2020-01,2020/01/01 12:00:00,2020/12/31 12:00:00,366,2020-01-01,366,960549.20.pos.gz
960550,0550,OSHIKA,牡鹿,GSI,38.3011669,141.5007592,115.9299,-3922371.6918,3119910.4682,3931804.2769,ITRF2020,GRS80,Bernese,IGS,F5.1(GPS),00,2020-01,2020/01/01 12:00:00,2020/12/31 12:00:00,366,2020-01-01,366,960550.20.pos.gz
960551,0551,OGA2,男鹿２,GSI,39.8911268,139.8489524,65.8838,-3745698.6176,3159879.0415,4068760.0590,ITRF2020,GRS80,Bernese,IGS,F5.1(GPS),00,2020-01,2020/01/01 12:00:00,2020/12/31 12:00:00,366,2020-01-01,366,960551.20.pos.gz
960552,0552,TENNOU,天王,GSI,39.8258000,140.0447428,56.6758,-3760032.6331,3150041.6529,4063186.2057,ITRF2020,GRS80,Bernese,IGS,F5.1(GPS),00,2020-01,2020/01/01 12:00:00,2020/12/31 12:00:00,366,2020-01-01,366,960552.20.pos.gz
960553,0553,TAZAWAKO,田沢湖,GSI,39.7026683,140.7328763,282.9605,-3804498.0976,3110301.8377,4052821.7513,ITRF2020,GRS80,Bernese,IGS,F5.1(GPS),00,2020-01,2020/01/01 12:00:00,2020/12/31 12:00:00,366,2020-01-01,366,960553.20.pos.gz
960554,0554,YUZAWA,湯沢,GSI,39.1990844,140.5067231,138.4569,-3819521.9452,3147818.2513,4009556.6732,ITRF2020,GRS80,Bernese,IGS,F5.1(GPS),00,2020-01,2020/01/01 12:00:00,2020/12/31 12:00:00,366,2020-01-01,366,960554.20.pos.gz
960555,0555,YUZA,遊佐,GSI,39.0159640,139.9275221,66.6116,-3797276.5288,3194487.5741,3993736.1023,ITRF2020,GRS80,Bernese,IGS,F5.1(GPS),00,2020-01,2020/01/01 12:00:00,2020/12/31 12:00:00,366,2020-01-01,366,960555.20.pos.gz
960556,0556,MURAYAMA,村山,GSI,38.4967611,140.3651896,130.2301,-3849393.1535,3188436.2364,3948829.0756,ITRF2020,GRS80,Bernese,IGS,F5.1(GPS),00,2020-01,2020/01/01 12:00:00,2020/12/31 12:00:00,366,2020-01-01,365,960556.20.pos.gz
960557,0557,KAMINOYAMA,上山,GSI,38.1480912,140.2711720,224.9930,-3862671.0573,3210135.7060,3918523.0203,ITRF2020,GRS80,Bernese,IGS,F5.1(GPS),00,2020-01,2020/01/01 12:00:00,2020/12/31 12:00:00,366,2020-01-01,366,960557.20.pos.gz
960559,0559,INAWASHIRO2,猪苗代２,GSI,37.6159508,140.2056813,773.9956,-3887200.5637,3238040.4578,3872238.3749,ITRF2020,GRS80,Bernese,IGS,F5.1(GPS),00,2020-01,2020/01/01 12:00:00,2020/12/31 12:00:00,366,2020-01-01,357,960559.20.pos.gz
960560,0560,NIHONMATSU,二本松,GSI,37.6207268,140.3729305,610.7678,-3896287.1678,3226390.8937,3872558.6692,ITRF2020,GRS80,Bernese,IGS,F5.1(GPS),00,2020-01,2020/01/01 12:00:00,2020/12/31 12:00:00,366,2020-01-01,366,960560.20.pos.gz
960561,0561,FUKUSIMAKOORIYA2,福島郡山２,GSI,37.4245056,140.1359027,564.2358,-3893060.5443,3250961.0968,3855256.2522,ITRF2020,GRS80,Bernese,IGS,F5.1(GPS),00,2020-01,2020/01/01 12:00:00,2020/12/31 12:00:00,366,2020-01-01,365,960561.20.pos.gz
960563,0563,TATEIWA,舘岩,GSI,37.0972480,139.5861787,799.6505,-3878577.4934,3302541.8145,3826489.1982,ITRF2020,GRS80,Bernese,IGS,F5.1(GPS),00,2020-01,2020/01/01 12:00:00,2020/12/31 12:00:00,366,2020-01-01,366,960563.20.pos.gz
960564,0564,KUROKAWA,黒川,GSI,38.0561802,139.4617080,114.5276,-3821653.1992,3268419.8905,3910426.5844,ITRF2020,GRS80,Bernese,IGS,F5.1(GPS),00,2020-01,2020/01/01 12:00:00,2020/12/31 12:00:00,366,2020-01-01,366,960564.20.pos.gz
960565,0565,KANAI,金井,GSI,38.0236853,138.3698967,60.5467,-3760310.6006,3342094.6469,3907552.6010,ITRF2020,GRS80,Bernese,IGS,F5.1(GPS),00,2020-01,2020/01/01 12:00:00,2020/12/31 12:00:00,366,2020-01-01,366,960565.20.pos.gz
960566,0566,IZUMOZAKI,出雲崎,GSI,37.5358305,138.7069541,82.6877,-3804843.6064,3341818.6468,3864768.6725,ITRF2020,GRS80,Bernese,IGS,F5.1(GPS),00,2020-01,2020/01/01 12:00:00,2020/12/31 12:00:00,366,2020-01-01,365,960566.20.pos.gz
960567,0567,KASHIWAZAKI2,柏崎２,GSI,37.3485385,138.5163822,55.6350,-3803158.6916,3362812.4999,3848248.0334,ITRF2020,GRS80,Bernese,IGS,F5.1(GPS),00,2020-01,2020/01/01 12:00:00,2020/12/31 12:00:00,366,2020-01-01,366,960567.20.pos.gz
960568,0568,SUMON,守門,GSI,37.3198697,139.0202675,222.3026,-3834142.1894,3330588.5365,3845819.1860,ITRF2020,GRS80,Bernese,IGS,F5.1(GPS),00,2020-01,2020/01/01 12:00:00,2020/12/31 12:00:00,366,2020-01-01,364,960568.20.pos.gz
960569,0569,ARAI,新井,GSI,37.0566807,138.2425972,73.3833,-3801666.5498,3393999.7006,3822459.1841,ITRF2020,GRS80,Bernese,IGS,F5.1(GPS),00,2020-01,2020/01/01 12:00:00,2020/12/31 12:00:00,366,2020-01-01,366,960569.20.pos.gz
960570,0570,ITOIGAWA2,糸魚川２,GSI,36.9508707,137.8938808,236.6022,-3786279.7452,3421900.8787,3813179.6399,ITRF2020,GRS80,Bernese,IGS,F5.1(GPS),00,2020-01,2020/01/01 12:00:00,2020/12/31 12:00:00,366,2020-01-01,366,960570.20.pos.gz
960571,0571,KOSUDO,小須戸,GSI,37.7520621,139.0739274,48.2426,-3815073.9422,3307760.6237,3883751.1353,ITRF2020,GRS80,Bernese,IGS,F5.1(GPS),00,2020-01,2020/01/01 12:00:00,2020/12/31 12:00:00,366,2020-01-01,365,960571.20.pos.gz
960572,0572,NAMERIKAWA,滑川,GSI,36.7369575,137.3695229,66.5703,-3765178.3382,3465957.0708,3794079.6171,ITRF2020,GRS80,Bernese,IGS,F5.1(GPS),00,2020-01,2020/01/01 12:00:00,2020/12/31 12:00:00,366,2020-01-01,366,960572.20.pos.gz
960573,0573,TONAMI,砺波,GSI,36.6495613,137.0319052,88.6402,-3748943.3198,3492045.2760,3786315.9860,ITRF2020,GRS80,Bernese,IGS,F5.1(GPS),00,2020-01,2020/01/01 12:00:00,2020/12/31 12:00:00,366,2020-01-01,366,960573.20.pos.gz
960574,0574,NOTO,能都,GSI,37.3069689,137.1385529,127.9977,-3723291.9159,3455230.5828,3844623.2529,ITRF2020,GRS80,Bernese,IGS,F5.1(GPS),00,2020-01,2020/01/01 12:00:00,2020/12/31 12:00:00,366,2020-01-01,364,960574.20.pos.gz
960575,0575,TOGI,富来,GSI,37.1567432,136.7187677,48.9121,-3705174.9112,3489289.4906,3831300.8041,ITRF2020,GRS80,Bernese,IGS,F5.1(GPS),00,2020-01,2020/01/01 12:00:00,2020/12/31 12:00:00,366,2020-01-01,366,960575.20.pos.gz
960576,0576,NOTOJIMA,能登島,GSI,37.1231554,136.9960767,73.6038,-3723679.7285,3472864.2496,3828344.1974,ITRF2020,GRS80,Bernese,IGS,F5.1(GPS),00,2020-01,2020/01/01 12:00:00,2020/12/31 12:00:00,366,2020-01-01,366,960576.20.pos.gz
960577,0577,OSHIMIZU,押水,GSI,36.8174778,136.7556581,60.1501,-3723928.0386,3502428.5797,3801232.9998,ITRF2020,GRS80,Bernese,IGS,F5.1(GPS),00,2020-01,2020/01/01 12:00:00,2020/12/31 12:00:00,366,2020-01-01,365,960577.20.pos.gz
960578,0578,TORIGOE,鳥越,GSI,36.3700682,136.6053396,223.5439,-3736328.9894,3532611.1600,3761467.2642,ITRF2020,GRS80,Bernese,IGS,F5.1(GPS),00,2020-01,2020/01/01 12:00:00,2020/12/31 12:00:00,366,2020-01-01,366,960578.20.pos.gz
960579,0579,SABAE,鯖江,GSI,35.9688866,136.1849966,54.1504,-3729171.3369,3578021.7465,3725429.9554,ITRF2020,GRS80,Bernese,IGS,F5.1(GPS),00,2020-01,2020/01/01 12:00:00,2020/12/31 12:00:00,366,2020-01-01,365,960579.20.pos.gz
960580,0580,KOUNO,河野,GSI,35.8368405,136.0559871,78.0540,-3727305.7334,3592385.2480,3713575.9856,ITRF2020,GRS80,Bernese,IGS,F5.1(GPS),00,2020-01,2020/01/01 12:00:00,2020/12/31 12:00:00,366,2020-01-01,366,960580.20.pos.gz
960581,0581,SATOMI,里美,GSI,36.7430228,140.4976176,312.3367,-3948541.4855,3255202.1834,3794766.0233,ITRF2020,GRS80,Bernese,IGS,F5.1(GPS),00,2020-01,2020/01/01 12:00:00,2020/12/31 12:00:00,366,2020-01-01,366,960581.20.pos.gz
960582,0582,SHIMODATE,下館,GSI,36.3007037,139.9877788,76.2877,-3941647.8933,3308868.2686,3755179.4097,ITRF2020,GRS80,Bernese,IGS,F5.1(GPS),00,2020-01,2020/01/01 12:00:00,2020/12/31 12:00:00,366,2020-01-01,365,960582.20.pos.gz
960583,0583,ISHIGE,石下,GSI,36.1148125,139.9315102,67.5964,-3947715.8194,3320576.5485,3738530.5603,ITRF2020,GRS80,Bernese,IGS,F5.1(GPS),00,2020-01,2020/01/01 12:00:00,2020/12/31 12:00:00,366,2020-01-01,366,960583.20.pos.gz
960584,0584,AMI,阿見,GSI,36.0313377,140.2024553,70.8613,-3967566.5672,3305363.8049,3731045.9238,ITRF2020,GRS80,Bernese,IGS,F5.1(GPS),00,2020-01,2020/01/01 12:00:00,2020/12/31 12:00:00,366,2020-01-01,366,960584.20.pos.gz
960585,0585,NASU,那須,GSI,36.9523048,140.1647778,303.5775,-3918864.0982,3269157.9777,3813347.0883,ITRF2020,GRS80,Bernese,IGS,F5.1(GPS),00,2020-01,2020/01/01 12:00:00,2020/12/31 12:00:00,366,2020-01-01,366,960585.20.pos.gz
960586,0586,SHIOBARA,塩原,GSI,36.9795807,139.8057664,610.4118,-3897099.7267,3292632.3556,3815950.3216,ITRF2020,GRS80,Bernese,IGS,F5.1(GPS),00,2020-01,2020/01/01 12:00:00,2020/12/31 12:00:00,366,2020-01-01,366,960586.20.pos.gz
960587,0587,SHIOYA,塩谷,GSI,36.7763706,139.8542732,302.4079,-3910043.2623,3297899.0422,3797725.0645,ITRF2020,GRS80,Bernese,IGS,F5.1(GPS),00,2020-01,2020/01/01 12:00:00,2020/12/31 12:00:00,366,2020-01-01,366,960587.20.pos.gz
960588,0588,KARASUYAMA,烏山,GSI,36.6924533,140.1577072,154.9933,-3931639.8272,3280638.5464,3790173.4066,ITRF2020,GRS80,Bernese,IGS,F5.1(GPS),00,2020-01,2020/01/01 12:00:00,2020/12/31 12:00:00,366,2020-01-01,366,960588.20.pos.gz
960589,0589,ASHIO,足尾,GSI,36.6241739,139.4906033,1335.6895,-3897337.1898,3329746.0009,3784799.2320,ITRF2020,GRS80,Bernese,IGS,F5.1(GPS),00,2020-01,2020/01/01 12:00:00,2020/12/31 12:00:00,366,2020-01-01,366,960589.20.pos.gz
960590,0590,MOTEGI,茂木,GSI,36.5422136,140.1793239,178.6358,-3940529.8819,3285535.5587,3776805.4584,ITRF2020,GRS80,Bernese,IGS,F5.1(GPS),00,2020-01,2020/01/01 12:00:00,2020/12/31 12:00:00,366,2020-01-01,359,960590.20.pos.gz
960591,0591,KUSATSU,草津,GSI,36.6163177,138.5914547,1277.0259,-3844960.1929,3390807.6934,3784064.3801,ITRF2020,GRS80,Bernese,IGS,F5.1(GPS),00,2020-01,2020/01/01 12:00:00,2020/12/31 12:00:00,366,2020-01-01,366,960591.20.pos.gz
960592,0592,FUJIOKA,藤岡,GSI,36.2346705,139.0666501,178.6160,-3891282.0444,3374700.7588,3749332.0992,ITRF2020,GRS80,Bernese,IGS,F5.1(GPS),00,2020-01,2020/01/01 12:00:00,2020/12/29 12:00:00,364,2020-01-01,277,960592.20.pos.gz
960593,0593,MANBA,万場,GSI,36.1427535,138.9124262,964.0651,-3887201.3648,3389537.5541,3741563.4761,ITRF2020,GRS80,Bernese,IGS,F5.1(GPS),00,2020-01,2020/01/01 12:00:00,2020/12/31 12:00:00,366,2020-01-01,361,960593.20.pos.gz
960594,0594,OOSHIMA3,大島３,GSI,34.7615447,139.4340182,140.0621,-3984912.9143,3411381.4729,3616245.5362,ITRF2020,GRS80,Bernese,IGS,F5.1(GPS),00,2020-01,2020/01/01 12:00:00,2020/12/31 12:00:00,366,2020-01-01,366,960594.20.pos.gz
960595,0595,OOSHIMA4,大島４,GSI,34.7376141,139.3585860,86.5788,-3981533.1258,3417581.7868,3614033.7214,ITRF2020,GRS80,Bernese,IGS,F5.1(GPS),00,2020-01,2020/01/01 12:00:00,2020/12/31 12:00:00,366,2020-01-01,361,960595.20.pos.gz
960596,0596,TOSHIMA,利島,GSI,34.5196340,139.2709320,301.7216,-3986847.6557,3432750.5971,3594257.6868,ITRF2020,GRS80,Bernese,IGS,F5.1(GPS),00,2020-01,2020/01/01 12:00:00,2020/12/31 12:00:00,366,2020-01-01,252,960596.20.pos.gz
960597,0597,SHIKINEJIMA,式根島,GSI,34.3331211,139.2109384,78.6185,-3991968.0226,3444444.6445,3577064.9183,ITRF2020,GRS80,Bernese,IGS,F5.1(GPS),00,2020-01,2020/01/01 12:00:00,2020/12/31 12:00:00,366,2020-01-01,359,960597.20.pos.gz
960598,0598,KOUZUSHIMA2,神津島２,GSI,34.2399140,139.1375744,53.2266,-3991943.4220,3453350.2112,3568507.9364,ITRF2020,GRS80,Bernese,IGS,F5.1(GPS),00,2020-01,2020/01/01 12:00:00,2020/12/31 12:00:00,366,2020-01-01,366,960598.20.pos.gz
960599,0599,MIYAKE3,三宅３,GSI,34.0937649,139.5617646,80.4496,-4024347.4463,3429621.5554,3555109.4721,ITRF2020,GRS80,Bernese,IGS,F5.1(GPS),00,2020-01,2020/01/01 12:00:00,2020/12/31 12:00:00,366,2020-01-01,364,960599.20.pos.gz
960600,0600,MIYAKE4,三宅４,GSI,34.0757822,139.4788043,77.5723,-4020225.3445,3436169.7052,3553455.8049,ITRF2020,GRS80,Bernese,IGS,F5.1(GPS),00,2020-01,2020/01/01 12:00:00,2020/12/31 12:00:00,366,2020-01-01,363,960600.20.pos.gz
960601,0601,MIKURAJIMA,御蔵島,GSI,33.8841250,139.6128519,466.3787,-4037549.5661,3434662.6882,3536043.6899,ITRF2020,GRS80,Bernese,IGS,F5.1(GPS),00,2020-01,2020/01/01 12:00:00,2020/12/31 12:00:00,366,2020-01-01,366,960601.20.pos.gz
960602,0602,AOGASHIMA,青ヶ島,GSI,32.4635027,139.7646145,381.0792,-4112395.6771,3479599.6121,3404113.4974,ITRF2020,GRS80,Bernese,IGS,F5.1(GPS),00,2020-01,2020/01/01 12:00:00,2020/12/31 12:00:00,366,2020-01-01,366,960602.20.pos.gz
960603,0603,HAHAJIMA,母島,GSI,26.6351515,142.1627544,83.4863,-4505717.4553,3499686.3674,2842175.4760,ITRF2020,GRS80,Bernese,IGS,F5.1(GPS),00,2020-01,2020/01/01 12:00:00,2020/12/31 12:00:00,366,2020-01-01,366,960603.20.pos.gz
960604,0604,IOTO1,硫黄島１,GSI,24.7802024,141.3243539,176.6737,-4523682.4725,3620997.1696,2657062.7211,ITRF2020,GRS80,Bernese,IGS,F5.1(GPS),00,2020-01,2020/01/01 12:00:00,2020/12/31 12:00:00,366,2020-01-01,366,960604.20.pos.gz
960605,0605,IOTO2,硫黄島２,GSI,24.7507615,141.2888159,215.3666,-4522529.1008,3624678.6660,2654117.6157,ITRF2020,GRS80,Bernese,IGS,F5.1(GPS),00,2020-01,2020/01/01 12:00:00,2020/12/31 12:00:00,366,2020-01-01,364,960605.20.pos.gz
960606,0606,YAMANASIITINOMIY,山梨一宮,GSI,35.6495183,138.6903854,383.9885,-3897789.0794,3425450.4362,3696884.7386,ITRF2020,GRS80,Bernese,IGS,F5.1(GPS),00,2020-01,2020/01/01 12:00:00,2020/12/31 12:00:00,366,2020-01-01,366,960606.20.pos.gz
960607,0607,DOUSHI,道志,GSI,35.5118682,139.0257801,738.7232,-3924701.4695,3408591.8126,3684669.0056,ITRF2020,GRS80,Bernese,IGS,F5.1(GPS),00,2020-01,2020/01/01 12:00:00,2020/12/31 12:00:00,366,2020-01-01,363,960607.20.pos.gz
960608,0608,MATSUMOTO,松本,GSI,36.2390295,137.9845561,648.0423,-3826925.7981,3447647.7460,3749999.7464,ITRF2020,GRS80,Bernese,IGS,F5.1(GPS),00,2020-01,2020/01/01 12:00:00,2020/12/31 12:00:00,366,2020-01-01,366,960608.20.pos.gz
960609,0609,AZUSAGAWA,梓川,GSI,36.2283688,137.8717557,691.5205,-3820675.4969,3455667.8815,3749071.1698,ITRF2020,GRS80,Bernese,IGS,F5.1(GPS),00,2020-01,2020/01/01 12:00:00,2020/12/31 12:00:00,366,2020-01-01,366,960609.20.pos.gz
960610,0610,SAKU,佐久,GSI,36.2847137,138.4992878,791.0319,-3855584.2710,3411218.2524,3754172.2747,ITRF2020,GRS80,Bernese,IGS,F5.1(GPS),00,2020-01,2020/01/01 12:00:00,2020/12/31 12:00:00,366,2020-01-01,366,960610.20.pos.gz
960611,0611,NAGAWA,奈川,GSI,36.0846632,137.6826316,1133.3853,-3816469.3921,3474835.3276,3736455.2080,ITRF2020,GRS80,Bernese,IGS,F5.1(GPS),00,2020-01,2020/01/01 12:00:00,2020/12/31 12:00:00,366,2020-01-01,366,960611.20.pos.gz
960612,0612,CHINO,茅野,GSI,36.0261630,138.2144891,1025.0121,-3851344.1171,3441746.9375,3731142.7536,ITRF2020,GRS80,Bernese,IGS,F5.1(GPS),00,2020-01,2020/01/01 12:00:00,2020/12/31 12:00:00,366,2020-01-01,362,960612.20.pos.gz
960613,0613,KAWAKAMI,川上,GSI,35.9741474,138.5830325,1238.7204,-3876076.8051,3419261.9380,3726598.2176,ITRF2020,GRS80,Bernese,IGS,F5.1(GPS),00,2020-01,2020/01/01 12:00:00,2020/12/31 12:00:00,366,2020-01-01,366,960613.20.pos.gz
960614,0614,MITAKE,三岳,GSI,35.8800028,137.5982778,995.7424,-3821121.2135,3489373.7676,3717995.3197,ITRF2020,GRS80,Bernese,IGS,F5.1(GPS),00,2020-01,2020/01/01 12:00:00,2020/12/31 12:00:00,366,2020-01-01,366,960614.20.pos.gz
960615,0615,KOMAGANE,駒ヶ根,GSI,35.7262929,137.9838931,700.1556,-3851754.3612,3470096.3556,3703988.4666,ITRF2020,GRS80,Bernese,IGS,F5.1(GPS),00,2020-01,2020/01/01 12:00:00,2020/12/31 12:00:00,366,2020-01-01,366,960615.20.pos.gz
960616,0616,NAMIAI,浪合,GSI,35.3437339,137.6764002,1498.9112,-3851798.6812,3507768.3595,3669906.6586,ITRF2020,GRS80,Bernese,IGS,F5.1(GPS),00,2020-01,2020/01/01 12:00:00,2020/12/31 12:00:00,366,2020-01-01,366,960616.20.pos.gz
960617,0617,OONOSHIRAKAWA,大野白川,GSI,36.2614675,136.9042754,573.1869,-3760126.6849,3518138.0758,3751963.5618,ITRF2020,GRS80,Bernese,IGS,F5.1(GPS),00,2020-01,2020/01/01 12:00:00,2020/12/31 12:00:00,366,2020-01-01,366,960617.20.pos.gz
960618,0618,KAMITAKARA,上宝,GSI,36.2856420,137.3630254,675.7442,-3787067.6938,3486900.3190,3754187.0844,ITRF2020,GRS80,Bernese,IGS,F5.1(GPS),00,2020-01,2020/01/01 12:00:00,2020/12/31 12:00:00,366,2020-01-01,366,960618.20.pos.gz
960619,0619,HAGIWARA,萩原,GSI,35.9116342,137.2006727,500.2122,-3795010.2278,3514135.2418,3720548.2892,ITRF2020,GRS80,Bernese,IGS,F5.1(GPS),00,2020-01,2020/01/01 12:00:00,2020/12/31 12:00:00,366,2020-01-01,366,960619.20.pos.gz
960620,0620,KAMO,賀茂,GSI,34.8550334,138.7765244,52.1367,-3940997.0291,3452935.3542,3624711.0459,ITRF2020,GRS80,Bernese,IGS,F5.1(GPS),00,2020-01,2020/01/01 12:00:00,2020/12/31 12:00:00,366,2020-01-01,365,960620.20.pos.gz
960621,0621,SUSONO2,裾野２,GSI,35.2043944,138.9283573,308.5625,-3933519.1692,3428000.6188,3656596.6553,ITRF2020,GRS80,Bernese,IGS,F5.1(GPS),00,2020-01,2020/01/01 12:00:00,2020/12/31 12:00:00,366,2020-01-01,366,960621.20.pos.gz
960622,0622,OGASA,小笠,GSI,34.6799229,138.0982899,52.2443,-3908093.1694,3506742.0122,3608752.9526,ITRF2020,GRS80,Bernese,IGS,F5.1(GPS),00,2020-01,2020/01/01 12:00:00,2020/12/31 12:00:00,366,2020-01-01,366,960622.20.pos.gz
960623,0623,SHIZUOKASAGARA2,静岡相良２,GSI,34.6777524,138.1829652,151.6458,-3913434.4108,3501108.4032,3608611.5009,ITRF2020,GRS80,Bernese,IGS,F5.1(GPS),00,2020-01,2020/01/01 12:00:00,2020/12/31 12:00:00,366,2020-01-01,366,960623.20.pos.gz
960624,0624,DAITOU2,大東２,GSI,34.6664100,138.0465238,53.2833,-3905558.1323,3510842.1914,3607520.7017,ITRF2020,GRS80,Bernese,IGS,F5.1(GPS),00,2020-01,2020/01/01 12:00:00,2020/12/31 12:00:00,366,2020-01-01,366,960624.20.pos.gz
960625,0625,HAMAOKA2,浜岡２,GSI,34.6345403,138.1590391,64.8234,-3913949.6968,3504513.0765,3604618.8583,ITRF2020,GRS80,Bernese,IGS,F5.1(GPS),00,2020-01,2020/01/01 12:00:00,2020/12/31 12:00:00,366,2020-01-01,366,960625.20.pos.gz
960626,0626,NUMAZU,沼津,GSI,35.0472428,138.9068954,48.7882,-3939635.1189,3435927.9176,3642186.9997,ITRF2020,GRS80,Bernese,IGS,F5.1(GPS),00,2020-01,2020/01/01 12:00:00,2020/12/31 12:00:00,366,2020-01-01,365,960626.20.pos.gz
960627,0627,TSUKUBA3,つくば３,GSI,36.1036336,140.0863190,69.7440,-3957235.3733,3310368.1711,3737529.6899,ITRF2020,GRS80,Bernese,IGS,F5.1(GPS),00,2020-01,2020/01/01 12:00:00,2020/12/31 12:00:00,366,2020-01-01,366,960627.20.pos.gz
960629,0629,SETO,瀬戸,GSI,35.2390861,137.0735683,156.6786,-3818789.4989,3551922.5336,3659653.4063,ITRF2020,GRS80,Bernese,IGS,F5.1(GPS),00,2020-01,2020/01/01 12:00:00,2020/12/31 12:00:00,366,2020-01-01,362,960629.20.pos.gz
960630,0630,NAGOYA,名古屋,GSI,35.1684212,136.9658038,95.8370,-3815369.4225,3562149.2431,3653212.1992,ITRF2020,GRS80,Bernese,IGS,F5.1(GPS),00,2020-01,2020/01/01 12:00:00,2020/12/31 12:00:00,366,2020-01-01,366,960630.20.pos.gz
960631,0631,CHITA,知多,GSI,34.9843934,136.8627516,54.8804,-3817493.5495,3577005.1677,3636479.9532,ITRF2020,GRS80,Bernese,IGS,F5.1(GPS),00,2020-01,2020/01/01 12:00:00,2020/12/31 12:00:00,366,2020-01-01,366,960631.20.pos.gz
960632,0632,TOKONAME2,常滑２,GSI,34.9043847,136.8318798,47.0997,-3819269.0982,3582535.4621,3629199.6046,ITRF2020,GRS80,Bernese,IGS,F5.1(GPS),00,2020-01,2020/01/01 12:00:00,2020/12/31 12:00:00,366,2020-01-01,366,960632.20.pos.gz
960633,0633,KUWANA,桑名,GSI,35.0509108,136.6942530,43.2128,-3803869.1090,3585305.3470,3642516.9372,ITRF2020,GRS80,Bernese,IGS,F5.1(GPS),00,2020-01,2020/01/01 12:00:00,2020/12/31 12:00:00,366,2020-01-01,363,960633.20.pos.gz
960634,0634,SEKI,関,GSI,34.8549006,136.3932621,144.0047,-3794062.7201,3613887.9922,3624751.4654,ITRF2020,GRS80,Bernese,IGS,F5.1(GPS),00,2020-01,2020/01/01 12:00:00,2020/12/31 12:00:00,366,2020-01-01,365,960634.20.pos.gz
960635,0635,HAKUSAN,白山,GSI,34.6487490,136.3297611,107.7768,-3799463.2030,3627071.9575,3605940.0926,ITRF2020,GRS80,Bernese,IGS,F5.1(GPS),00,2020-01,2020/01/01 12:00:00,2020/12/31 12:00:00,366,2020-01-01,366,960635.20.pos.gz
960636,0636,WATARAI,度会,GSI,34.4314416,136.6284007,67.9261,-3828228.3718,3616582.7499,3586060.0932,ITRF2020,GRS80,Bernese,IGS,F5.1(GPS),00,2020-01,2020/01/01 12:00:00,2020/12/31 12:00:00,366,2020-01-01,366,960636.20.pos.gz
960637,0637,KIINAGASHIMA,紀伊長島,GSI,34.2081569,136.3429333,47.1106,-3820252.8313,3645240.0210,3565591.7408,ITRF2020,GRS80,Bernese,IGS,F5.1(GPS),00,2020-01,2020/01/01 12:00:00,2020/12/31 12:00:00,366,2020-01-01,365,960637.20.pos.gz
960638,0638,TORAHIME,虎姫,GSI,35.4203562,136.2647497,135.9261,-3759854.2114,3597422.9558,3676049.3408,ITRF2020,GRS80,Bernese,IGS,F5.1(GPS),00,2020-01,2020/01/01 12:00:00,2020/12/31 12:00:00,366,2020-01-01,365,960638.20.pos.gz
960639,0639,YASU,野洲,GSI,35.0857232,136.0412019,134.9426,-3761214.6840,3626939.4017,3645730.7266,ITRF2020,GRS80,Bernese,IGS,F5.1(GPS),00,2020-01,2020/01/01 12:00:00,2020/12/31 12:00:00,366,2020-01-01,366,960639.20.pos.gz
960640,0640,AMINO,網野,GSI,35.6850774,135.0340520,49.7569,-3669588.3818,3665229.1548,3699895.2544,ITRF2020,GRS80,Bernese,IGS,F5.1(GPS),00,2020-01,2020/01/01 12:00:00,2020/12/31 12:00:00,366,2020-01-01,366,960640.20.pos.gz
960641,0641,MAIZURU,舞鶴,GSI,35.4822136,135.4158345,46.4841,-3703255.7362,3649888.0312,3681588.2145,ITRF2020,GRS80,Bernese,IGS,F5.1(GPS),00,2020-01,2020/01/01 12:00:00,2020/12/31 12:00:00,366,2020-01-01,366,960641.20.pos.gz
960642,0642,KYOTOMIYAMA,京都美山,GSI,35.2758590,135.5495259,231.5872,-3721332.6259,3650625.7320,3663028.1649,ITRF2020,GRS80,Bernese,IGS,F5.1(GPS),00,2020-01,2020/01/01 12:00:00,2020/12/31 12:00:00,366,2020-01-01,366,960642.20.pos.gz
960643,0643,KYOTOSAKYOU2,京都左京２,GSI,35.0531361,135.7733056,112.5342,-3745690.6469,3645921.9918,3642758.8541,ITRF2020,GRS80,Bernese,IGS,F5.1(GPS),00,2020-01,2020/01/01 12:00:00,2020/12/31 12:00:00,366,2020-01-01,366,960643.20.pos.gz
960644,0644,KYOTOFUSHIMI,京都伏見,GSI,34.9526417,135.7723976,76.8996,-3750194.6650,3650421.7905,3633605.9441,ITRF2020,GRS80,Bernese,IGS,F5.1(GPS),00,2020-01,2020/01/01 12:00:00,2020/12/31 12:00:00,366,2020-01-01,366,960644.20.pos.gz
960645,0645,KASUMI,香住,GSI,35.6212010,134.6773826,70.1637,-3649617.4154,3690950.6550,3694148.2810,ITRF2020,GRS80,Bernese,IGS,F5.1(GPS),00,2020-01,2020/01/01 12:00:00,2020/12/31 12:00:00,366,2020-01-01,366,960645.20.pos.gz
960646,0646,HYOUGOHIDAKA,兵庫日高,GSI,35.4612615,134.7287153,124.7572,-3660213.4587,3695039.4508,3679740.4319,ITRF2020,GRS80,Bernese,IGS,F5.1(GPS),00,2020-01,2020/01/01 12:00:00,2020/12/31 12:00:00,366,2020-01-01,366,960646.20.pos.gz
960647,0647,AOGAKI,青垣,GSI,35.2378795,135.0220377,162.3287,-3689246.8550,3686409.9579,3659547.3258,ITRF2020,GRS80,Bernese,IGS,F5.1(GPS),00,2020-01,2020/01/01 12:00:00,2020/12/31 12:00:00,366,2020-01-01,366,960647.20.pos.gz
960648,0648,IKUNO,生野,GSI,35.1627426,134.7712250,417.7809,-3676605.6180,3706083.9466,3652882.5755,ITRF2020,GRS80,Bernese,IGS,F5.1(GPS),00,2020-01,2020/01/01 12:00:00,2020/12/31 12:00:00,366,2020-01-01,366,960648.20.pos.gz
960649,0649,TAKINO,滝野,GSI,34.9361886,134.9450371,100.9886,-3697845.3459,3704946.7252,3632123.5126,ITRF2020,GRS80,Bernese,IGS,F5.1(GPS),00,2020-01,2020/01/01 12:00:00,2020/12/31 12:00:00,366,2020-01-01,366,960649.20.pos.gz
960650,0650,KATSURAGI,かつらぎ,GSI,34.3118400,135.5283507,188.7762,-3763506.7701,3694728.9975,3575177.3622,ITRF2020,GRS80,Bernese,IGS,F5.1(GPS),00,2020-01,2020/01/01 12:00:00,2020/12/31 12:00:00,366,2020-01-01,366,960650.20.pos.gz
960652,0652,HIROKAWA,広川,GSI,34.0253898,135.1677459,47.0744,-3752751.4101,3730841.4999,3548807.3804,ITRF2020,GRS80,Bernese,IGS,F5.1(GPS),00,2020-01,2020/01/01 12:00:00,2020/12/31 12:00:00,366,2020-01-01,366,960652.20.pos.gz
960653,0653,SUSAMI2,すさみ２,GSI,33.5544116,135.4961968,47.8451,-3794798.4014,3729633.1771,3505391.6485,ITRF2020,GRS80,Bernese,IGS,F5.1(GPS),00,2020-01,2020/01/01 12:00:00,2020/12/31 12:00:00,366,2020-01-01,365,960653.20.pos.gz
960655,0655,HATTOU,八東,GSI,35.3614420,134.3252829,159.2786,-3638608.9969,3725331.0226,3670734.1379,ITRF2020,GRS80,Bernese,IGS,F5.1(GPS),00,2020-01,2020/01/01 12:00:00,2020/12/31 12:00:00,366,2020-01-01,366,960655.20.pos.gz
960656,0656,MIHONOSEKI,美保関,GSI,35.5635341,133.1378919,43.9217,-3551670.8263,3790370.6176,3688930.0582,ITRF2020,GRS80,Bernese,IGS,F5.1(GPS),00,2020-01,2020/01/01 12:00:00,2020/12/31 12:00:00,366,2020-01-01,366,960656.20.pos.gz
960657,0657,SHIMANEIWAMI,石見,GSI,34.8926570,132.4573282,224.9520,-3535481.4023,3864074.5947,3628234.2563,ITRF2020,GRS80,Bernese,IGS,F5.1(GPS),00,2020-01,2020/01/01 12:00:00,2020/12/31 12:00:00,366,2020-01-01,366,960657.20.pos.gz
960658,0658,HIKIMI,匹見,GSI,34.5710623,132.0135610,298.8550,-3519093.2197,3906489.1850,3598955.4085,ITRF2020,GRS80,Bernese,IGS,F5.1(GPS),00,2020-01,2020/01/01 12:00:00,2020/12/31 12:00:00,366,2020-01-01,364,960658.20.pos.gz
960659,0659,KAKINOKI,柿木,GSI,34.4397200,131.8643162,221.7962,-3514371.7052,3921742.1965,3586904.5212,ITRF2020,GRS80,Bernese,IGS,F5.1(GPS),00,2020-01,2020/01/01 12:00:00,2020/12/31 12:00:00,366,2020-01-01,366,960659.20.pos.gz
960660,0660,OKAYAMASHINJOU,岡山新庄,GSI,35.1696609,133.5639938,603.4113,-3597507.4287,3782511.8633,3653616.9912,ITRF2020,GRS80,Bernese,IGS,F5.1(GPS),00,2020-01,2020/01/01 12:00:00,2020/12/31 12:00:00,366,2020-01-01,366,960660.20.pos.gz
960662,0662,SHINGOU,神郷,GSI,34.9933631,133.3962789,293.4038,-3593969.4067,3801010.5477,3637432.0031,ITRF2020,GRS80,Bernese,IGS,F5.1(GPS),00,2020-01,2020/01/01 12:00:00,2020/12/31 12:00:00,366,2020-01-01,366,960662.20.pos.gz
960663,0663,HIROSHIMAMIYOSHI,三次,GSI,34.8116026,132.8515790,199.0222,-3565466.4923,3843407.4592,3620840.0853,ITRF2020,GRS80,Bernese,IGS,F5.1(GPS),00,2020-01,2020/01/01 12:00:00,2020/12/31 12:00:00,366,2020-01-01,365,960663.20.pos.gz
960664,0664,TOYOMATSU,豊松,GSI,34.7777910,133.3376370,554.0450,-3599611.7743,3814791.4850,3617962.2028,ITRF2020,GRS80,Bernese,IGS,F5.1(GPS),00,2020-01,2020/01/01 12:00:00,2020/12/31 12:00:00,366,2020-01-01,366,960664.20.pos.gz
960665,0665,HIROSHIMASAIKI,広島佐伯,GSI,34.3703458,132.1946562,401.8009,-3539944.5265,3904746.6801,3580656.5119,ITRF2020,GRS80,Bernese,IGS,F5.1(GPS),00,2020-01,2020/01/01 12:00:00,2020/12/31 12:00:00,366,2020-01-01,366,960665.20.pos.gz
960666,0666,ETAJIMA,江田島,GSI,34.2609216,132.4555482,57.4050,-3562115.0015,3893426.4276,3570436.4994,ITRF2020,GRS80,Bernese,IGS,F5.1(GPS),00,2020-01,2020/01/01 12:00:00,2020/12/31 12:00:00,366,2020-01-01,366,960666.20.pos.gz
960667,0667,KINOE,木江,GSI,34.2100688,132.8843866,46.6697,-3593309.5134,3868975.3427,3565766.8822,ITRF2020,GRS80,Bernese,IGS,F5.1(GPS),00,2020-01,2020/01/01 12:00:00,2020/12/31 12:00:00,366,2020-01-01,366,960667.20.pos.gz
960668,0668,HAGI2,萩２,GSI,34.7643457,131.1523983,39.9819,-3451816.5696,3949594.3569,3616443.7410,ITRF2020,GRS80,Bernese,IGS,F5.1(GPS),00,2020-01,2020/01/01 12:00:00,2020/12/31 12:00:00,366,2020-01-01,366,960668.20.pos.gz
960669,0669,NAGATO,長門,GSI,34.3420866,131.1761635,76.8299,-3470966.0534,3968182.3654,3577885.1313,ITRF2020,GRS80,Bernese,IGS,F5.1(GPS),00,2020-01,2020/01/01 12:00:00,2020/12/31 12:00:00,366,2020-01-01,366,960669.20.pos.gz
960670,0670,YAMAGUCHITOYOTA,山口豊田,GSI,34.1797716,131.0656732,70.1129,-3469962.4323,3982506.6346,3563000.2568,ITRF2020,GRS80,Bernese,IGS,F5.1(GPS),00,2020-01,2020/01/01 12:00:00,2020/12/31 12:00:00,366,2020-01-01,366,960670.20.pos.gz
960672,0672,TOUWA,東和,GSI,33.9099333,132.3583382,39.6680,-3570195.3414,3915576.8399,3538181.9373,ITRF2020,GRS80,Bernese,IGS,F5.1(GPS),00,2020-01,2020/01/01 12:00:00,2020/12/31 12:00:00,366,2020-01-01,366,960672.20.pos.gz
960673,0673,NARUTO,鳴門,GSI,34.1718101,134.6050275,42.5669,-3709532.7789,3761032.4676,3562254.1481,ITRF2020,GRS80,Bernese,IGS,F5.1(GPS),00,2020-01,2020/01/01 12:00:00,2020/12/31 12:00:00,366,2020-01-01,366,960673.20.pos.gz
960674,0674,TOKUSHIMAMIYOSHI,三好,GSI,34.0397395,133.8749904,134.5051,-3667057.7813,3813967.5006,3550175.4078,ITRF2020,GRS80,Bernese,IGS,F5.1(GPS),00,2020-01,2020/01/01 12:00:00,2020/12/31 12:00:00,366,2020-01-01,366,960674.20.pos.gz
960675,0675,KAMINAKA,上那賀,GSI,33.7895314,134.3014685,333.4468,-3706276.0430,3797767.4339,3527253.9568,ITRF2020,GRS80,Bernese,IGS,F5.1(GPS),00,2020-01,2020/01/01 12:00:00,2020/12/31 12:00:00,366,2020-01-01,366,960675.20.pos.gz
960676,0676,NAOSHIMA,直島,GSI,34.4454545,133.9986825,44.3567,-3657639.8364,3787771.2286,3587328.7938,ITRF2020,GRS80,Bernese,IGS,F5.1(GPS),00,2020-01,2020/01/01 12:00:00,2020/12/31 12:00:00,366,2020-01-01,366,960676.20.pos.gz
960677,0677,MARUGAME,丸亀,GSI,34.3833992,133.7806775,43.4672,-3645892.6611,3804469.1878,3581649.3234,ITRF2020,GRS80,Bernese,IGS,F5.1(GPS),00,2020-01,2020/01/01 12:00:00,2020/12/31 12:00:00,366,2020-01-01,366,960677.20.pos.gz
960678,0678,YUGE,弓削,GSI,34.2524453,133.1891024,58.3687,-3612031.7753,3847889.5202,3569659.8997,ITRF2020,GRS80,Bernese,IGS,F5.1(GPS),00,2020-01,2020/01/01 12:00:00,2020/12/31 12:00:00,366,2020-01-01,366,960678.20.pos.gz
960679,0679,HOUJOU,北条,GSI,33.9594727,132.7817418,45.8580,-3596952.8384,3886839.5226,3542744.4593,ITRF2020,GRS80,Bernese,IGS,F5.1(GPS),00,2020-01,2020/01/01 12:00:00,2020/12/31 12:00:00,366,2020-01-01,366,960679.20.pos.gz
960680,0680,NAGAHAMA,長浜,GSI,33.6115942,132.4872564,196.9489,-3591505.9129,3921191.5313,3510757.9891,ITRF2020,GRS80,Bernese,IGS,F5.1(GPS),00,2020-01,2020/01/01 12:00:00,2020/12/31 12:00:00,366,2020-01-01,366,960680.20.pos.gz
960681,0681,UWAJIMA,宇和島,GSI,33.1775879,132.5437564,183.7389,-3613278.1452,3937160.3873,3470560.6321,ITRF2020,GRS80,Bernese,IGS,F5.1(GPS),00,2020-01,2020/01/01 12:00:00,2020/12/31 12:00:00,366,2020-01-01,366,960681.20.pos.gz
960683,0683,NAKATOSA2,中土佐２,GSI,33.3269106,133.2284701,43.2589,-3653769.8785,3886997.4123,3484333.4182,ITRF2020,GRS80,Bernese,IGS,F5.1(GPS),00,2020-01,2020/01/01 12:00:00,2020/10/31 12:00:00,305,2020-01-01,212,960683.20.pos.gz
960684,0684,KUBOKAWA,窪川,GSI,33.2154327,133.1286369,263.8527,-3651754.8059,3898442.9133,3474116.9002,ITRF2020,GRS80,Bernese,IGS,F5.1(GPS),00,2020-01,2020/01/01 12:00:00,2020/12/31 12:00:00,366,2020-01-01,366,960684.20.pos.gz
960685,0685,NOOGATA,直方,GSI,33.7455078,130.7495545,59.8304,-3465497.0982,4021970.6042,3523042.4977,ITRF2020,GRS80,Bernese,IGS,F5.1(GPS),00,2020-01,2020/01/01 12:00:00,2020/12/31 12:00:00,366,2020-01-01,366,960685.20.pos.gz
960686,0686,YUKUHASHI,行橋,GSI,33.6974033,131.0165337,55.3719,-3486141.9925,4008011.1254,3518602.1001,ITRF2020,GRS80,Bernese,IGS,F5.1(GPS),00,2020-01,2020/01/01 12:00:00,2020/12/31 12:00:00,366,2020-01-01,366,960686.20.pos.gz
960687,0687,TAGAWA,田川,GSI,33.6404628,130.8238922,87.4295,-3474952.8885,4022379.4196,3513363.5966,ITRF2020,GRS80,Bernese,IGS,F5.1(GPS),00,2020-01,2020/01/01 12:00:00,2020/12/31 12:00:00,366,2020-01-01,366,960687.20.pos.gz
960688,0688,TANUSHIMARU,田主丸,GSI,33.3272244,130.7011565,85.6742,-3478826.9084,4044344.2811,3484385.8009,ITRF2020,GRS80,Bernese,IGS,F5.1(GPS),00,2020-01,2020/01/01 12:00:00,2020/12/31 12:00:00,366,2020-01-01,366,960688.20.pos.gz
960689,0689,YAMAUCHI,山内,GSI,33.1960294,129.9400914,139.3509,-3429952.4889,4096349.0316,3472248.0818,ITRF2020,GRS80,Bernese,IGS,F5.1(GPS),00,2020-01,2020/01/01 12:00:00,2020/12/31 12:00:00,366,2020-01-01,366,960689.20.pos.gz
960690,0690,YOSHII,吉井,GSI,33.2661187,129.6900276,113.5114,-3409307.1807,4107984.9617,3478736.3239,ITRF2020,GRS80,Bernese,IGS,F5.1(GPS),00,2020-01,2020/01/01 12:00:00,2020/12/31 12:00:00,366,2020-01-01,362,960690.20.pos.gz
960691,0691,UKU,宇久,GSI,33.2557887,129.1255147,92.0156,-3369053.1590,4141849.1222,3477766.5174,ITRF2020,GRS80,Bernese,IGS,F5.1(GPS),00,2020-01,2020/01/01 12:00:00,2020/12/31 12:00:00,366,2020-01-01,334,960691.20.pos.gz
960692,0692,WAKAMATSU,若松,GSI,32.8856272,129.0263456,60.7117,-3375968.6781,4165056.7551,3443346.7384,ITRF2020,GRS80,Bernese,IGS,F5.1(GPS),00,2020-01,2020/01/01 12:00:00,2020/12/31 12:00:00,366,2020-01-01,366,960692.20.pos.gz
960693,0693,AINO,愛野,GSI,32.7957001,130.1664310,144.0361,-3461705.9103,4101247.3643,3435012.6066,ITRF2020,GRS80,Bernese,IGS,F5.1(GPS),00,2020-01,2020/01/01 12:00:00,2020/12/31 12:00:00,366,2020-01-01,366,960693.20.pos.gz
960694,0694,SHIMABARA,島原,GSI,32.7930131,130.3359636,209.3501,-3473965.9383,4091151.4614,3434797.4765,ITRF2020,GRS80,Bernese,IGS,F5.1(GPS),00,2020-01,2020/01/01 12:00:00,2020/12/31 12:00:00,366,2020-01-01,366,960694.20.pos.gz
960695,0695,OBAMA,小浜,GSI,32.7122903,130.2166643,262.3346,-3468596.0333,4102108.4604,3427296.9668,ITRF2020,GRS80,Bernese,IGS,F5.1(GPS),00,2020-01,2020/01/01 12:00:00,2020/12/31 12:00:00,366,2020-01-01,366,960695.20.pos.gz
960696,0696,FUKAE,深江,GSI,32.7225727,130.3522781,70.7037,-3477792.1448,4093294.5592,3428152.8140,ITRF2020,GRS80,Bernese,IGS,F5.1(GPS),00,2020-01,2020/01/01 12:00:00,2020/12/31 12:00:00,366,2020-01-01,366,960696.20.pos.gz
960697,0697,NISHIARIE,西有家,GSI,32.6606495,130.2907198,83.1122,-3475797.6588,4099865.9177,3422380.0668,ITRF2020,GRS80,Bernese,IGS,F5.1(GPS),00,2020-01,2020/01/01 12:00:00,2020/12/31 12:00:00,366,2020-01-01,366,960697.20.pos.gz
960698,0698,TAMANOURA,玉之浦,GSI,32.6342734,128.6193662,39.4765,-3355702.2187,4200702.7095,3419893.5769,ITRF2020,GRS80,Bernese,IGS,F5.1(GPS),00,2020-01,2020/01/01 12:00:00,2020/12/31 12:00:00,366,2020-01-01,366,960698.20.pos.gz
960699,0699,KUMAMOTOOGUNI,熊本小国,GSI,33.1219584,131.0629056,469.6050,-3512697.4723,4031947.2173,3465551.1345,ITRF2020,GRS80,Bernese,IGS,F5.1(GPS),00,2020-01,2020/01/01 12:00:00,2020/12/31 12:00:00,366,2020-01-01,363,960699.20.pos.gz
960700,0700,KAMOTO,鹿本,GSI,33.0112912,130.7486223,115.2888,-3494705.9561,4056003.1261,3455071.6010,ITRF2020,GRS80,Bernese,IGS,F5.1(GPS),00,2020-01,2020/01/01 12:00:00,2020/12/31 12:00:00,366,2020-01-01,366,960700.20.pos.gz
960701,0701,CHOUYOU,長陽,GSI,32.8707379,130.9962145,451.0218,-3517946.0691,4047474.0741,3442171.7950,ITRF2020,GRS80,Bernese,IGS,F5.1(GPS),00,2020-01,2020/01/01 12:00:00,2020/12/31 12:00:00,366,2020-01-01,366,960701.20.pos.gz
960702,0702,IZUMI,泉,GSI,32.5767210,130.7949072,287.6991,-3515130.9891,4073050.3138,3414650.6456,ITRF2020,GRS80,Bernese,IGS,F5.1(GPS),00,2020-01,2020/01/01 12:00:00,2020/12/31 12:00:00,366,2020-01-01,366,960702.20.pos.gz
960703,0703,ASO,阿蘇,GSI,32.9506510,131.0934244,544.3984,-3521694.3071,4037929.3653,3449663.4196,ITRF2020,GRS80,Bernese,IGS,F5.1(GPS),00,2020-01,2020/01/01 12:00:00,2020/12/31 12:00:00,366,2020-01-01,366,960703.20.pos.gz
960704,0704,TAKAMORI,高森,GSI,32.8450000,131.1321486,650.8104,-3528667.9796,4040409.3223,3439882.2460,ITRF2020,GRS80,Bernese,IGS,F5.1(GPS),00,2020-01,2020/01/01 12:00:00,2020/12/31 12:00:00,366,2020-01-01,366,960704.20.pos.gz
960705,0705,USA,宇佐,GSI,33.5371229,131.3566412,70.4120,-3516383.6289,3994644.2206,3503805.9238,ITRF2020,GRS80,Bernese,IGS,F5.1(GPS),00,2020-01,2020/01/01 12:00:00,2020/12/31 12:00:00,366,2020-01-01,366,960705.20.pos.gz
960706,0706,HIJI,日出,GSI,33.3498519,131.5884335,39.3560,-3540096.4073,3988928.1749,3486457.0008,ITRF2020,GRS80,Bernese,IGS,F5.1(GPS),00,2020-01,2020/01/01 12:00:00,2020/12/31 12:00:00,366,2020-01-01,366,960706.20.pos.gz
960707,0707,OOITAKUSU,玖珠,GSI,33.2702721,131.1211373,381.1166,-3510821.5282,4021534.3967,3479268.2964,ITRF2020,GRS80,Bernese,IGS,F5.1(GPS),00,2020-01,2020/01/01 12:00:00,2020/12/31 12:00:00,366,2020-01-01,366,960707.20.pos.gz
960709,0709,OOITA,大分,GSI,33.2284261,131.5794837,106.8655,-3544416.3593,3995052.6466,3475236.4655,ITRF2020,GRS80,Bernese,IGS,F5.1(GPS),00,2020-01,2020/01/01 12:00:00,2020/12/31 12:00:00,366,2020-01-01,366,960709.20.pos.gz
960710,0710,MAETSUE,前津江,GSI,33.1905751,130.9157407,877.7334,-3499827.2961,4038068.9513,3472146.0578,ITRF2020,GRS80,Bernese,IGS,F5.1(GPS),00,2020-01,2020/01/01 12:00:00,2020/12/31 12:00:00,366,2020-01-01,366,960710.20.pos.gz
960711,0711,KITAKATA,北方,GSI,32.5570473,131.5306776,124.5716,-3567831.7885,4028352.0311,3412724.0820,ITRF2020,GRS80,Bernese,IGS,F5.1(GPS),00,2020-01,2020/01/01 12:00:00,2020/12/31 12:00:00,366,2020-01-01,366,960711.20.pos.gz
960712,0712,MIYAZAKINANGOU,宮崎南郷,GSI,32.3843969,131.3340180,285.1905,-3560862.4638,4048394.5092,3396656.9008,ITRF2020,GRS80,Bernese,IGS,F5.1(GPS),00,2020-01,2020/01/01 12:00:00,2020/12/31 12:00:00,366,2020-01-01,366,960712.20.pos.gz
960713,0713,SHINTOMI,新富,GSI,32.0691054,131.4860230,52.8675,-3583811.3487,4052753.5628,3366955.5738,ITRF2020,GRS80,Bernese,IGS,F5.1(GPS),00,2020-01,2020/01/01 12:00:00,2020/12/31 12:00:00,366,2020-01-01,366,960713.20.pos.gz
960714,0714,EBINO,えびの,GSI,32.0477165,130.8656355,287.3451,-3540673.4209,4092422.3832,3365069.8865,ITRF2020,GRS80,Bernese,IGS,F5.1(GPS),00,2020-01,2020/01/01 12:00:00,2020/12/31 12:00:00,366,2020-01-01,366,960714.20.pos.gz
960715,0715,MIYAZAKITANO,宮崎田野,GSI,31.8420970,131.3063116,171.9809,-3579942.9593,4074058.3531,3345660.8094,ITRF2020,GRS80,Bernese,IGS,F5.1(GPS),00,2020-01,2020/01/01 12:00:00,2020/12/31 12:00:00,366,2020-01-01,366,960715.20.pos.gz
960716,0716,KUSHIMA2,串間２,GSI,31.3991035,131.3058733,44.3141,-3596839.1653,4093349.7818,3303766.3698,ITRF2020,GRS80,Bernese,IGS,F5.1(GPS),00,2020-01,2020/01/01 12:00:00,2020/12/31 12:00:00,366,2020-01-01,366,960716.20.pos.gz
960717,0717,AZUMA,東,GSI,32.1970725,130.1796569,122.1726,-3485651.7000,4127683.6209,3379009.0473,ITRF2020,GRS80,Bernese,IGS,F5.1(GPS),00,2020-01,2020/01/01 12:00:00,2020/12/31 12:00:00,366,2020-01-01,366,960717.20.pos.gz
960718,0718,MIYANOJOU,宮之城,GSI,31.9088377,130.4396602,93.5552,-3515333.7169,4124715.0634,3351904.0312,ITRF2020,GRS80,Bernese,IGS,F5.1(GPS),00,2020-01,2020/01/01 12:00:00,2020/12/31 12:00:00,366,2020-01-01,366,960718.20.pos.gz
960719,0719,SAKURAJIMA,桜島,GSI,31.6240959,130.6518939,42.4795,-3541388.5532,4124243.2388,3325033.5250,ITRF2020,GRS80,Bernese,IGS,F5.1(GPS),00,2020-01,2020/01/01 12:00:00,2020/12/31 12:00:00,366,2020-01-01,366,960719.20.pos.gz
960720,0720,KAGOSHIMA2,鹿児島２,GSI,31.5918389,130.7085436,66.1575,-3546700.3195,4122176.0340,3321999.8394,ITRF2020,GRS80,Bernese,IGS,F5.1(GPS),00,2020-01,2020/01/01 12:00:00,2020/12/31 12:00:00,366,2020-01-01,366,960720.20.pos.gz
960721,0721,KAGOSHIMA3,鹿児島３,GSI,31.5522193,130.6373590,80.3086,-3543081.9796,4128333.8457,3318264.4465,ITRF2020,GRS80,Bernese,IGS,F5.1(GPS),00,2020-01,2020/01/01 12:00:00,2020/12/31 12:00:00,366,2020-01-01,366,960721.20.pos.gz
960722,0722,TARUMIZU,垂水,GSI,31.4961503,130.6994065,39.9144,-3549647.8226,4126932.7795,3312943.9148,ITRF2020,GRS80,Bernese,IGS,F5.1(GPS),00,2020-01,2020/01/01 12:00:00,2020/12/31 12:00:00,366,2020-01-01,366,960722.20.pos.gz
960723,0723,KAGOSHIMAMISHIMA,鹿児島三島,GSI,30.7846530,130.2749870,153.4605,-3545415.2447,4184311.9137,3245484.1275,ITRF2020,GRS80,Bernese,IGS,F5.1(GPS),00,2020-01,2020/01/01 12:00:00,2020/12/31 12:00:00,366,2020-01-01,366,960723.20.pos.gz
960724,0724,NISHINOOMOTE,西之表,GSI,30.7533231,131.0286007,193.8351,-3601332.6413,4138685.0102,3242520.2166,ITRF2020,GRS80,Bernese,IGS,F5.1(GPS),00,2020-01,2020/01/01 12:00:00,2020/12/31 12:00:00,366,2020-01-01,366,960724.20.pos.gz
960725,0725,KUCHINOERABUJIMA,口永良部島,GSI,30.4613874,130.1982499,94.0692,-3551557.9242,4202961.6554,3214613.2031,ITRF2020,GRS80,Bernese,IGS,F5.1(GPS),00,2020-01,2020/01/01 12:00:00,2020/12/31 12:00:00,366,2020-01-01,366,960725.20.pos.gz
960726,0726,MINAMITANE,南種子,GSI,30.3986746,130.9032354,215.9555,-3605376.8862,4161686.0293,3208680.1550,ITRF2020,GRS80,Bernese,IGS,F5.1(GPS),00,2020-01,2020/01/01 12:00:00,2020/12/31 12:00:00,366,2020-01-01,366,960726.20.pos.gz
960727,0727,KAMIYAKU2,上屋久２,GSI,30.3957544,130.4243824,40.8041,-3570478.0817,4191682.1899,3208312.2960,ITRF2020,GRS80,Bernese,IGS,F5.1(GPS),00,2020-01,2020/01/01 12:00:00,2020/12/31 12:00:00,366,2020-01-01,366,960727.20.pos.gz
960728,0728,YAKU,屋久,GSI,30.2363509,130.5545507,88.4201,-3585818.0088,4190368.2108,3193081.5175,ITRF2020,GRS80,Bernese,IGS,F5.1(GPS),00,2020-01,2020/01/01 12:00:00,2020/12/31 12:00:00,366,2020-01-01,366,960728.20.pos.gz
960729,0729,KAGOSHIMATOSHIMA,十島,GSI,29.6153274,129.7057469,139.6014,-3545317.6631,4269484.3449,3133443.5406,ITRF2020,GRS80,Bernese,IGS,F5.1(GPS),00,2020-01,2020/01/01 12:00:00,2020/12/31 12:00:00,366,2020-01-01,366,960729.20.pos.gz
960730,0730,KASARI,笠利,GSI,28.4872157,129.6935760,41.1775,-3583134.1773,4316890.7116,3024091.2283,ITRF2020,GRS80,Bernese,IGS,F5.1(GPS),00,2020-01,2020/01/01 12:00:00,2020/12/31 12:00:00,366,2020-01-01,366,960730.20.pos.gz
960731,0731,KIKAI1,喜界１,GSI,28.3711290,130.0289587,37.1177,-3612278.8100,4300530.1270,3012775.2481,ITRF2020,GRS80,Bernese,IGS,F5.1(GPS),00,2020-01,2020/01/01 12:00:00,2020/12/31 12:00:00,366,2020-01-01,366,960731.20.pos.gz
960732,0732,KIKAI2,喜界２,GSI,28.2939781,129.9216738,40.5816,-3606825.9025,4310400.8863,3005250.8671,ITRF2020,GRS80,Bernese,IGS,F5.1(GPS),00,2020-01,2020/01/01 12:00:00,2020/12/31 12:00:00,366,2020-01-01,366,960732.20.pos.gz
960733,0733,SETOUCHI,瀬戸内,GSI,28.1375796,129.3204485,37.2085,-3566588.3446,4354347.9005,2989976.2062,ITRF2020,GRS80,Bernese,IGS,F5.1(GPS),00,2020-01,2020/01/01 12:00:00,2020/12/31 12:00:00,366,2020-01-01,366,960733.20.pos.gz
960735,0735,WADOMARI,和泊,GSI,27.4012356,128.6507282,60.0130,-3539206.1740,4425445.2618,2917785.9817,ITRF2020,GRS80,Bernese,IGS,F5.1(GPS),00,2020-01,2020/01/01 12:00:00,2020/12/31 12:00:00,366,2020-01-01,366,960735.20.pos.gz
960736,0736,IZENA,伊是名,GSI,26.9444843,127.9450576,76.5259,-3498655.4625,4486936.8685,2872768.0471,ITRF2020,GRS80,Bernese,IGS,F5.1(GPS),00,2020-01,2020/01/01 12:00:00,2020/12/31 12:00:00,366,2020-01-01,366,960736.20.pos.gz
960737,0737,KUNIGAMI,国頭,GSI,26.8593407,128.2483655,95.9684,-3525012.2538,4471719.1072,2864363.5841,ITRF2020,GRS80,Bernese,IGS,F5.1(GPS),00,2020-01,2020/01/01 12:00:00,2020/12/31 12:00:00,366,2020-01-01,362,960737.20.pos.gz
960738,0738,OOGIMI,大宜味,GSI,26.7082700,128.1440351,40.7393,-3521492.1976,4484023.8637,2849395.7196,ITRF2020,GRS80,Bernese,IGS,F5.1(GPS),00,2020-01,2020/01/01 12:00:00,2020/12/31 12:00:00,366,2020-01-01,365,960738.20.pos.gz
960739,0739,AGUNI,粟国,GSI,26.5828725,127.2316332,59.8799,-3453423.6013,4544505.3872,2836985.9708,ITRF2020,GRS80,Bernese,IGS,F5.1(GPS),00,2020-01,2020/01/01 12:00:00,2020/12/31 12:00:00,366,2020-01-01,366,960739.20.pos.gz
960740,0740,GINOZA,宜野座,GSI,26.4827274,127.9723937,71.6201,-3514944.1076,4503394.1298,2827064.0288,ITRF2020,GRS80,Bernese,IGS,F5.1(GPS),00,2020-01,2020/01/01 12:00:00,2020/12/31 12:00:00,366,2020-01-01,358,960740.20.pos.gz
960741,0741,OKINAWAISHIKAWA,沖縄石川,GSI,26.4469215,127.8327349,144.6922,-3505081.1511,4513396.4580,2823545.1293,ITRF2020,GRS80,Bernese,IGS,F5.1(GPS),00,2020-01,2020/01/01 12:00:00,2020/12/31 12:00:00,366,2020-01-01,366,960741.20.pos.gz
960742,0742,TONAKI,渡名喜,GSI,26.3729318,127.1436528,44.1942,-3452694.8072,4558058.5600,2816158.2352,ITRF2020,GRS80,Bernese,IGS,F5.1(GPS),00,2020-01,2020/01/01 12:00:00,2020/12/31 12:00:00,366,2020-01-01,366,960742.20.pos.gz
960743,0743,GUSHIKAWA,具志川,GSI,26.3478263,126.7391500,44.3681,-3421168.4323,4583310.3189,2813665.9951,ITRF2020,GRS80,Bernese,IGS,F5.1(GPS),00,2020-01,2020/01/01 12:00:00,2020/12/31 12:00:00,366,2020-01-01,358,960743.20.pos.gz
960744,0744,TOKASHIKI,渡嘉敷,GSI,26.1787897,127.3452562,150.1307,-3474545.5483,4553527.2024,2796917.9149,ITRF2020,GRS80,Bernese,IGS,F5.1(GPS),00,2020-01,2020/01/01 12:00:00,2020/12/31 12:00:00,366,2020-01-01,366,960744.20.pos.gz
960745,0745,CHINEN,知念,GSI,26.1686042,127.8261861,97.1016,-3512920.2207,4524558.0427,2795881.7503,ITRF2020,GRS80,Bernese,IGS,F5.1(GPS),00,2020-01,2020/01/01 12:00:00,2020/12/31 12:00:00,366,2020-01-01,366,960745.20.pos.gz
960746,0746,KITADAITOU,北大東,GSI,25.9537316,131.2906642,72.5407,-3786804.7931,4311846.1911,2774485.5962,ITRF2020,GRS80,Bernese,IGS,F5.1(GPS),00,2020-01,2020/01/01 12:00:00,2020/12/31 12:00:00,366,2020-01-01,366,960746.20.pos.gz
960747,0747,IRABU,伊良部,GSI,24.8279532,125.1709827,46.5337,-3336347.3273,4734662.6892,2661809.6070,ITRF2020,GRS80,Bernese,IGS,F5.1(GPS),00,2020-01,2020/01/01 12:00:00,2020/12/31 12:00:00,366,2020-01-01,348,960747.20.pos.gz
960748,0748,TARAMA,多良間,GSI,24.6416097,124.6924431,42.3290,-3301600.6435,4769460.7995,2643060.3810,ITRF2020,GRS80,Bernese,IGS,F5.1(GPS),00,2020-01,2020/01/01 12:00:00,2020/12/31 12:00:00,366,2020-01-01,365,960748.20.pos.gz
960749,0749,ISHIGAKI1,石垣１,GSI,24.5366191,124.3012913,42.8646,-3271690.7469,4795887.0847,2632485.6780,ITRF2020,GRS80,Bernese,IGS,F5.1(GPS),00,2020-01,2020/01/01 12:00:00,2020/12/31 12:00:00,366,2020-01-01,365,960749.20.pos.gz
960750,0750,ISHIGAKI2,石垣２,GSI,24.3388719,124.1726518,46.7726,-3266006.6466,4810720.5739,2612546.0722,ITRF2020,GRS80,Bernese,IGS,F5.1(GPS),00,2020-01,2020/01/01 12:00:00,2020/12/31 12:00:00,366,2020-01-01,366,960750.20.pos.gz
960751,0751,HATERUMAJIMA,波照間島,GSI,24.0614938,123.7958505,62.4048,-3241312.1519,4842572.9114,2584529.5086,ITRF2020,GRS80,Bernese,IGS,F5.1(GPS),00,2020-01,2020/01/01 12:00:00,2020/12/31 12:00:00,366,2020-01-01,366,960751.20.pos.gz
960752,0752,GUNMAAKAGI,赤城,GSI,36.5392589,139.0567455,513.4894,-3875755.8947,3362409.8372,3776741.3884,ITRF2020,GRS80,Bernese,IGS,F5.1(GPS),00,2020-01,2020/01/01 12:00:00,2020/12/31 12:00:00,366,2020-01-01,365,960752.20.pos.gz
960753,0753,TOKIGAWA,都幾川,GSI,36.0037352,139.2693360,149.5035,-3914624.6239,3370755.1010,3728614.8523,ITRF2020,GRS80,Bernese,IGS,F5.1(GPS),00,2020-01,2020/01/01 12:00:00,2020/12/31 12:00:00,366,2020-01-01,363,960753.20.pos.gz
960754,0754,NAGURI,名栗,GSI,35.8840486,139.1822047,288.9243,-3915479.1977,3381873.7267,3717944.7869,ITRF2020,GRS80,Bernese,IGS,F5.1(GPS),00,2020-01,2020/01/01 12:00:00,2020/12/31 12:00:00,366,2020-01-01,362,960754.20.pos.gz
960755,0755,IRUMA,入間,GSI,35.8008021,139.3659765,182.2832,-3930345.2090,3372763.8234,3710394.5126,ITRF2020,GRS80,Bernese,IGS,F5.1(GPS),00,2020-01,2020/01/01 12:00:00,2020/12/31 12:00:00,366,2020-01-01,366,960755.20.pos.gz
960758,0758,HACHIOUJI,八王子,GSI,35.6164283,139.3699027,187.0442,-3939641.1019,3380272.2113,3693785.8673,ITRF2020,GRS80,Bernese,IGS,F5.1(GPS),00,2020-01,2020/01/01 12:00:00,2020/12/31 12:00:00,366,2020-01-01,366,960758.20.pos.gz
960759,0759,MIURA2,三浦２,GSI,35.1608676,139.6138451,68.4091,-3976219.2454,3382371.4093,3652511.3050,ITRF2020,GRS80,Bernese,IGS,F5.1(GPS),00,2020-01,2020/01/01 12:00:00,2020/12/31 12:00:00,366,2020-01-01,365,960759.20.pos.gz
960760,0760,UJI,宇治,GSI,34.8820303,135.7898503,99.4403,-3754533.7200,3652418.7882,3627195.4066,ITRF2020,GRS80,Bernese,IGS,F5.1(GPS),00,2020-01,2020/01/01 12:00:00,2020/12/31 12:00:00,366,2020-01-01,366,960760.20.pos.gz
960761,0761,YAO,八尾,GSI,34.6210523,135.6188240,54.6375,-3755383.2735,3675126.8129,3603381.8338,ITRF2020,GRS80,Bernese,IGS,F5.1(GPS),00,2020-01,2020/01/01 12:00:00,2020/12/31 12:00:00,366,2020-01-01,366,960761.20.pos.gz
960762,0762,HIMEJI,姫路,GSI,34.8641206,134.6596676,68.4885,-3682543.1893,3726553.1497,3625547.6184,ITRF2020,GRS80,Bernese,IGS,F5.1(GPS),00,2020-01,2020/01/01 12:00:00,2020/12/31 12:00:00,366,2020-01-01,366,960762.20.pos.gz
960763,0763,IKOMA,生駒,GSI,34.6983345,135.7060309,198.6580,-3757567.5614,3666084.5036,3610515.7609,ITRF2020,GRS80,Bernese,IGS,F5.1(GPS),00,2020-01,2020/01/01 12:00:00,2020/12/31 12:00:00,366,2020-01-01,366,960763.20.pos.gz
960764,0764,TENRI,天理,GSI,34.5739990,135.8198650,96.1755,-3770405.5802,3664016.6174,3599108.6566,ITRF2020,GRS80,Bernese,IGS,F5.1(GPS),00,2020-01,2020/01/01 12:00:00,2020/12/31 12:00:00,366,2020-01-01,366,960764.20.pos.gz
960765,0765,WAKE,和気,GSI,34.8095676,134.1757945,71.8576,-3653351.9397,3760001.1170,3620582.1313,ITRF2020,GRS80,Bernese,IGS,F5.1(GPS),00,2020-01,2020/01/01 12:00:00,2020/12/31 12:00:00,366,2020-01-01,366,960765.20.pos.gz
960766,0766,KURASHIKI2,倉敷２,GSI,34.5791465,133.7570193,43.6131,-3635819.3594,3797095.0958,3599548.9937,ITRF2020,GRS80,Bernese,IGS,F5.1(GPS),00,2020-01,2020/01/01 12:00:00,2020/12/31 12:00:00,366,2020-01-01,365,960766.20.pos.gz
960767,0767,HIROSIMAFUKUYAMA,広島福山,GSI,34.4504396,133.2881201,172.5687,-3610243.1551,3832688.8349,3587857.3432,ITRF2020,GRS80,Bernese,IGS,F5.1(GPS),00,2020-01,2020/01/01 12:00:00,2020/12/31 12:00:00,366,2020-01-01,362,960767.20.pos.gz
960768,0768,AKITSU,安芸津,GSI,34.3348742,132.8202220,183.8988,-3583752.4023,3867361.6855,3577284.8899,ITRF2020,GRS80,Bernese,IGS,F5.1(GPS),00,2020-01,2020/01/01 12:00:00,2020/12/31 12:00:00,366,2020-01-01,366,960768.20.pos.gz
960769,0769,WAKI,和木,GSI,34.1911798,132.2191397,174.1692,-3549008.8962,3911384.9551,3564105.5686,ITRF2020,GRS80,Bernese,IGS,F5.1(GPS),00,2020-01,2020/01/01 12:00:00,2020/12/31 12:00:00,366,2020-01-01,366,960769.20.pos.gz
960770,0770,KITAHATA,北波多,GSI,33.3721804,129.9548602,48.6343,-3424074.2056,4087187.8560,3488530.5282,ITRF2020,GRS80,Bernese,IGS,F5.1(GPS),00,2020-01,2020/01/01 12:00:00,2020/12/31 12:00:00,366,2020-01-01,366,960770.20.pos.gz
960771,0771,NAKABARU,中原,GSI,33.3464864,130.4445189,61.7636,-3459902.1733,4058977.2097,3486157.5039,ITRF2020,GRS80,Bernese,IGS,F5.1(GPS),00,2020-01,2020/01/01 12:00:00,2020/12/31 12:00:00,366,2020-01-01,365,960771.20.pos.gz
960772,0772,OOMURA,大村,GSI,32.9455855,129.9896892,362.1606,-3443357.8697,4105134.1710,3449092.8461,ITRF2020,GRS80,Bernese,IGS,F5.1(GPS),00,2020-01,2020/01/01 12:00:00,2020/12/31 12:00:00,366,2020-01-01,366,960772.20.pos.gz
960773,0773,OOYANO,大矢野,GSI,32.5816726,130.4304495,50.7980,-3488830.2068,4094950.4333,3414985.8094,ITRF2020,GRS80,Bernese,IGS,F5.1(GPS),00,2020-01,2020/01/01 12:00:00,2020/12/31 12:00:00,366,2020-01-01,366,960773.20.pos.gz
960774,0774,REIHOKU,苓北,GSI,32.5245322,130.0851903,60.2586,-3466291.9185,4118514.1366,3409649.7200,ITRF2020,GRS80,Bernese,IGS,F5.1(GPS),00,2020-01,2020/01/01 12:00:00,2020/12/31 12:00:00,366,2020-01-01,366,960774.20.pos.gz
960775,0775,KUMAMOTOSUMOTO,栖本,GSI,32.4262721,130.3236369,621.3660,-3487494.3647,4108874.6943,3400757.9176,ITRF2020,GRS80,Bernese,IGS,F5.1(GPS),00,2020-01,2020/01/01 12:00:00,2020/12/31 12:00:00,366,2020-01-01,366,960775.20.pos.gz
960776,0776,KAGOSIMAKORIYAMA,鹿児島郡山,GSI,31.6750995,130.4694551,204.7228,-3526401.9650,4133346.1687,3329932.9694,ITRF2020,GRS80,Bernese,IGS,F5.1(GPS),00,2020-01,2020/01/02 12:00:00,2020/12/31 12:00:00,365,2020-01-02,160,960776.20.pos.gz
960777,0777,KASASA,笠沙,GSI,31.4158897,130.1357663,41.8399,-3511873.0829,4165203.4087,3305353.5921,ITRF2020,GRS80,Bernese,IGS,F5.1(GPS),00,2020-01,2020/01/01 12:00:00,2020/12/31 12:00:00,366,2020-01-01,366,960777.20.pos.gz
96S006,S006,S-FUJINOMIYA1,Ｓ富士宮１,OTHER_S,35.2706545,138.6276820,368.7086,-3912329.5271,3445824.4986,3662635.9144,ITRF2020,GRS80,Bernese,IGS,F5.1(GPS),00,2020-01,2020/01/01 12:00:00,2020/12/31 12:00:00,366,2020-01-01,366,96S006.20.pos.gz
96S007,S007,S-FUJINOMIYA2,Ｓ富士宮２,OTHER_S,35.3196864,138.5886361,565.3673,-3907743.2950,3446516.8484,3667189.8340,ITRF2020,GRS80,Bernese,IGS,F5.1(GPS),00,2020-01,2020/01/01 12:00:00,2020/12/31 12:00:00,366,2020-01-01,366,96S007.20.pos.gz
970778,0778,WAKKANAI2,稚内２,GSI,45.2197664,141.5982316,47.0235,-3526785.7699,2795473.1905,4504618.6439,ITRF2020,GRS80,Bernese,IGS,F5.1(GPS),00,2020-01,2020/01/01 12:00:00,2020/12/31 12:00:00,366,2020-01-01,366,970778.20.pos.gz
970779,0779,HAMATONBETSU,浜頓別,GSI,45.1267734,142.3518412,46.4619,-3569051.7607,2753321.9745,4497332.5256,ITRF2020,GRS80,Bernese,IGS,F5.1(GPS),00,2020-01,2020/01/01 12:00:00,2020/12/31 12:00:00,366,2020-01-01,366,970779.20.pos.gz
970780,0780,ESASHI2,枝幸２,GSI,44.7801702,142.7179168,45.5012,-3608223.4861,2746946.9990,4470073.0233,ITRF2020,GRS80,Bernese,IGS,F5.1(GPS),00,2020-01,2020/01/01 12:00:00,2020/12/31 12:00:00,366,2020-01-01,366,970780.20.pos.gz
970781,0781,ENBETSU,遠別,GSI,44.6399250,141.7939184,37.3202,-3572067.8254,2811554.1956,4458991.3833,ITRF2020,GRS80,Bernese,IGS,F5.1(GPS),00,2020-01,2020/01/01 12:00:00,2020/12/31 12:00:00,366,2020-01-01,365,970781.20.pos.gz
970782,0782,HOROKANAI2,幌加内２,GSI,44.3651263,142.2645303,322.9839,-3612129.2973,2795344.3891,4437412.0054,ITRF2020,GRS80,Bernese,IGS,F5.1(GPS),00,2020-01,2020/01/01 12:00:00,2020/12/31 12:00:00,366,2020-01-01,366,970782.20.pos.gz
970783,0783,OBIRA,小平,GSI,44.1487519,141.6646004,82.0701,-3595688.8753,2843312.8844,4420023.3784,ITRF2020,GRS80,Bernese,IGS,F5.1(GPS),00,2020-01,2020/01/01 12:00:00,2020/12/31 12:00:00,366,2020-01-01,366,970783.20.pos.gz
970784,0784,HOKKAIKIYOSATO,北海道清里,GSI,43.7227793,144.5064081,163.3976,-3759020.3224,2680648.8725,4385995.8634,ITRF2020,GRS80,Bernese,IGS,F5.1(GPS),00,2020-01,2020/01/01 12:00:00,2020/12/31 12:00:00,366,2020-01-01,366,970784.20.pos.gz
970785,0785,HAMAMASU,浜益,GSI,43.6243275,141.3705855,52.9689,-3612590.5668,2886930.9264,4378007.7627,ITRF2020,GRS80,Bernese,IGS,F5.1(GPS),00,2020-01,2020/01/01 12:00:00,2020/12/31 12:00:00,366,2020-01-01,365,970785.20.pos.gz
970787,0787,KAMIFURANO,上富良野,GSI,43.4316324,142.6430601,1049.5729,-3688105.2797,2815379.9354,4363170.4419,ITRF2020,GRS80,Bernese,IGS,F5.1(GPS),00,2020-01,2020/01/01 12:00:00,2020/12/31 12:00:00,366,2020-01-01,366,970787.20.pos.gz
970788,0788,SHIRANUKA,白糠,GSI,43.1016913,143.9019852,163.8365,-3768851.6300,2748093.8655,4335869.1633,ITRF2020,GRS80,Bernese,IGS,F5.1(GPS),00,2020-01,2020/01/01 12:00:00,2020/12/31 12:00:00,366,2020-01-01,366,970788.20.pos.gz
970789,0789,HOKKAIDOUSHIMIZU,北海道清水,GSI,43.0136510,142.8700584,218.0576,-3724104.0737,2819578.2986,4328759.5093,ITRF2020,GRS80,Bernese,IGS,F5.1(GPS),00,2020-01,2020/01/01 12:00:00,2020/12/31 12:00:00,366,2020-01-01,366,970789.20.pos.gz
970790,0790,YUUBARI,夕張,GSI,42.9337707,142.0846004,233.1783,-3689883.4088,2874088.9688,4322276.7148,ITRF2020,GRS80,Bernese,IGS,F5.1(GPS),00,2020-01,2020/01/01 12:00:00,2020/12/31 12:00:00,366,2020-01-01,366,970790.20.pos.gz
970791,0791,TOYOKORO,豊頃,GSI,42.8065079,143.4949709,80.6820,-3767147.5331,2788054.2765,4311811.2662,ITRF2020,GRS80,Bernese,IGS,F5.1(GPS),00,2020-01,2020/01/01 12:00:00,2020/12/31 12:00:00,366,2020-01-01,366,970791.20.pos.gz
970792,0792,NOBORIBETSU,登別,GSI,42.4205449,141.0810602,51.8891,-3668945.5923,2962468.8780,4280238.3525,ITRF2020,GRS80,Bernese,IGS,F5.1(GPS),00,2020-01,2020/01/01 12:00:00,2020/12/31 12:00:00,366,2020-01-01,365,970792.20.pos.gz
970793,0793,TAIKI2,大樹２,GSI,42.4864105,143.1519727,391.5386,-3769850.5811,2825140.1634,4285866.0934,ITRF2020,GRS80,Bernese,IGS,F5.1(GPS),00,2020-01,2020/01/01 12:00:00,2020/12/31 12:00:00,366,2020-01-01,355,970793.20.pos.gz
970794,0794,ASSABU,厚沢部,GSI,41.9348496,140.3712382,156.6048,-3659922.9021,3030847.4362,4240328.0234,ITRF2020,GRS80,Bernese,IGS,F5.1(GPS),00,2020-01,2020/01/01 12:00:00,2020/12/31 12:00:00,366,2020-01-01,366,970794.20.pos.gz
970795,0795,TAMAYAMA2,玉山２,GSI,39.8490024,141.4526177,683.7718,-3835378.5634,3055979.8800,4065566.2228,ITRF2020,GRS80,Bernese,IGS,F5.1(GPS),00,2020-01,2020/01/01 12:00:00,2020/12/31 12:00:00,366,2020-01-01,365,970795.20.pos.gz
970796,0796,ISAWA,胆沢,GSI,39.1269918,140.9884962,227.9423,-3849836.6073,3118816.2637,4003407.3852,ITRF2020,GRS80,Bernese,IGS,F5.1(GPS),00,2020-01,2020/01/01 12:00:00,2020/12/31 12:00:00,366,2020-01-01,366,970796.20.pos.gz
970797,0797,SHIROISHI,白石,GSI,37.9844012,140.6456791,105.9024,-3892161.1053,3191863.8949,3904144.6321,ITRF2020,GRS80,Bernese,IGS,F5.1(GPS),00,2020-01,2020/01/01 12:00:00,2020/12/31 12:00:00,366,2020-01-01,366,970797.20.pos.gz
970798,0798,KAZUNO2,鹿角２,GSI,40.0449633,140.8229265,461.4099,-3790598.8183,3089012.0819,4082105.6595,ITRF2020,GRS80,Bernese,IGS,F5.1(GPS),00,2020-01,2020/01/01 12:00:00,2020/12/31 12:00:00,366,2020-01-01,366,970798.20.pos.gz
970799,0799,NISHIKAWA,西川,GSI,38.4343362,140.0946633,288.0044,-3837697.3005,3209420.4117,3943501.3713,ITRF2020,GRS80,Bernese,IGS,F5.1(GPS),00,2020-01,2020/01/01 12:00:00,2020/12/31 12:00:00,366,2020-01-01,365,970799.20.pos.gz
970800,0800,IWAKI2,いわき２,GSI,37.0184435,140.8416784,71.3631,-3953644.0818,3219727.2742,3819070.5937,ITRF2020,GRS80,Bernese,IGS,F5.1(GPS),00,2020-01,2020/01/01 12:00:00,2020/12/31 12:00:00,366,2020-01-01,365,970800.20.pos.gz
970801,0801,HINOEMATA,檜枝岐,GSI,37.0369338,139.4022493,960.0939,-3871116.8580,3317684.8309,3821244.1386,ITRF2020,GRS80,Bernese,IGS,F5.1(GPS),00,2020-01,2020/01/01 12:00:00,2020/12/31 12:00:00,366,2020-01-01,366,970801.20.pos.gz
970802,0802,MINAKAMI,水上,GSI,36.7780609,138.9448292,665.3960,-3857340.5965,3359661.5000,3798092.6367,ITRF2020,GRS80,Bernese,IGS,F5.1(GPS),00,2020-01,2020/01/01 12:00:00,2020/12/31 12:00:00,366,2020-01-01,366,970802.20.pos.gz
970803,0803,YAMANOBE,山辺,GSI,38.2889763,140.1999500,405.7724,-3851353.4185,3208832.3847,3930921.8316,ITRF2020,GRS80,Bernese,IGS,F5.1(GPS),00,2020-01,2020/01/01 12:00:00,2020/12/31 12:00:00,366,2020-01-01,366,970803.20.pos.gz
970804,0804,YOKOHAMAIZUMI,横浜泉,GSI,35.4192688,139.5219274,89.5079,-3958202.6833,3378005.4961,3675924.1232,ITRF2020,GRS80,Bernese,IGS,F5.1(GPS),00,2020-01,2020/01/01 12:00:00,2020/12/31 12:00:00,366,2020-01-01,364,970804.20.pos.gz
970806,0806,NIIGATAMAKI,新潟巻,GSI,37.7769883,138.8804580,47.8361,-3802606.3230,3319509.5594,3885938.0003,ITRF2020,GRS80,Bernese,IGS,F5.1(GPS),00,2020-01,2020/01/01 12:00:00,2020/12/31 12:00:00,366,2020-01-01,365,970806.20.pos.gz
970807,0807,NIIGATAMISHIMA,新潟三島,GSI,37.4986550,138.7795554,100.7207,-3810975.8905,3338659.9650,3861506.9843,ITRF2020,GRS80,Bernese,IGS,F5.1(GPS),00,2020-01,2020/01/01 12:00:00,2020/12/31 12:00:00,366,2020-01-01,366,970807.20.pos.gz
970809,0809,NIRASAKI,韮崎,GSI,35.6736933,138.4568237,413.6493,-3882640.7153,3440289.8141,3699081.4491,ITRF2020,GRS80,Bernese,IGS,F5.1(GPS),00,2020-01,2020/01/01 12:00:00,2020/12/31 12:00:00,366,2020-01-01,365,970809.20.pos.gz
970810,0810,NIIGATASAKAE,新潟栄,GSI,37.5897353,138.9202951,56.3668,-3814495.3985,3325217.7624,3869495.1573,ITRF2020,GRS80,Bernese,IGS,F5.1(GPS),00,2020-01,2020/01/01 12:00:00,2020/12/31 12:00:00,366,2020-01-01,365,970810.20.pos.gz
970811,0811,SAKASHITA,坂下,GSI,35.5750921,137.5287839,389.0061,-3831096.0413,3507013.6680,3690173.9232,ITRF2020,GRS80,Bernese,IGS,F5.1(GPS),00,2020-01,2020/01/01 12:00:00,2020/12/31 12:00:00,366,2020-01-01,366,970811.20.pos.gz
970812,0812,SEKIGAHARA,関ヶ原,GSI,35.3597303,136.4703084,158.5412,-3775574.0918,3586606.3775,3670578.8383,ITRF2020,GRS80,Bernese,IGS,F5.1(GPS),00,2020-01,2020/01/01 12:00:00,2020/12/31 12:00:00,366,2020-01-01,365,970812.20.pos.gz
970813,0813,KANNAMI,函南,GSI,35.1141665,138.9738698,197.7668,-3940521.4863,3428599.4228,3648348.6524,ITRF2020,GRS80,Bernese,IGS,F5.1(GPS),00,2020-01,2020/01/01 12:00:00,2020/12/31 12:00:00,366,2020-01-01,366,970813.20.pos.gz
970814,0814,SHIMODA2,下田２,GSI,34.7194741,138.8764724,172.6203,-3953552.2590,3451763.4060,3612428.8107,ITRF2020,GRS80,Bernese,IGS,F5.1(GPS),00,2020-01,2020/01/01 12:00:00,2020/12/31 12:00:00,366,2020-01-01,363,970814.20.pos.gz
970815,0815,KANBARA,蒲原,GSI,35.1171524,138.6099760,54.2632,-3918435.6010,3453353.3264,3648537.0788,ITRF2020,GRS80,Bernese,IGS,F5.1(GPS),00,2020-01,2020/01/01 12:00:00,2020/12/31 12:00:00,366,2020-01-01,364,970815.20.pos.gz
970817,0817,SHIZUOKAMINEYAMA,静岡峰山,GSI,35.0669734,138.2099857,701.7839,-3897013.3168,3483110.0882,3644353.9997,ITRF2020,GRS80,Bernese,IGS,F5.1(GPS),00,2020-01,2020/01/01 12:00:00,2020/12/31 12:00:00,366,2020-01-01,364,970817.20.pos.gz
970818,0818,NAKAKAWANE,中川根,GSI,35.0448835,138.0816866,274.8631,-3889991.4644,3492534.6918,3642102.5221,ITRF2020,GRS80,Bernese,IGS,F5.1(GPS),00,2020-01,2020/01/01 12:00:00,2020/12/31 12:00:00,366,2020-01-01,364,970818.20.pos.gz
970819,0819,SHIZUOKAMORI2,静岡森２,GSI,34.9020509,137.9468123,168.1511,-3888438.7617,3507707.5325,3629056.5303,ITRF2020,GRS80,Bernese,IGS,F5.1(GPS),00,2020-01,2020/01/01 12:00:00,2020/12/31 12:00:00,366,2020-01-01,360,970819.20.pos.gz
970820,0820,SHIMADA,島田,GSI,34.8494133,138.1767468,106.7143,-3904935.0032,3494267.5962,3624230.5868,ITRF2020,GRS80,Bernese,IGS,F5.1(GPS),00,2020-01,2020/01/01 12:00:00,2020/12/31 12:00:00,366,2020-01-01,366,970820.20.pos.gz
970821,0821,HAMAMATSUISAJI,浜松伊左地,GSI,34.7520415,137.6807787,86.7267,-3879088.1280,3532078.1478,3615348.9598,ITRF2020,GRS80,Bernese,IGS,F5.1(GPS),00,2020-01,2020/01/01 12:00:00,2020/12/31 12:00:00,366,2020-01-01,366,970821.20.pos.gz
970822,0822,AICHIICHINOMIYA2,愛知一宮２,GSI,35.3008369,136.7888269,50.2777,-3798143.9128,3568088.6119,3665185.4718,ITRF2020,GRS80,Bernese,IGS,F5.1(GPS),00,2020-01,2020/01/01 12:00:00,2020/12/31 12:00:00,366,2020-01-01,365,970822.20.pos.gz
970823,0823,OOYA,大屋,GSI,35.2833431,134.5882134,720.7483,-3659504.9186,3712488.5876,3663988.5668,ITRF2020,GRS80,Bernese,IGS,F5.1(GPS),00,2020-01,2020/01/01 12:00:00,2020/12/31 12:00:00,366,2020-01-01,366,970823.20.pos.gz
970824,0824,OODAIGAHARA,大台ヶ原,GSI,34.1799522,136.0969912,1619.9245,-3806774.8726,3663726.3651,3563887.5047,ITRF2020,GRS80,Bernese,IGS,F5.1(GPS),00,2020-01,2020/01/02 12:00:00,2020/12/25 12:00:00,359,2020-01-02,61,970824.20.pos.gz
970825,0825,TOTSUKAWA,十津川,GSI,33.9694814,135.7351811,246.4346,-3792117.2283,3696029.0656,3543777.3056,ITRF2020,GRS80,Bernese,IGS,F5.1(GPS),00,2020-01,2020/01/01 12:00:00,2020/12/31 12:00:00,366,2020-01-01,366,970825.20.pos.gz
970826,0826,KOZAGAWA,古座川,GSI,33.6371710,135.7087902,201.5257,-3805066.7730,3712069.6132,3513122.8200,ITRF2020,GRS80,Bernese,IGS,F5.1(GPS),00,2020-01,2020/01/01 12:00:00,2020/12/31 12:00:00,366,2020-01-01,366,970826.20.pos.gz
970827,0827,HIKETA,引田,GSI,34.2177974,134.3934322,45.9495,-3693614.2014,3772659.6486,3566475.4270,ITRF2020,GRS80,Bernese,IGS,F5.1(GPS),00,2020-01,2020/01/01 12:00:00,2020/12/31 12:00:00,366,2020-01-01,366,970827.20.pos.gz
970828,0828,EHIMEMISAKI,愛媛三崎,GSI,33.3679679,132.0460953,89.3439,-3571133.5178,3959734.5030,3488162.7219,ITRF2020,GRS80,Bernese,IGS,F5.1(GPS),00,2020-01,2020/01/01 12:00:00,2020/12/31 12:00:00,366,2020-01-01,366,970828.20.pos.gz
970829,0829,UWA,宇和,GSI,33.3843727,132.4753475,253.4139,-3600115.3920,3932231.9463,3489772.4279,ITRF2020,GRS80,Bernese,IGS,F5.1(GPS),00,2020-01,2020/01/01 12:00:00,2020/12/31 12:00:00,366,2020-01-01,366,970829.20.pos.gz
970830,0830,GOHOKU,吾北,GSI,33.7042847,133.3626427,769.2729,-3647408.3008,3862067.0865,3519633.2501,ITRF2020,GRS80,Bernese,IGS,F5.1(GPS),00,2020-01,2020/01/01 12:00:00,2020/12/31 12:00:00,366,2020-01-01,366,970830.20.pos.gz
970831,0831,FUKUOKATAKATA,福岡高田,GSI,33.0973529,130.4649958,50.2874,-3471171.1050,4069250.6655,3463036.1930,ITRF2020,GRS80,Bernese,IGS,F5.1(GPS),00,2020-01,2020/01/01 12:00:00,2020/12/31 12:00:00,366,2020-01-01,366,970831.20.pos.gz
970832,0832,SOTOME,外海,GSI,32.8396098,129.7207162,145.2608,-3428011.1647,4126023.0326,3439105.8084,ITRF2020,GRS80,Bernese,IGS,F5.1(GPS),00,2020-01,2020/01/01 12:00:00,2020/12/31 12:00:00,366,2020-01-01,366,970832.20.pos.gz
970833,0833,OOITAKOKONOE,大分九重,GSI,33.1278427,131.2068000,976.1605,-3522856.8514,4023163.4378,3466374.5635,ITRF2020,GRS80,Bernese,IGS,F5.1(GPS),00,2020-01,2020/01/01 12:00:00,2020/12/31 12:00:00,366,2020-01-01,366,970833.20.pos.gz
970834,0834,KAGOSHIMAIZUMI,出水,GSI,32.0984325,130.3606636,190.8516,-3502481.2268,4121130.6304,3369784.2777,ITRF2020,GRS80,Bernese,IGS,F5.1(GPS),00,2020-01,2020/01/01 12:00:00,2020/12/31 12:00:00,366,2020-01-01,366,970834.20.pos.gz
970835,0835,KAGOSHIMASENDAI,鹿児島川内,GSI,31.9061623,130.2389786,62.6591,-3500949.4971,4137102.0611,3351635.8555,ITRF2020,GRS80,Bernese,IGS,F5.1(GPS),00,2020-01,2020/01/01 12:00:00,2020/12/31 12:00:00,366,2020-01-01,366,970835.20.pos.gz
970836,0836,HIWAKI,樋脇,GSI,31.7960184,130.4080039,68.9269,-3517320.2584,4131667.8012,3341264.8742,ITRF2020,GRS80,Bernese,IGS,F5.1(GPS),00,2020-01,2020/01/01 12:00:00,2020/12/31 12:00:00,366,2020-01-01,366,970836.20.pos.gz
970837,0837,AIRA,姶良,GSI,31.8240590,130.5995967,314.6532,-3530185.8790,4118797.2052,3344036.7078,ITRF2020,GRS80,Bernese,IGS,F5.1(GPS),00,2020-01,2020/01/02 12:00:00,2020/09/30 12:00:00,273,2020-01-02,58,970837.20.pos.gz
98H004,H004,H-JITOUGATA1,Ｈ地頭方１,OTHER_H,34.6317066,138.1896034,56.0725,-3915946.4046,3502538.9962,3604355.2322,ITRF2020,GRS80,Bernese,IGS,F5.1(GPS),00,2020-01,2020/01/01 12:00:00,2020/12/31 12:00:00,366,2020-01-01,364,98H004.20.pos.gz
98H007,H007,H-HIKI1,Ｈ比木１,OTHER_H,34.6551004,138.1661785,67.7712,-3913422.0559,3503162.1500,3606496.9679,ITRF2020,GRS80,Bernese,IGS,F5.1(GPS),00,2020-01,2020/01/01 12:00:00,2020/12/31 12:00:00,366,2020-01-01,366,98H007.20.pos.gz
98H010,H010,H-SHIMOASAHINA2,Ｈ下朝比奈２,OTHER_H,34.6699433,138.1358192,91.0412,-3910882.1072,3504623.0543,3607864.5594,ITRF2020,GRS80,Bernese,IGS,F5.1(GPS),00,2020-01,2020/01/01 12:00:00,2020/12/31 12:00:00,366,2020-01-01,366,98H010.20.pos.gz
98H016,H016,H-SHIMOHIRAKAWA2,Ｈ下平川２,OTHER_H,34.7048302,138.0860518,49.9972,-3906172.3729,3506524.8739,3611023.5609,ITRF2020,GRS80,Bernese,IGS,F5.1(GPS),00,2020-01,2020/01/01 12:00:00,2020/12/31 12:00:00,366,2020-01-01,366,98H016.20.pos.gz
98H023,H023,H-SHIMOITAZAWA,Ｈ下板沢,OTHER_H,34.7527265,138.0379684,99.8080,-3901007.8445,3507805.1250,3615418.8551,ITRF2020,GRS80,Bernese,IGS,F5.1(GPS),00,2020-01,2020/01/01 12:00:00,2020/12/31 12:00:00,366,2020-01-01,366,98H023.20.pos.gz
98H025,H025,H-HOSOYA,Ｈ細谷,OTHER_H,34.7896492,137.9693261,83.6081,-3895057.5186,3510903.2067,3618774.3261,ITRF2020,GRS80,Bernese,IGS,F5.1(GPS),00,2020-01,2020/01/01 12:00:00,2020/12/31 12:00:00,366,2020-01-01,366,98H025.20.pos.gz
990838,0838,MINAMIIZU1,南伊豆１Ａ,GSI,34.6902546,138.7627904,103.3283,-3948040.7564,3460779.9613,3609724.5007,ITRF2020,GRS80,Bernese,IGS,F5.1(GPS),00,2020-01,2020/01/01 12:00:00,2020/12/31 12:00:00,366,2020-01-01,366,990838.20.pos.gz
990840,0840,YAIZU1,焼津Ａ,GSI,34.8361655,138.3312195,46.4391,-3914931.8292,3484252.3308,3622989.9373,ITRF2020,GRS80,Bernese,IGS,F5.1(GPS),00,2020-01,2020/01/01 12:00:00,2020/12/31 12:00:00,366,2020-01-01,366,990840.20.pos.gz
99R004,R004,R-IKUSAKA2,Ｒ生坂２,OTHER_R,36.4600979,137.9638585,520.1410,-3814803.6170,3439224.2930,3769683.3689,ITRF2020,GRS80,Bernese,IGS,F5.1(GPS),00,2020-01,2020/01/01 12:00:00,2020/12/31 12:00:00,366,2020-01-01,364,99R004.20.pos.gz
99R006,R006,R-OMI,Ｒ麻績,OTHER_R,36.4591344,138.0524357,678.1243,-3820257.7327,3433450.0486,3769691.2537,ITRF2020,GRS80,Bernese,IGS,F5.1(GPS),00,2020-01,2020/01/01 12:00:00,2020/12/31 12:00:00,366,2020-01-01,366,99R006.20.pos.gz
