{
  "pos_rates": [
    {
      "band": "deep",
      "n": 138774.0,
      "pos": 746.0,
      "rate": 0.005375646734979274
    },
    {
      "band": "intermediate",
      "n": 138774.0,
      "pos": 1238.0,
      "rate": 0.008920979434187874
    },
    {
      "band": "shallow",
      "n": 138774.0,
      "pos": 5821.0,
      "rate": 0.04194589764653325
    }
  ],
  "depth_correlations": {
    "kp_shallow": 0.0038242617708932674,
    "kp_inter": -0.0035567836283097007,
    "kp_deep": -0.0007589049325794015,
    "bz_shallow": -0.0046668684823078285,
    "bz_inter": 0.0032992848097618582,
    "bz_deep": -0.004546939315676462,
    "spd_shallow": 0.00443192088147077,
    "spd_inter": -0.003446606717971548,
    "spd_deep": -2.8478579725600774e-05,
    "tec_mean_shallow": -0.0029740151897215423,
    "tec_mean_inter": 0.0037655380380246556,
    "tec_mean_deep": -0.0053505140404549985,
    "tec_anom_shallow": 0.001083628425619399,
    "tec_anom_inter": 0.006429695089690233,
    "tec_anom_deep": 0.008711468336701705,
    "n": 138774.0
  },
  "subduction_depth": {
    "tec_shallow": 0.007881520854231334,
    "tec_inter": 0.0019482682002925134,
    "tec_deep": 0.013104887439964899,
    "rate_shallow": 0.05911304661530136,
    "rate_inter": 0.01020434457700928,
    "rate_deep": 0.006364831087175003,
    "n": 38807.0
  }
}