{
  "water": {
    "observed": -0.1626589196812362,
    "perm_mean": -0.0010014183298651014,
    "perm_sd": 0.045951369689485634,
    "z_score": -3.518012682620008,
    "p_two_tailed": 0.0,
    "p_one_tailed": 1.0,
    "n_perm": 2000
  },
  "destruction": {
    "observed": -0.12576611998348236,
    "perm_mean": 0.0033348675990450423,
    "perm_sd": 0.04337864449779293,
    "z_score": -2.976141580198431,
    "p_two_tailed": 0.004,
    "p_one_tailed": 0.9985,
    "n_perm": 2000
  },
  "urgency": {
    "observed": -0.08860557427536786,
    "perm_mean": -0.004372993858874145,
    "perm_sd": 0.043067870093359856,
    "z_score": -1.9558102184737614,
    "p_two_tailed": 0.0395,
    "p_one_tailed": 0.976,
    "n_perm": 2000
  }
}