{
  "water": {
    "observed": -0.1624303382139746,
    "perm_mean": -0.0021275825689961417,
    "perm_sd": 0.07701178306289644,
    "z": -2.081535438727049,
    "p2": 0.0335,
    "p1": 0.983
  },
  "destruction": {
    "observed": -0.053619298227025505,
    "perm_mean": 0.003751169102628067,
    "perm_sd": 0.07484152053575664,
    "z": -0.7665593499298826,
    "p2": 0.477,
    "p1": 0.775
  },
  "urgency": {
    "observed": -0.2267481475174657,
    "perm_mean": -0.003439212289524609,
    "perm_sd": 0.07526315458537915,
    "z": -2.96704192719716,
    "p2": 0.0035,
    "p1": 0.9985
  }
}